path,n_cols,columns
chan_data/BTCUSDT/15m_chanK.csv,8,"timestamp, open, high, low, close, volume, orig_start, orig_end"
chan_data/BTCUSDT/1h_chanK.csv,8,"timestamp, open, high, low, close, volume, orig_start, orig_end"
chan_data/BTCUSDT/30m_chanK.csv,8,"timestamp, open, high, low, close, volume, orig_start, orig_end"
chan_data/BTCUSDT/4h_chanK.csv,8,"timestamp, open, high, low, close, volume, orig_start, orig_end"
chan_data/BTCUSDT/5m_chanK.csv,8,"timestamp, open, high, low, close, volume, orig_start, orig_end"
chan_data/ETHUSDT/15m_chanK.csv,8,"timestamp, open, high, low, close, volume, orig_start, orig_end"
chan_data/ETHUSDT/1h_chanK.csv,8,"timestamp, open, high, low, close, volume, orig_start, orig_end"
chan_data/ETHUSDT/30m_chanK.csv,8,"timestamp, open, high, low, close, volume, orig_start, orig_end"
chan_data/ETHUSDT/4h_chanK.csv,8,"timestamp, open, high, low, close, volume, orig_start, orig_end"
chan_data/ETHUSDT/5m_chanK.csv,8,"timestamp, open, high, low, close, volume, orig_start, orig_end"
chan_data/_manifest.csv,3,"rel, bytes, mtime"
chan_data/bi/BTCUSDT/15m_bi.csv,19,"bi_index, start_idx, end_idx, start_type, end_type, start_price, end_price, low, high, dir ..."
chan_data/bi/BTCUSDT/1h_bi.csv,19,"bi_index, start_idx, end_idx, start_type, end_type, start_price, end_price, low, high, dir ..."
chan_data/bi/BTCUSDT/30m_bi.csv,19,"bi_index, start_idx, end_idx, start_type, end_type, start_price, end_price, low, high, dir ..."
chan_data/bi/BTCUSDT/4h_bi.csv,19,"bi_index, start_idx, end_idx, start_type, end_type, start_price, end_price, low, high, dir ..."
chan_data/bi/BTCUSDT/5m_bi.csv,19,"bi_index, start_idx, end_idx, start_type, end_type, start_price, end_price, low, high, dir ..."
chan_data/bi/ETHUSDT/15m_bi.csv,19,"bi_index, start_idx, end_idx, start_type, end_type, start_price, end_price, low, high, dir ..."
chan_data/bi/ETHUSDT/1h_bi.csv,19,"bi_index, start_idx, end_idx, start_type, end_type, start_price, end_price, low, high, dir ..."
chan_data/bi/ETHUSDT/30m_bi.csv,19,"bi_index, start_idx, end_idx, start_type, end_type, start_price, end_price, low, high, dir ..."
chan_data/bi/ETHUSDT/4h_bi.csv,19,"bi_index, start_idx, end_idx, start_type, end_type, start_price, end_price, low, high, dir ..."
chan_data/bi/ETHUSDT/5m_bi.csv,19,"bi_index, start_idx, end_idx, start_type, end_type, start_price, end_price, low, high, dir ..."
chan_data/fractals/BTCUSDT/15m_fractals.csv,12,"idx, type, price, timestamp, strength, is_valid, center_high, center_low, left_idx, right_idx ..."
chan_data/fractals/BTCUSDT/1h_fractals.csv,12,"idx, type, price, timestamp, strength, is_valid, center_high, center_low, left_idx, right_idx ..."
chan_data/fractals/BTCUSDT/30m_fractals.csv,12,"idx, type, price, timestamp, strength, is_valid, center_high, center_low, left_idx, right_idx ..."
chan_data/fractals/BTCUSDT/4h_fractals.csv,12,"idx, type, price, timestamp, strength, is_valid, center_high, center_low, left_idx, right_idx ..."
chan_data/fractals/BTCUSDT/5m_fractals.csv,12,"idx, type, price, timestamp, strength, is_valid, center_high, center_low, left_idx, right_idx ..."
chan_data/fractals/ETHUSDT/15m_fractals.csv,12,"idx, type, price, timestamp, strength, is_valid, center_high, center_low, left_idx, right_idx ..."
chan_data/fractals/ETHUSDT/1h_fractals.csv,12,"idx, type, price, timestamp, strength, is_valid, center_high, center_low, left_idx, right_idx ..."
chan_data/fractals/ETHUSDT/30m_fractals.csv,12,"idx, type, price, timestamp, strength, is_valid, center_high, center_low, left_idx, right_idx ..."
chan_data/fractals/ETHUSDT/4h_fractals.csv,12,"idx, type, price, timestamp, strength, is_valid, center_high, center_low, left_idx, right_idx ..."
chan_data/fractals/ETHUSDT/5m_fractals.csv,12,"idx, type, price, timestamp, strength, is_valid, center_high, center_low, left_idx, right_idx ..."
chan_data/mapped/segments_fast/BTCUSDT/15m_segments_mapped.csv,23,"segment_index, direction, start_bi_index, end_bi_index, start_idx, end_idx, start_price, end_price, high, low ..."
chan_data/mapped/segments_fast/BTCUSDT/1h_segments_mapped.csv,23,"segment_index, direction, start_bi_index, end_bi_index, start_idx, end_idx, start_price, end_price, high, low ..."
chan_data/mapped/segments_fast/BTCUSDT/30m_segments_mapped.csv,23,"segment_index, direction, start_bi_index, end_bi_index, start_idx, end_idx, start_price, end_price, high, low ..."
chan_data/mapped/segments_fast/BTCUSDT/4h_segments_mapped.csv,23,"segment_index, direction, start_bi_index, end_bi_index, start_idx, end_idx, start_price, end_price, high, low ..."
chan_data/mapped/segments_fast/BTCUSDT/5m_segments_mapped.csv,23,"segment_index, direction, start_bi_index, end_bi_index, start_idx, end_idx, start_price, end_price, high, low ..."
chan_data/mapped/segments_fast/ETHUSDT/15m_segments_mapped.csv,23,"segment_index, direction, start_bi_index, end_bi_index, start_idx, end_idx, start_price, end_price, high, low ..."
chan_data/mapped/segments_fast/ETHUSDT/1h_segments_mapped.csv,23,"segment_index, direction, start_bi_index, end_bi_index, start_idx, end_idx, start_price, end_price, high, low ..."
chan_data/mapped/segments_fast/ETHUSDT/30m_segments_mapped.csv,23,"segment_index, direction, start_bi_index, end_bi_index, start_idx, end_idx, start_price, end_price, high, low ..."
chan_data/mapped/segments_fast/ETHUSDT/4h_segments_mapped.csv,23,"segment_index, direction, start_bi_index, end_bi_index, start_idx, end_idx, start_price, end_price, high, low ..."
chan_data/mapped/segments_fast/ETHUSDT/5m_segments_mapped.csv,23,"segment_index, direction, start_bi_index, end_bi_index, start_idx, end_idx, start_price, end_price, high, low ..."
chan_data/segments/fast/BTCUSDT/15m_segments.csv,21,"segment_index, direction, start_bi_index, end_bi_index, start_idx, end_idx, start_price, end_price, high, low ..."
chan_data/segments/fast/BTCUSDT/1h_segments.csv,21,"segment_index, direction, start_bi_index, end_bi_index, start_idx, end_idx, start_price, end_price, high, low ..."
chan_data/segments/fast/BTCUSDT/30m_segments.csv,21,"segment_index, direction, start_bi_index, end_bi_index, start_idx, end_idx, start_price, end_price, high, low ..."
chan_data/segments/fast/BTCUSDT/4h_segments.csv,21,"segment_index, direction, start_bi_index, end_bi_index, start_idx, end_idx, start_price, end_price, high, low ..."
chan_data/segments/fast/BTCUSDT/5m_segments.csv,21,"segment_index, direction, start_bi_index, end_bi_index, start_idx, end_idx, start_price, end_price, high, low ..."
chan_data/segments/fast/ETHUSDT/15m_segments.csv,21,"segment_index, direction, start_bi_index, end_bi_index, start_idx, end_idx, start_price, end_price, high, low ..."
chan_data/segments/fast/ETHUSDT/1h_segments.csv,21,"segment_index, direction, start_bi_index, end_bi_index, start_idx, end_idx, start_price, end_price, high, low ..."
chan_data/segments/fast/ETHUSDT/30m_segments.csv,21,"segment_index, direction, start_bi_index, end_bi_index, start_idx, end_idx, start_price, end_price, high, low ..."
chan_data/segments/fast/ETHUSDT/4h_segments.csv,21,"segment_index, direction, start_bi_index, end_bi_index, start_idx, end_idx, start_price, end_price, high, low ..."
chan_data/segments/fast/ETHUSDT/5m_segments.csv,21,"segment_index, direction, start_bi_index, end_bi_index, start_idx, end_idx, start_price, end_price, high, low ..."
chan_data/segments/slow/BTCUSDT/15m_segments.csv,21,"segment_index, direction, start_bi_index, end_bi_index, start_idx, end_idx, start_price, end_price, high, low ..."
chan_data/segments/slow/BTCUSDT/1h_segments.csv,21,"segment_index, direction, start_bi_index, end_bi_index, start_idx, end_idx, start_price, end_price, high, low ..."
chan_data/segments/slow/BTCUSDT/30m_segments.csv,21,"segment_index, direction, start_bi_index, end_bi_index, start_idx, end_idx, start_price, end_price, high, low ..."
chan_data/segments/slow/BTCUSDT/4h_segments.csv,21,"segment_index, direction, start_bi_index, end_bi_index, start_idx, end_idx, start_price, end_price, high, low ..."
chan_data/segments/slow/BTCUSDT/5m_segments.csv,21,"segment_index, direction, start_bi_index, end_bi_index, start_idx, end_idx, start_price, end_price, high, low ..."
chan_data/segments/slow/ETHUSDT/15m_segments.csv,21,"segment_index, direction, start_bi_index, end_bi_index, start_idx, end_idx, start_price, end_price, high, low ..."
chan_data/segments/slow/ETHUSDT/1h_segments.csv,21,"segment_index, direction, start_bi_index, end_bi_index, start_idx, end_idx, start_price, end_price, high, low ..."
chan_data/segments/slow/ETHUSDT/30m_segments.csv,21,"segment_index, direction, start_bi_index, end_bi_index, start_idx, end_idx, start_price, end_price, high, low ..."
chan_data/segments/slow/ETHUSDT/4h_segments.csv,21,"segment_index, direction, start_bi_index, end_bi_index, start_idx, end_idx, start_price, end_price, high, low ..."
chan_data/segments/slow/ETHUSDT/5m_segments.csv,21,"segment_index, direction, start_bi_index, end_bi_index, start_idx, end_idx, start_price, end_price, high, low ..."
chan_data/signals/alerts/BTCUSDT/alerts.csv,13,"ts, tf, side, tag, price, score_raw, resonance_n, nested_state, nested_dist, upper_tf ..."
chan_data/signals/alerts/ETHUSDT/alerts.csv,13,"ts, tf, side, tag, price, score_raw, resonance_n, nested_state, nested_dist, upper_tf ..."
chan_data/signals/backtest/BTCUSDT/trades.csv,14,"tf, side, tag, ts_signal, ts_entry, ts_exit, entry, exit, sl, tp ..."
chan_data/signals/backtest/ETHUSDT/trades.csv,14,"tf, side, tag, ts_signal, ts_entry, ts_exit, entry, exit, sl, tp ..."
chan_data/signals/backtest/_q4_compare/stats_by_symbol_tf.csv,9,"n, win_pct, avgR, avgW, avgL, maxDD_R, symbol, tf, strategy"
chan_data/signals/backtest/_q4_compare/summary_overall.csv,7,"strategy, n, win_pct, avgR, avgW, avgL, maxDD_R"
chan_data/signals/backtest/_q4_compare/trades_all.csv,9,"symbol, tf, strategy, ts_entry, ts_exit, entry, exit, r, ret_pct"
chan_data/signals/beichi/BTCUSDT/15m_beichi_all.csv,5,"ts, etype, price, score, payload"
chan_data/signals/beichi/BTCUSDT/15m_beichi_range.csv,5,"ts, etype, price, score, payload"
chan_data/signals/beichi/BTCUSDT/15m_beichi_trend.csv,5,"ts, etype, price, score, payload"
chan_data/signals/beichi/BTCUSDT/1h_beichi_all.csv,5,"ts, etype, price, score, payload"
chan_data/signals/beichi/BTCUSDT/1h_beichi_range.csv,5,"ts, etype, price, score, payload"
chan_data/signals/beichi/BTCUSDT/1h_beichi_trend.csv,5,"ts, etype, price, score, payload"
chan_data/signals/beichi/BTCUSDT/30m_beichi_all.csv,5,"ts, etype, price, score, payload"
chan_data/signals/beichi/BTCUSDT/30m_beichi_range.csv,5,"ts, etype, price, score, payload"
chan_data/signals/beichi/BTCUSDT/30m_beichi_trend.csv,5,"ts, etype, price, score, payload"
chan_data/signals/beichi/BTCUSDT/4h_beichi_all.csv,5,"ts, etype, price, score, payload"
chan_data/signals/beichi/BTCUSDT/4h_beichi_range.csv,5,"ts, etype, price, score, payload"
chan_data/signals/beichi/BTCUSDT/4h_beichi_trend.csv,5,"ts, etype, price, score, payload"
chan_data/signals/beichi/BTCUSDT/5m_beichi_all.csv,5,"ts, etype, price, score, payload"
chan_data/signals/beichi/BTCUSDT/5m_beichi_range.csv,5,"ts, etype, price, score, payload"
chan_data/signals/beichi/BTCUSDT/5m_beichi_trend.csv,5,"ts, etype, price, score, payload"
chan_data/signals/beichi/ETHUSDT/15m_beichi_all.csv,5,"ts, etype, price, score, payload"
chan_data/signals/beichi/ETHUSDT/15m_beichi_range.csv,5,"ts, etype, price, score, payload"
chan_data/signals/beichi/ETHUSDT/15m_beichi_trend.csv,5,"ts, etype, price, score, payload"
chan_data/signals/beichi/ETHUSDT/1h_beichi_all.csv,5,"ts, etype, price, score, payload"
chan_data/signals/beichi/ETHUSDT/1h_beichi_range.csv,5,"ts, etype, price, score, payload"
chan_data/signals/beichi/ETHUSDT/1h_beichi_trend.csv,5,"ts, etype, price, score, payload"
chan_data/signals/beichi/ETHUSDT/30m_beichi_all.csv,5,"ts, etype, price, score, payload"
chan_data/signals/beichi/ETHUSDT/30m_beichi_range.csv,5,"ts, etype, price, score, payload"
chan_data/signals/beichi/ETHUSDT/30m_beichi_trend.csv,5,"ts, etype, price, score, payload"
chan_data/signals/beichi/ETHUSDT/4h_beichi_all.csv,5,"ts, etype, price, score, payload"
chan_data/signals/beichi/ETHUSDT/4h_beichi_range.csv,5,"ts, etype, price, score, payload"
chan_data/signals/beichi/ETHUSDT/4h_beichi_trend.csv,5,"ts, etype, price, score, payload"
chan_data/signals/beichi/ETHUSDT/5m_beichi_all.csv,5,"ts, etype, price, score, payload"
chan_data/signals/beichi/ETHUSDT/5m_beichi_range.csv,5,"ts, etype, price, score, payload"
chan_data/signals/beichi/ETHUSDT/5m_beichi_trend.csv,5,"ts, etype, price, score, payload"
chan_data/signals/explain/BTCUSDT/15m_mmd_explain.csv,19,"ts, side, tag, price, score, ref_ts, ref_price, seg_index, seg_start, seg_end ..."
chan_data/signals/explain/pretty_windows.csv,10,"symbol, tf, center, left, right, n_mmd, n_seg, n_zs, mean_score, score"
chan_data/signals/merged/BTCUSDT/15m_merged_signals.csv,7,"ts, etype, label, direction, src, px, score"
chan_data/signals/merged/BTCUSDT/1h_merged_signals.csv,7,"ts, etype, label, direction, src, px, score"
chan_data/signals/merged/BTCUSDT/30m_merged_signals.csv,7,"ts, etype, label, direction, src, px, score"
chan_data/signals/merged/BTCUSDT/4h_merged_signals.csv,7,"ts, etype, label, direction, src, px, score"
chan_data/signals/merged/BTCUSDT/5m_merged_signals.csv,7,"ts, etype, label, direction, src, px, score"
chan_data/signals/merged/ETHUSDT/15m_merged_signals.csv,7,"ts, etype, label, direction, src, px, score"
chan_data/signals/merged/ETHUSDT/1h_merged_signals.csv,7,"ts, etype, label, direction, src, px, score"
chan_data/signals/merged/ETHUSDT/30m_merged_signals.csv,7,"ts, etype, label, direction, src, px, score"
chan_data/signals/merged/ETHUSDT/4h_merged_signals.csv,7,"ts, etype, label, direction, src, px, score"
chan_data/signals/merged/ETHUSDT/5m_merged_signals.csv,7,"ts, etype, label, direction, src, px, score"
chan_data/signals/mmd/BTCUSDT/15m_mmd123.csv,10,"ts, side, tag, price, score, etype, source, ref_ts, ref_price, zs_index"
chan_data/signals/mmd/BTCUSDT/1h_mmd123.csv,10,"ts, side, tag, price, score, etype, source, ref_ts, ref_price, zs_index"
chan_data/signals/mmd/BTCUSDT/30m_mmd123.csv,10,"ts, side, tag, price, score, etype, source, ref_ts, ref_price, zs_index"
chan_data/signals/mmd/BTCUSDT/4h_mmd123.csv,10,"ts, side, tag, price, score, etype, source, ref_ts, ref_price, zs_index"
chan_data/signals/mmd/BTCUSDT/5m_mmd123.csv,10,"ts, side, tag, price, score, etype, source, ref_ts, ref_price, zs_index"
chan_data/signals/mmd/ETHUSDT/15m_mmd123.csv,10,"ts, side, tag, price, score, etype, source, ref_ts, ref_price, zs_index"
chan_data/signals/mmd/ETHUSDT/1h_mmd123.csv,10,"ts, side, tag, price, score, etype, source, ref_ts, ref_price, zs_index"
chan_data/signals/mmd/ETHUSDT/30m_mmd123.csv,10,"ts, side, tag, price, score, etype, source, ref_ts, ref_price, zs_index"
chan_data/signals/mmd/ETHUSDT/4h_mmd123.csv,10,"ts, side, tag, price, score, etype, source, ref_ts, ref_price, zs_index"
chan_data/signals/mmd/ETHUSDT/5m_mmd123.csv,10,"ts, side, tag, price, score, etype, source, ref_ts, ref_price, zs_index"
chan_data/signals/trading/BTCUSDT/multi_tf_trading_signals.csv,13,"ts, tf, side, tag, price, score_raw, resonance_n, nested_state, nested_dist, upper_tf ..."
chan_data/signals/trading/ETHUSDT/multi_tf_trading_signals.csv,13,"ts, tf, side, tag, price, score_raw, resonance_n, nested_state, nested_dist, upper_tf ..."
chan_data/trend_practical/BTCUSDT/15m_trend.csv,19,"trend_index, type, dir, timestamp_start, timestamp_end, start_idx, end_idx, start_price, end_price, low ..."
chan_data/trend_practical/BTCUSDT/1h_trend.csv,19,"trend_index, type, dir, timestamp_start, timestamp_end, start_idx, end_idx, start_price, end_price, low ..."
chan_data/trend_practical/BTCUSDT/30m_trend.csv,19,"trend_index, type, dir, timestamp_start, timestamp_end, start_idx, end_idx, start_price, end_price, low ..."
chan_data/trend_practical/BTCUSDT/4h_trend.csv,19,"trend_index, type, dir, timestamp_start, timestamp_end, start_idx, end_idx, start_price, end_price, low ..."
chan_data/trend_practical/BTCUSDT/5m_trend.csv,19,"trend_index, type, dir, timestamp_start, timestamp_end, start_idx, end_idx, start_price, end_price, low ..."
chan_data/trend_practical/ETHUSDT/15m_trend.csv,19,"trend_index, type, dir, timestamp_start, timestamp_end, start_idx, end_idx, start_price, end_price, low ..."
chan_data/trend_practical/ETHUSDT/1h_trend.csv,19,"trend_index, type, dir, timestamp_start, timestamp_end, start_idx, end_idx, start_price, end_price, low ..."
chan_data/trend_practical/ETHUSDT/30m_trend.csv,19,"trend_index, type, dir, timestamp_start, timestamp_end, start_idx, end_idx, start_price, end_price, low ..."
chan_data/trend_practical/ETHUSDT/4h_trend.csv,19,"trend_index, type, dir, timestamp_start, timestamp_end, start_idx, end_idx, start_price, end_price, low ..."
chan_data/trend_practical/ETHUSDT/5m_trend.csv,19,"trend_index, type, dir, timestamp_start, timestamp_end, start_idx, end_idx, start_price, end_price, low ..."
chan_data/trend_signals/BTCUSDT/15m_trend_signal.csv,5,"ts, type, direction, signal, src_index"
chan_data/trend_signals/BTCUSDT/1h_trend_signal.csv,5,"ts, type, direction, signal, src_index"
chan_data/trend_signals/BTCUSDT/30m_trend_signal.csv,5,"ts, type, direction, signal, src_index"
chan_data/trend_signals/BTCUSDT/4h_trend_signal.csv,5,"ts, type, direction, signal, src_index"
chan_data/trend_signals/BTCUSDT/5m_trend_signal.csv,5,"ts, type, direction, signal, src_index"
chan_data/trend_signals/ETHUSDT/15m_trend_signal.csv,5,"ts, type, direction, signal, src_index"
chan_data/trend_signals/ETHUSDT/1h_trend_signal.csv,5,"ts, type, direction, signal, src_index"
chan_data/trend_signals/ETHUSDT/30m_trend_signal.csv,5,"ts, type, direction, signal, src_index"
chan_data/trend_signals/ETHUSDT/4h_trend_signal.csv,5,"ts, type, direction, signal, src_index"
chan_data/trend_signals/ETHUSDT/5m_trend_signal.csv,5,"ts, type, direction, signal, src_index"
chan_data/zhongshu_fast/BTCUSDT/15m_zhongshu.csv,36,"zs_index, level, start_unit_index, end_unit_index, start_idx, end_idx, timestamp_start, timestamp_end, duration_hours, zs_low ..."
chan_data/zhongshu_fast/BTCUSDT/1h_zhongshu.csv,36,"zs_index, level, start_unit_index, end_unit_index, start_idx, end_idx, timestamp_start, timestamp_end, duration_hours, zs_low ..."
chan_data/zhongshu_fast/BTCUSDT/30m_zhongshu.csv,36,"zs_index, level, start_unit_index, end_unit_index, start_idx, end_idx, timestamp_start, timestamp_end, duration_hours, zs_low ..."
chan_data/zhongshu_fast/BTCUSDT/4h_zhongshu.csv,36,"zs_index, level, start_unit_index, end_unit_index, start_idx, end_idx, timestamp_start, timestamp_end, duration_hours, zs_low ..."
chan_data/zhongshu_fast/BTCUSDT/5m_zhongshu.csv,36,"zs_index, level, start_unit_index, end_unit_index, start_idx, end_idx, timestamp_start, timestamp_end, duration_hours, zs_low ..."
chan_data/zhongshu_fast/ETHUSDT/15m_zhongshu.csv,36,"zs_index, level, start_unit_index, end_unit_index, start_idx, end_idx, timestamp_start, timestamp_end, duration_hours, zs_low ..."
chan_data/zhongshu_fast/ETHUSDT/1h_zhongshu.csv,36,"zs_index, level, start_unit_index, end_unit_index, start_idx, end_idx, timestamp_start, timestamp_end, duration_hours, zs_low ..."
chan_data/zhongshu_fast/ETHUSDT/30m_zhongshu.csv,36,"zs_index, level, start_unit_index, end_unit_index, start_idx, end_idx, timestamp_start, timestamp_end, duration_hours, zs_low ..."
chan_data/zhongshu_fast/ETHUSDT/4h_zhongshu.csv,36,"zs_index, level, start_unit_index, end_unit_index, start_idx, end_idx, timestamp_start, timestamp_end, duration_hours, zs_low ..."
chan_data/zhongshu_fast/ETHUSDT/5m_zhongshu.csv,36,"zs_index, level, start_unit_index, end_unit_index, start_idx, end_idx, timestamp_start, timestamp_end, duration_hours, zs_low ..."
chan_data/zhongshu_hierarchy_fast/BTCUSDT/15m_L1.csv,36,"zs_index, level, start_unit_index, end_unit_index, start_idx, end_idx, timestamp_start, timestamp_end, duration_hours, zs_low ..."
chan_data/zhongshu_hierarchy_fast/BTCUSDT/15m_L2.csv,36,"zs_index, level, start_unit_index, end_unit_index, start_idx, end_idx, timestamp_start, timestamp_end, duration_hours, zs_low ..."
chan_data/zhongshu_hierarchy_fast/BTCUSDT/1h_L1.csv,36,"zs_index, level, start_unit_index, end_unit_index, start_idx, end_idx, timestamp_start, timestamp_end, duration_hours, zs_low ..."
chan_data/zhongshu_hierarchy_fast/BTCUSDT/30m_L1.csv,36,"zs_index, level, start_unit_index, end_unit_index, start_idx, end_idx, timestamp_start, timestamp_end, duration_hours, zs_low ..."
chan_data/zhongshu_hierarchy_fast/BTCUSDT/30m_L2.csv,36,"zs_index, level, start_unit_index, end_unit_index, start_idx, end_idx, timestamp_start, timestamp_end, duration_hours, zs_low ..."
chan_data/zhongshu_hierarchy_fast/BTCUSDT/4h_L1.csv,36,"zs_index, level, start_unit_index, end_unit_index, start_idx, end_idx, timestamp_start, timestamp_end, duration_hours, zs_low ..."
chan_data/zhongshu_hierarchy_fast/BTCUSDT/5m_L1.csv,36,"zs_index, level, start_unit_index, end_unit_index, start_idx, end_idx, timestamp_start, timestamp_end, duration_hours, zs_low ..."
chan_data/zhongshu_hierarchy_fast/ETHUSDT/15m_L1.csv,36,"zs_index, level, start_unit_index, end_unit_index, start_idx, end_idx, timestamp_start, timestamp_end, duration_hours, zs_low ..."
chan_data/zhongshu_hierarchy_fast/ETHUSDT/15m_L2.csv,36,"zs_index, level, start_unit_index, end_unit_index, start_idx, end_idx, timestamp_start, timestamp_end, duration_hours, zs_low ..."
chan_data/zhongshu_hierarchy_fast/ETHUSDT/1h_L1.csv,36,"zs_index, level, start_unit_index, end_unit_index, start_idx, end_idx, timestamp_start, timestamp_end, duration_hours, zs_low ..."
chan_data/zhongshu_hierarchy_fast/ETHUSDT/30m_L1.csv,36,"zs_index, level, start_unit_index, end_unit_index, start_idx, end_idx, timestamp_start, timestamp_end, duration_hours, zs_low ..."
chan_data/zhongshu_hierarchy_fast/ETHUSDT/30m_L2.csv,36,"zs_index, level, start_unit_index, end_unit_index, start_idx, end_idx, timestamp_start, timestamp_end, duration_hours, zs_low ..."
chan_data/zhongshu_hierarchy_fast/ETHUSDT/4h_L1.csv,36,"zs_index, level, start_unit_index, end_unit_index, start_idx, end_idx, timestamp_start, timestamp_end, duration_hours, zs_low ..."
chan_data/zhongshu_hierarchy_fast/ETHUSDT/5m_L1.csv,36,"zs_index, level, start_unit_index, end_unit_index, start_idx, end_idx, timestamp_start, timestamp_end, duration_hours, zs_low ..."
chan_data/zhongshu_hierarchy_fast/ETHUSDT/5m_L2.csv,36,"zs_index, level, start_unit_index, end_unit_index, start_idx, end_idx, timestamp_start, timestamp_end, duration_hours, zs_low ..."
chan_data/zhongshu_slow/BTCUSDT/15m_zhongshu.csv,36,"zs_index, level, start_unit_index, end_unit_index, start_idx, end_idx, timestamp_start, timestamp_end, duration_hours, zs_low ..."
chan_data/zhongshu_slow/BTCUSDT/1h_zhongshu.csv,36,"zs_index, level, start_unit_index, end_unit_index, start_idx, end_idx, timestamp_start, timestamp_end, duration_hours, zs_low ..."
chan_data/zhongshu_slow/BTCUSDT/30m_zhongshu.csv,36,"zs_index, level, start_unit_index, end_unit_index, start_idx, end_idx, timestamp_start, timestamp_end, duration_hours, zs_low ..."
chan_data/zhongshu_slow/BTCUSDT/4h_zhongshu.csv,36,"zs_index, level, start_unit_index, end_unit_index, start_idx, end_idx, timestamp_start, timestamp_end, duration_hours, zs_low ..."
chan_data/zhongshu_slow/BTCUSDT/5m_zhongshu.csv,36,"zs_index, level, start_unit_index, end_unit_index, start_idx, end_idx, timestamp_start, timestamp_end, duration_hours, zs_low ..."
chan_data/zhongshu_slow/ETHUSDT/15m_zhongshu.csv,36,"zs_index, level, start_unit_index, end_unit_index, start_idx, end_idx, timestamp_start, timestamp_end, duration_hours, zs_low ..."
chan_data/zhongshu_slow/ETHUSDT/1h_zhongshu.csv,36,"zs_index, level, start_unit_index, end_unit_index, start_idx, end_idx, timestamp_start, timestamp_end, duration_hours, zs_low ..."
chan_data/zhongshu_slow/ETHUSDT/30m_zhongshu.csv,36,"zs_index, level, start_unit_index, end_unit_index, start_idx, end_idx, timestamp_start, timestamp_end, duration_hours, zs_low ..."
chan_data/zhongshu_slow/ETHUSDT/4h_zhongshu.csv,36,"zs_index, level, start_unit_index, end_unit_index, start_idx, end_idx, timestamp_start, timestamp_end, duration_hours, zs_low ..."
chan_data/zhongshu_slow/ETHUSDT/5m_zhongshu.csv,36,"zs_index, level, start_unit_index, end_unit_index, start_idx, end_idx, timestamp_start, timestamp_end, duration_hours, zs_low ..."
