ts,etype,label,direction,src,px,score
2025-03-31 00:45:00+00:00,SIG.BEICHI.TREND.DOWN,beichi,,beichi,81646.89,3.2104890998071984
2025-04-04 08:45:00+00:00,SIG.BEICHI.TREND.UP,beichi,,beichi,84415.99,1.0081211470304208
2025-04-07 07:00:00+00:00,SIG.BEICHI.TREND.DOWN,beichi,,beichi,75087.87,2.8355089135952696
2025-04-08 10:15:00+00:00,SIG.BEICHI.TREND.DOWN,beichi,,beichi,78995.29,1.2051637211805724
2025-04-09 01:15:00+00:00,SIG.BEICHI.TREND.DOWN,beichi,,beichi,74690.57,1.404
2025-04-12 04:45:00+00:00,SIG.BEICHI.RANGE.DOWN,beichi,,beichi,83208.04,1.0226490280243197
2025-04-13 01:30:00+00:00,SIG.BEICHI.RANGE.UP,beichi,,beichi,85726.99,3.3983545569704674
2025-04-13 19:45:00+00:00,SIG.BEICHI.TREND.DOWN,beichi,,beichi,83981.31,1.524
2025-04-15 14:00:00+00:00,SIG.BEICHI.RANGE.UP,beichi,,beichi,85774.51,3.6240235496501496
2025-04-16 15:30:00+00:00,SIG.BEICHI.TREND.UP,beichi,,beichi,84966.0,1.3099905862860934
2025-04-23 08:15:00+00:00,SIG.TREND,start_up,1.0,trend,,
2025-04-25 12:00:00+00:00,SIG.TREND,continue_up,1.0,trend,,
2025-04-25 12:00:00+00:00,SIG.BEICHI.TREND.UP,beichi,,beichi,94802.52,3.4
2025-05-01 15:15:00+00:00,SIG.BEICHI.TREND.UP,beichi,,beichi,97126.0,2.449911304019622
2025-05-05 02:00:00+00:00,SIG.BEICHI.TREND.DOWN,beichi,,beichi,94059.43,1.1689735362908646
2025-05-06 14:00:00+00:00,SIG.BEICHI.RANGE.DOWN,beichi,,beichi,94046.37,2.734153385187783
2025-05-07 01:00:00+00:00,SIG.BEICHI.TREND.UP,beichi,,beichi,97480.16,3.183900440281989
2025-05-07 19:30:00+00:00,SIG.BEICHI.TREND.DOWN,beichi,,beichi,96469.07,0.8236362403250748
2025-05-09 07:45:00+00:00,SIG.BEICHI.RANGE.UP,beichi,,beichi,103628.77,3.6578326871033418
2025-05-09 07:45:00+00:00,SIG.BEICHI.TREND.UP,beichi,,beichi,103628.77,1.3558326871033417
2025-05-14 13:30:00+00:00,SIG.BEICHI.TREND.UP,beichi,,beichi,103712.79,1.6
2025-05-15 07:45:00+00:00,SIG.BEICHI.TREND.DOWN,beichi,,beichi,101779.99,1.2052024181226084
2025-05-18 05:30:00+00:00,SIG.BEICHI.RANGE.DOWN,beichi,,beichi,103490.64,3.3435382517234773
2025-05-18 14:45:00+00:00,SIG.BEICHI.RANGE.UP,beichi,,beichi,105270.97,3.702
2025-05-18 14:45:00+00:00,SIG.BEICHI.TREND.UP,beichi,,beichi,105270.97,3.4
2025-05-21 05:30:00+00:00,SIG.BEICHI.TREND.UP,beichi,,beichi,107438.01,1.0150535922621362
2025-05-22 17:30:00+00:00,SIG.BEICHI.TREND.UP,beichi,,beichi,111749.99,2.500543602623149
2025-05-28 13:15:00+00:00,SIG.BEICHI.RANGE.UP,beichi,,beichi,108722.45,1.4834941222890603
2025-05-29 23:45:00+00:00,SIG.TREND,continue_up,1.0,trend,,
2025-06-09 06:15:00+00:00,SIG.BEICHI.RANGE.DOWN,beichi,,beichi,105521.84,1.284803070378789
2025-06-10 14:45:00+00:00,SIG.BEICHI.TREND.DOWN,beichi,,beichi,108620.01,1.4111119289690477
2025-06-11 15:45:00+00:00,SIG.BEICHI.RANGE.UP,beichi,,beichi,109735.7,1.2905745596297735
2025-06-12 04:30:00+00:00,SIG.BEICHI.RANGE.DOWN,beichi,,beichi,107594.82,2.579841718572976
2025-06-18 20:00:00+00:00,SIG.BEICHI.TREND.DOWN,beichi,,beichi,103811.09,3.235262513601745
2025-06-20 14:15:00+00:00,SIG.BEICHI.RANGE.UP,beichi,,beichi,105300.38,2.8092234591533525
2025-06-21 21:45:00+00:00,SIG.BEICHI.TREND.DOWN,beichi,,beichi,101455.61,3.4
2025-07-03 09:45:00+00:00,SIG.BEICHI.TREND.UP,beichi,,beichi,109942.2,2.877691060915198
2025-07-04 13:30:00+00:00,SIG.BEICHI.RANGE.UP,beichi,,beichi,108367.0,4.0
2025-07-04 15:00:00+00:00,SIG.TREND,continue_up,1.0,trend,,
2025-07-09 13:15:00+00:00,SIG.BEICHI.TREND.UP,beichi,,beichi,109576.59,1.6
2025-07-09 16:15:00+00:00,SIG.BEICHI.RANGE.DOWN,beichi,,beichi,109203.85,1.4243217763748444
2025-07-16 21:00:00+00:00,SIG.BEICHI.TREND.UP,beichi,,beichi,119901.16,2.8283404233288216
2025-07-17 01:45:00+00:00,SIG.BEICHI.TREND.DOWN,beichi,,beichi,118149.7,1.376
2025-07-17 19:15:00+00:00,SIG.BEICHI.TREND.UP,beichi,,beichi,119656.09,1.1438099202375938
2025-07-20 22:15:00+00:00,SIG.BEICHI.TREND.DOWN,beichi,,beichi,117266.0,3.4
2025-07-22 01:15:00+00:00,SIG.BEICHI.TREND.DOWN,beichi,,beichi,117240.21,1.2327092204652024
2025-07-22 15:00:00+00:00,SIG.BEICHI.TREND.UP,beichi,,beichi,119172.12,1.4407263472030702
2025-07-27 16:30:00+00:00,SIG.BEICHI.TREND.UP,beichi,,beichi,119312.34,3.2078028206142033
2025-07-30 19:15:00+00:00,SIG.BEICHI.TREND.DOWN,beichi,,beichi,116459.84,1.1010788050452007
2025-08-01 00:45:00+00:00,SIG.BEICHI.RANGE.DOWN,beichi,,beichi,115427.27,1.8152226501148816
2025-08-01 00:45:00+00:00,SIG.BEICHI.TREND.DOWN,beichi,,beichi,115427.27,1.497222650114881
2025-08-01 13:00:00+00:00,SIG.BEICHI.TREND.UP,beichi,,beichi,115781.86,0.9726146843374364
2025-08-02 19:00:00+00:00,SIG.BEICHI.TREND.DOWN,beichi,,beichi,112046.9,3.4
2025-08-04 17:15:00+00:00,SIG.BEICHI.TREND.UP,beichi,,beichi,115519.86,1.3705207659425265
2025-08-06 14:30:00+00:00,SIG.BEICHI.RANGE.DOWN,beichi,,beichi,114300.96,2.5646523555298684
2025-08-07 20:00:00+00:00,SIG.TREND,reverse_down,-1.0,trend,,
2025-08-13 14:00:00+00:00,SIG.BEICHI.TREND.UP,beichi,,beichi,122070.75,3.4
2025-08-21 17:30:00+00:00,SIG.BEICHI.TREND.DOWN,beichi,,beichi,112441.83,2.3074518633313335
2025-08-25 00:45:00+00:00,SIG.BEICHI.TREND.DOWN,beichi,,beichi,112645.1,3.4
2025-08-25 04:45:00+00:00,SIG.BEICHI.RANGE.UP,beichi,,beichi,112764.0,1.2928594178732633
2025-08-29 07:00:00+00:00,SIG.BEICHI.RANGE.UP,beichi,,beichi,110545.0,3.7839305765139137
2025-08-30 02:00:00+00:00,SIG.BEICHI.TREND.DOWN,beichi,,beichi,107774.78,3.34
2025-09-18 03:30:00+00:00,SIG.BEICHI.TREND.UP,beichi,,beichi,117686.13,1.5076022184199598
2025-09-21 20:30:00+00:00,SIG.BEICHI.RANGE.UP,beichi,,beichi,115396.48,1.2308440312951272
2025-09-24 04:00:00+00:00,SIG.BEICHI.RANGE.DOWN,beichi,,beichi,111475.67,4.0
2025-09-24 04:00:00+00:00,SIG.BEICHI.TREND.DOWN,beichi,,beichi,111475.67,3.4
2025-09-29 14:45:00+00:00,SIG.TREND,continue_down,-1.0,trend,,
2025-10-03 16:30:00+00:00,SIG.BEICHI.TREND.UP,beichi,,beichi,123778.33,2.6
2025-10-05 05:30:00+00:00,SIG.BEICHI.TREND.UP,beichi,,beichi,125229.99,2.8330038299658717
2025-10-09 17:00:00+00:00,SIG.BEICHI.TREND.DOWN,beichi,,beichi,120261.36,1.5218537378770185
2025-10-10 21:15:00+00:00,SIG.TREND,end_trend,0.0,trend,,
