ts,etype,label,direction,src,px,score
2025-03-28 17:00:00+00:00,SIG.TREND,start_down,-1.0,trend,,
2025-04-02 21:00:00+00:00,SIG.BEICHI.RANGE.UP,beichi,,beichi,84855.99,3.656
2025-04-12 06:00:00+00:00,SIG.BEICHI.RANGE.DOWN,beichi,,beichi,83567.42,1.4669866867306245
2025-04-13 01:00:00+00:00,SIG.BEICHI.TREND.UP,beichi,,beichi,85259.77,2.5884748124010963
2025-04-25 01:00:00+00:00,SIG.BEICHI.TREND.UP,beichi,,beichi,93678.13,2.3507608674634857
2025-04-25 06:00:00+00:00,SIG.BEICHI.RANGE.DOWN,beichi,,beichi,93538.07,1.6567468962809566
2025-04-28 01:00:00+00:00,SIG.BEICHI.TREND.DOWN,beichi,,beichi,92949.99,1.36
2025-04-29 11:00:00+00:00,SIG.BEICHI.TREND.UP,beichi,,beichi,95129.74,3.0068438131669604
2025-04-29 11:00:00+00:00,SIG.TREND,reverse_up,1.0,trend,,
2025-05-13 20:00:00+00:00,SIG.BEICHI.TREND.UP,beichi,,beichi,104562.39,2.7347467744131735
2025-05-14 09:00:00+00:00,SIG.TREND,continue_up,1.0,trend,,
2025-05-15 14:00:00+00:00,SIG.BEICHI.RANGE.DOWN,beichi,,beichi,101987.65,1.814192338346923
2025-05-21 06:00:00+00:00,SIG.TREND,continue_up,1.0,trend,,
2025-05-21 06:00:00+00:00,SIG.BEICHI.RANGE.UP,beichi,,beichi,107751.41,3.4075078488589385
2025-05-29 12:00:00+00:00,SIG.BEICHI.RANGE.UP,beichi,,beichi,108434.78,1.796807227280787
2025-05-31 03:00:00+00:00,SIG.BEICHI.RANGE.DOWN,beichi,,beichi,103684.01,2.4654105017085306
2025-06-01 23:00:00+00:00,SIG.TREND,reverse_down,-1.0,trend,,
2025-06-04 14:00:00+00:00,SIG.BEICHI.TREND.DOWN,beichi,,beichi,105033.3,0.8688738070598017
2025-06-11 20:00:00+00:00,SIG.BEICHI.RANGE.UP,beichi,,beichi,108906.44,3.217648837307772
2025-06-16 20:00:00+00:00,SIG.BEICHI.TREND.UP,beichi,,beichi,108782.68,1.6
2025-06-17 17:00:00+00:00,SIG.BEICHI.RANGE.DOWN,beichi,,beichi,103814.01,2.798337794393831
2025-06-23 21:00:00+00:00,SIG.BEICHI.RANGE.DOWN,beichi,,beichi,103705.52,3.5377896593381237
2025-06-26 03:00:00+00:00,SIG.BEICHI.RANGE.UP,beichi,,beichi,107853.79,1.5454037135962413
2025-06-30 02:00:00+00:00,SIG.TREND,reverse_up,1.0,trend,,
2025-07-06 11:00:00+00:00,SIG.BEICHI.RANGE.DOWN,beichi,,beichi,108076.01,3.231010784954116
2025-07-11 06:00:00+00:00,SIG.BEICHI.TREND.UP,beichi,,beichi,117648.33,3.259244639087953
2025-07-15 04:00:00+00:00,SIG.TREND,reverse_down,-1.0,trend,,
2025-07-16 21:00:00+00:00,SIG.BEICHI.TREND.UP,beichi,,beichi,119297.64,2.850974513282928
2025-07-21 20:00:00+00:00,SIG.BEICHI.TREND.DOWN,beichi,,beichi,116939.4,2.712866285205662
2025-07-22 23:00:00+00:00,SIG.BEICHI.TREND.UP,beichi,,beichi,119954.42,2.314645228366797
2025-08-01 08:00:00+00:00,SIG.BEICHI.RANGE.DOWN,beichi,,beichi,114615.99,3.4897268180530965
2025-08-03 19:00:00+00:00,SIG.BEICHI.TREND.UP,beichi,,beichi,114313.19,1.391299630227154
2025-08-11 23:00:00+00:00,SIG.TREND,continue_down,-1.0,trend,,
2025-08-18 09:00:00+00:00,SIG.BEICHI.RANGE.DOWN,beichi,,beichi,115038.46,2.5044960176165967
2025-08-20 14:00:00+00:00,SIG.BEICHI.TREND.DOWN,beichi,,beichi,113465.84,2.7882297715198385
2025-08-22 12:00:00+00:00,SIG.BEICHI.TREND.DOWN,beichi,,beichi,112341.5,3.030768770982549
2025-08-24 18:00:00+00:00,SIG.BEICHI.RANGE.UP,beichi,,beichi,114626.97,3.75
2025-08-29 09:00:00+00:00,SIG.TREND,reverse_up,1.0,trend,,
2025-08-29 09:00:00+00:00,SIG.BEICHI.TREND.DOWN,beichi,,beichi,109772.71,2.136452507796256
2025-09-04 16:00:00+00:00,SIG.BEICHI.TREND.DOWN,beichi,,beichi,109438.34,1.4580052343871588
2025-09-05 13:00:00+00:00,SIG.BEICHI.TREND.UP,beichi,,beichi,113084.16,3.184
2025-09-24 17:00:00+00:00,SIG.BEICHI.TREND.UP,beichi,,beichi,113761.3,1.4753900392551935
2025-09-25 18:00:00+00:00,SIG.BEICHI.TREND.DOWN,beichi,,beichi,109760.2,1.6
2025-09-25 18:00:00+00:00,SIG.TREND,continue_up,1.0,trend,,
2025-09-28 21:00:00+00:00,SIG.BEICHI.RANGE.DOWN,beichi,,beichi,110833.99,3.8
2025-09-29 20:00:00+00:00,SIG.BEICHI.RANGE.UP,beichi,,beichi,114258.29,1.488547440464143
2025-09-29 20:00:00+00:00,SIG.BEICHI.TREND.UP,beichi,,beichi,114258.29,3.0849284823799237
2025-10-05 05:00:00+00:00,SIG.TREND,end_trend,0.0,trend,,
2025-10-10 13:00:00+00:00,SIG.BEICHI.TREND.UP,beichi,,beichi,121684.2,2.9450562344912656
