ts,etype,label,direction,src,px,score
2025-03-27 10:00:00+00:00,SIG.BEICHI.RANGE.UP,beichi,,beichi,87507.68,1.3361862178109518
2025-03-29 17:00:00+00:00,SIG.BEICHI.TREND.DOWN,beichi,,beichi,82198.46,3.1278249375559724
2025-03-31 22:30:00+00:00,SIG.BEICHI.TREND.DOWN,beichi,,beichi,82409.99,1.1962122409957532
2025-04-06 06:00:00+00:00,SIG.BEICHI.RANGE.UP,beichi,,beichi,83410.66,1.2927304092263965
2025-04-07 07:00:00+00:00,SIG.BEICHI.TREND.DOWN,beichi,,beichi,75070.74,3.320429914957228
2025-04-09 16:30:00+00:00,SIG.BEICHI.RANGE.DOWN,beichi,,beichi,78267.68,3.784
2025-04-09 18:30:00+00:00,SIG.TREND,start_up,1.0,trend,,
2025-04-12 21:00:00+00:00,SIG.BEICHI.RANGE.UP,beichi,,beichi,85399.84,3.4745020731107834
2025-04-15 05:30:00+00:00,SIG.BEICHI.TREND.UP,beichi,,beichi,85545.71,2.8962072654002107
2025-04-16 01:00:00+00:00,SIG.BEICHI.TREND.DOWN,beichi,,beichi,83520.01,1.8225011304054928
2025-04-16 17:30:00+00:00,SIG.BEICHI.TREND.UP,beichi,,beichi,83281.21,1.596
2025-04-17 14:30:00+00:00,SIG.BEICHI.TREND.DOWN,beichi,,beichi,84087.08,1.356
2025-04-21 15:30:00+00:00,SIG.BEICHI.TREND.UP,beichi,,beichi,88044.8,2.9910473910123416
2025-04-25 01:00:00+00:00,SIG.BEICHI.TREND.UP,beichi,,beichi,93681.38,1.059557639139319
2025-04-25 20:00:00+00:00,SIG.BEICHI.TREND.UP,beichi,,beichi,94966.17,2.7601612072409045
2025-04-29 01:30:00+00:00,SIG.BEICHI.TREND.UP,beichi,,beichi,94857.49,2.14721562503773
2025-04-29 23:00:00+00:00,SIG.TREND,continue_up,1.0,trend,,
2025-05-01 16:30:00+00:00,SIG.BEICHI.TREND.UP,beichi,,beichi,97007.14,2.074551153550351
2025-05-05 20:30:00+00:00,SIG.BEICHI.TREND.DOWN,beichi,,beichi,94242.02,2.142648778510474
2025-05-06 13:30:00+00:00,SIG.TREND,continue_up,1.0,trend,,
2025-05-06 13:30:00+00:00,SIG.BEICHI.RANGE.DOWN,beichi,,beichi,93616.92,3.626
2025-05-14 15:00:00+00:00,SIG.BEICHI.TREND.DOWN,beichi,,beichi,103417.03,3.1002130089516404
2025-05-19 14:30:00+00:00,SIG.BEICHI.RANGE.DOWN,beichi,,beichi,104328.11,3.5046353835220314
2025-05-20 02:00:00+00:00,SIG.BEICHI.RANGE.UP,beichi,,beichi,106461.75,3.491464237860301
2025-05-21 06:30:00+00:00,SIG.BEICHI.TREND.UP,beichi,,beichi,107751.41,2.9294011153379804
2025-05-22 17:30:00+00:00,SIG.BEICHI.RANGE.UP,beichi,,beichi,111502.31,3.3634602583372737
2025-05-27 13:30:00+00:00,SIG.TREND,reverse_down,-1.0,trend,,
2025-05-29 13:00:00+00:00,SIG.BEICHI.RANGE.UP,beichi,,beichi,108300.0,3.652
2025-05-31 03:00:00+00:00,SIG.BEICHI.TREND.DOWN,beichi,,beichi,103482.12,1.084887264230825
2025-06-10 19:30:00+00:00,SIG.BEICHI.TREND.UP,beichi,,beichi,109526.3,2.246321635950516
2025-06-16 20:30:00+00:00,SIG.BEICHI.TREND.UP,beichi,,beichi,108782.68,1.1998194236118087
2025-06-18 13:30:00+00:00,SIG.TREND,reverse_up,1.0,trend,,
2025-06-18 13:30:00+00:00,SIG.BEICHI.TREND.DOWN,beichi,,beichi,104439.81,1.1219833778964423
2025-07-02 08:00:00+00:00,SIG.BEICHI.RANGE.DOWN,beichi,,beichi,107630.89,3.199648955787669
2025-07-03 09:30:00+00:00,SIG.BEICHI.TREND.UP,beichi,,beichi,109942.2,3.4
2025-07-04 16:00:00+00:00,SIG.BEICHI.TREND.DOWN,beichi,,beichi,107520.59,1.568
2025-07-08 02:00:00+00:00,SIG.TREND,continue_up,1.0,trend,,
2025-07-09 13:00:00+00:00,SIG.BEICHI.RANGE.UP,beichi,,beichi,109576.59,3.39288499398232
2025-07-16 21:00:00+00:00,SIG.BEICHI.TREND.UP,beichi,,beichi,119940.78,1.3073852712797898
2025-07-17 13:00:00+00:00,SIG.BEICHI.TREND.DOWN,beichi,,beichi,117904.0,1.427090527437269
2025-07-17 19:00:00+00:00,SIG.BEICHI.TREND.UP,beichi,,beichi,119656.09,0.9640289867819312
2025-07-21 00:00:00+00:00,SIG.BEICHI.TREND.DOWN,beichi,,beichi,116914.5,3.197283585742125
2025-07-22 01:00:00+00:00,SIG.BEICHI.TREND.DOWN,beichi,,beichi,117240.21,1.361767787408311
2025-07-22 19:00:00+00:00,SIG.BEICHI.TREND.UP,beichi,,beichi,119633.96,2.7875795628346713
2025-07-23 17:00:00+00:00,SIG.BEICHI.TREND.DOWN,beichi,,beichi,117647.23,1.1528655021981156
2025-07-29 10:00:00+00:00,SIG.BEICHI.RANGE.UP,beichi,,beichi,118659.32,1.360866865905442
2025-08-01 08:30:00+00:00,SIG.BEICHI.TREND.DOWN,beichi,,beichi,114615.99,3.244
2025-08-02 19:00:00+00:00,SIG.TREND,reverse_down,-1.0,trend,,
2025-08-15 08:00:00+00:00,SIG.BEICHI.RANGE.UP,beichi,,beichi,119080.0,1.753844225013673
2025-08-18 03:30:00+00:00,SIG.BEICHI.RANGE.DOWN,beichi,,beichi,115319.0,2.620972584454263
2025-08-20 14:00:00+00:00,SIG.BEICHI.TREND.DOWN,beichi,,beichi,113153.29,3.1844615170272643
2025-08-22 18:00:00+00:00,SIG.TREND,continue_down,-1.0,trend,,
2025-08-29 05:30:00+00:00,SIG.BEICHI.RANGE.UP,beichi,,beichi,111315.42,2.963459044806128
2025-08-29 09:00:00+00:00,SIG.BEICHI.TREND.DOWN,beichi,,beichi,109755.67,1.2757479933875984
2025-08-29 21:00:00+00:00,SIG.BEICHI.RANGE.DOWN,beichi,,beichi,107962.4,1.2627864513779423
2025-09-01 05:00:00+00:00,SIG.BEICHI.TREND.DOWN,beichi,,beichi,107715.74,2.995933717987021
2025-09-01 07:00:00+00:00,SIG.BEICHI.RANGE.DOWN,beichi,,beichi,108436.12,3.540195037561314
2025-09-01 21:30:00+00:00,SIG.BEICHI.TREND.DOWN,beichi,,beichi,107800.8,1.34
2025-09-03 15:30:00+00:00,SIG.BEICHI.RANGE.UP,beichi,,beichi,112222.74,1.4099289130153676
2025-09-05 13:00:00+00:00,SIG.BEICHI.TREND.UP,beichi,,beichi,112942.01,3.251807223222988
2025-09-07 07:30:00+00:00,SIG.BEICHI.RANGE.DOWN,beichi,,beichi,110753.42,3.736
2025-09-10 14:00:00+00:00,SIG.TREND,reverse_up,1.0,trend,,
2025-09-10 14:00:00+00:00,SIG.BEICHI.TREND.UP,beichi,,beichi,114087.96,3.28
2025-09-23 03:00:00+00:00,SIG.BEICHI.TREND.DOWN,beichi,,beichi,112309.25,2.443569108977137
2025-09-26 20:00:00+00:00,SIG.TREND,continue_up,1.0,trend,,
2025-09-29 15:00:00+00:00,SIG.BEICHI.TREND.UP,beichi,,beichi,113800.01,2.7479197749914492
2025-09-30 12:30:00+00:00,SIG.BEICHI.RANGE.DOWN,beichi,,beichi,113002.06,1.435087779477385
2025-10-05 05:30:00+00:00,SIG.BEICHI.TREND.UP,beichi,,beichi,125127.99,2.8515225995040443
2025-10-06 17:00:00+00:00,SIG.BEICHI.TREND.UP,beichi,,beichi,125653.56,3.4
2025-10-07 08:00:00+00:00,SIG.TREND,end_trend,0.0,trend,,
