ts,etype,label,direction,src,px,score
2025-03-29 17:15:00+00:00,SIG.BEICHI.TREND.DOWN,beichi,,beichi,81831.67,3.4
2025-04-02 20:15:00+00:00,SIG.BEICHI.TREND.UP,beichi,,beichi,87922.0,2.6
2025-04-07 04:50:00+00:00,SIG.BEICHI.TREND.DOWN,beichi,,beichi,76820.4,2.667639541953766
2025-04-07 12:30:00+00:00,SIG.BEICHI.TREND.UP,beichi,,beichi,77171.99,1.416
2025-04-07 16:55:00+00:00,SIG.BEICHI.TREND.DOWN,beichi,,beichi,77434.01,1.404
2025-04-08 02:10:00+00:00,SIG.BEICHI.TREND.UP,beichi,,beichi,80660.0,3.260426832273631
2025-04-08 04:55:00+00:00,SIG.BEICHI.RANGE.UP,beichi,,beichi,80300.0,1.3642717701327711
2025-04-08 05:25:00+00:00,SIG.BEICHI.TREND.DOWN,beichi,,beichi,79598.01,1.1787900109627665
2025-04-09 01:25:00+00:00,SIG.BEICHI.TREND.DOWN,beichi,,beichi,74690.57,2.6
2025-04-09 11:40:00+00:00,SIG.BEICHI.TREND.DOWN,beichi,,beichi,75952.72,1.10474861268351
2025-04-09 13:05:00+00:00,SIG.BEICHI.RANGE.DOWN,beichi,,beichi,76859.29,1.4063752639806906
2025-04-09 13:40:00+00:00,SIG.BEICHI.TREND.UP,beichi,,beichi,77240.0,0.9100887536805268
2025-04-09 21:20:00+00:00,SIG.BEICHI.RANGE.UP,beichi,,beichi,83392.02,2.5630045843846605
2025-04-11 08:00:00+00:00,SIG.BEICHI.RANGE.DOWN,beichi,,beichi,81208.79,4.0
2025-04-13 01:30:00+00:00,SIG.BEICHI.RANGE.UP,beichi,,beichi,85640.21,3.5788868026460294
2025-04-13 14:00:00+00:00,SIG.TREND,start_up,1.0,trend,,
2025-04-20 11:55:00+00:00,SIG.BEICHI.RANGE.DOWN,beichi,,beichi,84129.83,1.5682834879810474
2025-04-23 17:10:00+00:00,SIG.BEICHI.TREND.UP,beichi,,beichi,93863.63,2.106537326022789
2025-04-25 14:55:00+00:00,SIG.BEICHI.TREND.UP,beichi,,beichi,95368.0,2.804412911670163
2025-05-02 15:00:00+00:00,SIG.BEICHI.TREND.UP,beichi,,beichi,97748.0,2.920166036800708
2025-05-06 13:35:00+00:00,SIG.BEICHI.RANGE.DOWN,beichi,,beichi,93832.02,1.4071591902145748
2025-05-06 22:40:00+00:00,SIG.BEICHI.RANGE.DOWN,beichi,,beichi,96037.81,3.551160708893272
2025-05-07 00:25:00+00:00,SIG.TREND,continue_up,1.0,trend,,
2025-05-08 21:25:00+00:00,SIG.BEICHI.RANGE.UP,beichi,,beichi,103300.64,3.0648794955224834
2025-05-12 07:10:00+00:00,SIG.BEICHI.TREND.UP,beichi,,beichi,105600.0,2.896846232575586
2025-05-12 14:15:00+00:00,SIG.BEICHI.RANGE.UP,beichi,,beichi,104059.99,3.026041147452032
2025-05-12 20:55:00+00:00,SIG.BEICHI.TREND.UP,beichi,,beichi,102678.51,1.5421615139981897
2025-05-19 06:35:00+00:00,SIG.BEICHI.TREND.DOWN,beichi,,beichi,102403.19,2.5529716003619085
2025-05-19 14:45:00+00:00,SIG.BEICHI.RANGE.DOWN,beichi,,beichi,103963.88,2.998170911553027
2025-05-20 01:55:00+00:00,SIG.BEICHI.RANGE.UP,beichi,,beichi,106450.0,1.6899252417376274
2025-05-20 01:55:00+00:00,SIG.BEICHI.TREND.UP,beichi,,beichi,106450.0,1.4693143284096837
2025-05-20 01:55:00+00:00,SIG.TREND,continue_up,1.0,trend,,
2025-05-22 03:55:00+00:00,SIG.BEICHI.TREND.UP,beichi,,beichi,111780.84,2.874538336771484
2025-05-23 14:05:00+00:00,SIG.BEICHI.TREND.UP,beichi,,beichi,109709.14,0.9763776190849788
2025-05-26 01:00:00+00:00,SIG.BEICHI.TREND.UP,beichi,,beichi,109557.01,1.42
2025-05-27 01:20:00+00:00,SIG.BEICHI.TREND.DOWN,beichi,,beichi,108035.41,1.6
2025-05-27 13:20:00+00:00,SIG.BEICHI.TREND.UP,beichi,,beichi,110395.48,2.8612074451973126
2025-05-27 20:55:00+00:00,SIG.BEICHI.RANGE.UP,beichi,,beichi,109551.69,1.4350546324617504
2025-05-29 14:35:00+00:00,SIG.BEICHI.RANGE.DOWN,beichi,,beichi,107148.98,3.57570541823499
2025-05-29 14:35:00+00:00,SIG.BEICHI.TREND.DOWN,beichi,,beichi,107148.98,2.97570541823499
2025-06-04 14:05:00+00:00,SIG.BEICHI.TREND.DOWN,beichi,,beichi,104346.78,3.4
2025-06-13 01:10:00+00:00,SIG.TREND,continue_up,1.0,trend,,
2025-06-15 21:55:00+00:00,SIG.BEICHI.RANGE.DOWN,beichi,,beichi,104807.75,0.9366615403424048
2025-06-16 04:50:00+00:00,SIG.BEICHI.RANGE.DOWN,beichi,,beichi,106254.67,3.2261237047341647
2025-06-16 19:25:00+00:00,SIG.BEICHI.TREND.UP,beichi,,beichi,108765.1,1.6
2025-06-16 23:25:00+00:00,SIG.BEICHI.RANGE.UP,beichi,,beichi,107575.68,0.8891206888670317
2025-06-17 00:15:00+00:00,SIG.BEICHI.TREND.DOWN,beichi,,beichi,106614.67,1.6
2025-06-17 03:10:00+00:00,SIG.BEICHI.TREND.UP,beichi,,beichi,107574.78,1.4456130841792882
2025-06-17 17:05:00+00:00,SIG.BEICHI.TREND.DOWN,beichi,,beichi,103670.69,2.723207368098796
2025-06-20 14:35:00+00:00,SIG.BEICHI.RANGE.UP,beichi,,beichi,105439.82,3.5036298336288563
2025-06-20 17:35:00+00:00,SIG.BEICHI.RANGE.DOWN,beichi,,beichi,102529.57,2.838
2025-06-20 17:35:00+00:00,SIG.BEICHI.TREND.DOWN,beichi,,beichi,102529.57,2.484
2025-06-23 17:25:00+00:00,SIG.BEICHI.RANGE.DOWN,beichi,,beichi,102080.74,1.998441139353912
2025-06-30 16:10:00+00:00,SIG.BEICHI.TREND.UP,beichi,,beichi,107756.25,3.4
2025-07-14 15:50:00+00:00,SIG.TREND,continue_up,1.0,trend,,
2025-07-21 19:00:00+00:00,SIG.BEICHI.TREND.DOWN,beichi,,beichi,117262.84,1.1768033115235623
2025-07-25 07:50:00+00:00,SIG.BEICHI.TREND.DOWN,beichi,,beichi,114765.99,2.6
2025-08-02 19:10:00+00:00,SIG.BEICHI.TREND.DOWN,beichi,,beichi,112046.9,3.272224729176205
2025-08-04 14:05:00+00:00,SIG.TREND,reverse_down,-1.0,trend,,
2025-08-19 01:45:00+00:00,SIG.BEICHI.RANGE.UP,beichi,,beichi,115909.88,1.515695730213274
2025-08-22 14:30:00+00:00,SIG.BEICHI.RANGE.DOWN,beichi,,beichi,115450.96,3.4382283412399985
2025-08-22 15:20:00+00:00,SIG.TREND,end_trend,0.0,trend,,
2025-08-27 14:35:00+00:00,SIG.BEICHI.TREND.UP,beichi,,beichi,112372.88,1.3224974116664616
2025-08-29 07:55:00+00:00,SIG.BEICHI.TREND.DOWN,beichi,,beichi,110019.38,1.1899821497253111
2025-09-02 13:35:00+00:00,SIG.BEICHI.RANGE.DOWN,beichi,,beichi,110053.01,1.7853436045081903
2025-10-03 18:05:00+00:00,SIG.BEICHI.TREND.DOWN,beichi,,beichi,121881.21,1.2181570327735314
2025-10-05 04:50:00+00:00,SIG.BEICHI.TREND.UP,beichi,,beichi,125364.92,3.4
2025-10-07 18:05:00+00:00,SIG.BEICHI.TREND.DOWN,beichi,,beichi,121093.21,2.90100018945456
2025-10-08 17:30:00+00:00,SIG.BEICHI.TREND.UP,beichi,,beichi,123864.92,1.0340102052801332
2025-10-11 01:25:00+00:00,SIG.BEICHI.TREND.DOWN,beichi,,beichi,111260.89,1.5164408862620902
