ts,etype,price,score,payload
2025-03-29 02:15:00+00:00,SIG.BEICHI.RANGE.UP,1906.4,1.587216028349453,"{""zs_index"": 0, ""score"": 1.587216028349453, ""evidences"": {""volume_price"": {""type"": ""volume_price"", ""price_new"": false, ""vol_weaker"": true, ""mom_weaker"": true}, ""momentum"": {""type"": ""momentum"", ""weaken_cnt"": 4, ""price_new"": false}, ""ratios"": {""volume_ratio"": 0.33403761237734325, ""atr_ratio"": 0.6922129754329922, ""speed_ratio"": 0.7107531798858455, ""strength_ratio"": 0.16884454017935224}, ""macd"": {""type"": ""macd"", ""peak1"": 3.576264190604732, ""peak2"": 2.075598951742329, ""mode"": ""up""}}, ""context"": {""boundary_proximity"": 1.0, ""rejection_speed"": 0.4920267139157549, ""window_span_norm"": 0.23}}"
2025-03-30 17:00:00+00:00,SIG.BEICHI.TREND.DOWN,1800.24,3.1852327447833066,"{""seg_idx"": [1, 2, 3], ""score"": 3.1852327447833066, ""evidences"": {""volume_price"": {""type"": ""volume_price"", ""price_new"": true, ""vol_weaker"": true, ""mom_weaker"": true}, ""momentum"": {""type"": ""momentum"", ""weaken_cnt"": 4, ""price_new"": true}, ""ratios"": {""volume_ratio"": 0.4198985448460323, ""atr_ratio"": 0.6868752941538852, ""speed_ratio"": 0.6720308042879843, ""strength_ratio"": 0.3376280943223035}, ""macd"": {""type"": ""macd"", ""peak1"": -9.84438743151901, ""peak2"": -3.522633267524939, ""mode"": ""down""}}, ""context"": {""boundary_proximity"": NaN, ""rejection_speed"": 0.6420545746388446, ""window_span_norm"": 1.0}}"
2025-03-31 10:00:00+00:00,SIG.BEICHI.TREND.DOWN,1783.31,3.053162673016814,"{""seg_idx"": [3, 4, 5], ""score"": 3.053162673016814, ""evidences"": {""volume_price"": {""type"": ""volume_price"", ""price_new"": true, ""vol_weaker"": false, ""mom_weaker"": true}, ""momentum"": {""type"": ""momentum"", ""weaken_cnt"": 2, ""price_new"": true}, ""ratios"": {""volume_ratio"": 1.1595445780011409, ""atr_ratio"": 1.0509555524922658, ""speed_ratio"": 0.876526072093908, ""strength_ratio"": 2.5048620172839406}, ""macd"": {""type"": ""macd"", ""peak1"": -3.522633267524939, ""peak2"": -1.700248463517827, ""mode"": ""down""}}, ""context"": {""boundary_proximity"": NaN, ""rejection_speed"": 0.42193778836135754, ""window_span_norm"": 1.0}}"
2025-03-31 15:00:00+00:00,SIG.BEICHI.RANGE.UP,1840.36,1.4922638861820277,"{""zs_index"": 1, ""score"": 1.4922638861820277, ""evidences"": {""volume_price"": {""type"": ""volume_price"", ""price_new"": true, ""vol_weaker"": false, ""mom_weaker"": false}, ""momentum"": {""type"": ""momentum"", ""weaken_cnt"": 0, ""price_new"": true}, ""ratios"": {""volume_ratio"": 1.4808624968873696, ""atr_ratio"": 1.724406529904952, ""speed_ratio"": 1.0636290538729356, ""strength_ratio"": 2.3934778628718365}, ""macd"": {""type"": ""macd"", ""peak1"": 4.121924926641426, ""peak2"": 2.45469716007824, ""mode"": ""up""}}, ""context"": {""boundary_proximity"": 1.0, ""rejection_speed"": 0.4437731436367127, ""window_span_norm"": 0.065}}"
2025-04-02 20:15:00+00:00,SIG.BEICHI.RANGE.UP,1898.68,2.662506566604127,"{""zs_index"": 2, ""score"": 2.662506566604127, ""evidences"": {""volume_price"": {""type"": ""volume_price"", ""price_new"": true, ""vol_weaker"": false, ""mom_weaker"": true}, ""momentum"": {""type"": ""momentum"", ""weaken_cnt"": 1, ""price_new"": true}, ""ratios"": {""volume_ratio"": 3.954121242495218, ""atr_ratio"": 1.0740677938098087, ""speed_ratio"": 3.1027047786250352, ""strength_ratio"": 0.2033848105443864}, ""macd"": {""type"": ""macd"", ""peak1"": 3.6515957805459642, ""peak2"": 4.4247687460762615, ""mode"": ""up""}}, ""context"": {""boundary_proximity"": 1.0, ""rejection_speed"": 0.670844277673545, ""window_span_norm"": 0.15}}"
2025-04-04 09:45:00+00:00,SIG.BEICHI.RANGE.UP,1829.41,1.6280778330190346,"{""zs_index"": 3, ""score"": 1.6280778330190346, ""evidences"": {""volume_price"": {""type"": ""volume_price"", ""price_new"": false, ""vol_weaker"": false, ""mom_weaker"": true}, ""momentum"": {""type"": ""momentum"", ""weaken_cnt"": 2, ""price_new"": false}, ""ratios"": {""volume_ratio"": 1.0996973260854264, ""atr_ratio"": 0.8626866460322768, ""speed_ratio"": 0.5573350416399798, ""strength_ratio"": 18.179722079258436}, ""macd"": {""type"": ""macd"", ""peak1"": 4.307450282740888, ""peak2"": 2.941193674650993, ""mode"": ""up""}}, ""context"": {""boundary_proximity"": 1.0, ""rejection_speed"": 0.6034630550317246, ""window_span_norm"": 0.165}}"
2025-04-06 14:15:00+00:00,SIG.BEICHI.TREND.DOWN,1752.47,3.0604086140254045,"{""seg_idx"": [9, 10, 11], ""score"": 3.0604086140254045, ""evidences"": {""volume_price"": {""type"": ""volume_price"", ""price_new"": true, ""vol_weaker"": true, ""mom_weaker"": true}, ""momentum"": {""type"": ""momentum"", ""weaken_cnt"": 3, ""price_new"": true}, ""ratios"": {""volume_ratio"": 0.3368921634364163, ""atr_ratio"": 0.4236599468195847, ""speed_ratio"": 0.4321272281992617, ""strength_ratio"": 1.2930043557275452}, ""macd"": {""type"": ""macd"", ""peak1"": -11.004423785534595, ""peak2"": -3.208859169084441, ""mode"": ""down""}}, ""context"": {""boundary_proximity"": NaN, ""rejection_speed"": 0.4340143567090077, ""window_span_norm"": 1.0}}"
2025-04-08 08:15:00+00:00,SIG.BEICHI.TREND.DOWN,1557.71,1.52,"{""seg_idx"": [12, 13, 14], ""score"": 1.52, ""evidences"": {""volume_price"": {""type"": ""volume_price"", ""price_new"": false, ""vol_weaker"": true, ""mom_weaker"": true}, ""momentum"": {""type"": ""momentum"", ""weaken_cnt"": 3, ""price_new"": false}, ""ratios"": {""volume_ratio"": 0.2507267010284587, ""atr_ratio"": 0.4715807859254404, ""speed_ratio"": 0.4437382637584828, ""strength_ratio"": 1.32509732398189}, ""macd"": {""type"": ""macd"", ""peak1"": -12.341537492500297, ""peak2"": -3.800694028755796, ""mode"": ""down""}}, ""context"": {""boundary_proximity"": NaN, ""rejection_speed"": 1.455352190793102, ""window_span_norm"": 0.8}}"
2025-04-08 12:00:00+00:00,SIG.BEICHI.TREND.UP,1585.26,2.734634146341458,"{""seg_idx"": [13, 14, 15], ""score"": 2.734634146341458, ""evidences"": {""volume_price"": {""type"": ""volume_price"", ""price_new"": true, ""vol_weaker"": true, ""mom_weaker"": true}, ""momentum"": {""type"": ""momentum"", ""weaken_cnt"": 3, ""price_new"": true}, ""ratios"": {""volume_ratio"": 0.19512670652855074, ""atr_ratio"": 0.33118584770459475, ""speed_ratio"": 0.36988966717026, ""strength_ratio"": 1.0648429622248847}, ""macd"": {""type"": ""macd"", ""peak1"": 6.665366280443003, ""peak2"": 2.478810330841907, ""mode"": ""up""}}, ""context"": {""boundary_proximity"": NaN, ""rejection_speed"": 0.35772357723576337, ""window_span_norm"": 0.30000000000000004}}"
2025-04-08 19:30:00+00:00,SIG.BEICHI.TREND.DOWN,1457.12,2.0071778208376845,"{""seg_idx"": [14, 15, 16], ""score"": 2.0071778208376845, ""evidences"": {""volume_price"": {""type"": ""volume_price"", ""price_new"": true, ""vol_weaker"": false, ""mom_weaker"": true}, ""momentum"": {""type"": ""momentum"", ""weaken_cnt"": 1, ""price_new"": true}, ""ratios"": {""volume_ratio"": 2.609133745322458, ""atr_ratio"": 1.6968035326271949, ""speed_ratio"": 1.7694444444444568, ""strength_ratio"": 0.8226671089377966}, ""macd"": {""type"": ""macd"", ""peak1"": -3.800694028755796, ""peak2"": -8.306746097426975, ""mode"": ""down""}}, ""context"": {""boundary_proximity"": NaN, ""rejection_speed"": 0.37196303472947406, ""window_span_norm"": 0.45999999999999996}}"
2025-04-09 21:15:00+00:00,SIG.BEICHI.TREND.UP,1682.1,2.2037992377939104,"{""seg_idx"": [15, 16, 17], ""score"": 2.2037992377939104, ""evidences"": {""volume_price"": {""type"": ""volume_price"", ""price_new"": true, ""vol_weaker"": false, ""mom_weaker"": true}, ""momentum"": {""type"": ""momentum"", ""weaken_cnt"": 1, ""price_new"": true}, ""ratios"": {""volume_ratio"": 4.25346725155225, ""atr_ratio"": 2.3038138741189536, ""speed_ratio"": 2.20988392138835, ""strength_ratio"": 0.9267295533550791}, ""macd"": {""type"": ""macd"", ""peak1"": 2.478810330841907, ""peak2"": 18.95278704168457, ""mode"": ""up""}}, ""context"": {""boundary_proximity"": NaN, ""rejection_speed"": 0.42633206298985066, ""window_span_norm"": 0.87}}"
2025-04-11 05:45:00+00:00,SIG.BEICHI.RANGE.DOWN,1549.19,1.426230769230762,"{""zs_index"": 6, ""score"": 1.426230769230762, ""evidences"": {""volume_price"": {""type"": ""volume_price"", ""price_new"": false, ""vol_weaker"": true, ""mom_weaker"": true}, ""momentum"": {""type"": ""momentum"", ""weaken_cnt"": 2, ""price_new"": false}, ""ratios"": {""volume_ratio"": 0.4139432408262409, ""atr_ratio"": 0.5820510639937114, ""speed_ratio"": 0.4611556082929518, ""strength_ratio"": 31.73096267130079}, ""macd"": {""type"": ""macd"", ""peak1"": -8.54621055859058, ""peak2"": 0.2335968762982814, ""mode"": ""down""}}, ""context"": {""boundary_proximity"": 1.0, ""rejection_speed"": 0.18038461538460357, ""window_span_norm"": 0.295}}"
2025-04-12 14:30:00+00:00,SIG.BEICHI.TREND.UP,1654.59,3.0618531312917243,"{""seg_idx"": [21, 22, 23], ""score"": 3.0618531312917243, ""evidences"": {""volume_price"": {""type"": ""volume_price"", ""price_new"": true, ""vol_weaker"": false, ""mom_weaker"": true}, ""momentum"": {""type"": ""momentum"", ""weaken_cnt"": 2, ""price_new"": true}, ""ratios"": {""volume_ratio"": 1.1927073916639173, ""atr_ratio"": 0.791967773764198, ""speed_ratio"": 0.8705681111341457, ""strength_ratio"": 4.0432226296023295}, ""macd"": {""type"": ""macd"", ""peak1"": 1.882417314916947, ""peak2"": 5.018032295485591, ""mode"": ""up""}}, ""context"": {""boundary_proximity"": NaN, ""rejection_speed"": 0.6297552188195408, ""window_span_norm"": 0.71}}"
2025-04-12 14:30:00+00:00,SIG.BEICHI.RANGE.UP,1654.59,3.5398531312917245,"{""zs_index"": 6, ""score"": 3.5398531312917245, ""evidences"": {""volume_price"": {""type"": ""volume_price"", ""price_new"": true, ""vol_weaker"": false, ""mom_weaker"": true}, ""momentum"": {""type"": ""momentum"", ""weaken_cnt"": 2, ""price_new"": true}, ""ratios"": {""volume_ratio"": 1.5798572184729092, ""atr_ratio"": 0.9979355924739676, ""speed_ratio"": 0.9795878035008468, ""strength_ratio"": 724.1311064351064}, ""macd"": {""type"": ""macd"", ""peak1"": 1.882417314916947, ""peak2"": 5.018032295485591, ""mode"": ""up""}}, ""context"": {""boundary_proximity"": 1.0, ""rejection_speed"": 0.6297552188195408, ""window_span_norm"": 0.405}}"
2025-04-13 10:00:00+00:00,SIG.BEICHI.TREND.UP,1621.79,1.2204381527036414,"{""seg_idx"": [23, 24, 25], ""score"": 1.2204381527036414, ""evidences"": {""volume_price"": {""type"": ""volume_price"", ""price_new"": false, ""vol_weaker"": true, ""mom_weaker"": true}, ""momentum"": {""type"": ""momentum"", ""weaken_cnt"": 4, ""price_new"": false}, ""ratios"": {""volume_ratio"": 0.40909272969913163, ""atr_ratio"": 0.9003291037418671, ""speed_ratio"": 0.8409081650240485, ""strength_ratio"": 0.3571220838091062}, ""macd"": {""type"": ""macd"", ""peak1"": 5.018032295485591, ""peak2"": 2.273909525528043, ""mode"": ""up""}}, ""context"": {""boundary_proximity"": NaN, ""rejection_speed"": 0.6140635878394026, ""window_span_norm"": 0.63}}"
2025-04-13 19:45:00+00:00,SIG.BEICHI.TREND.DOWN,1590.25,3.276,"{""seg_idx"": [24, 25, 26], ""score"": 3.276, ""evidences"": {""volume_price"": {""type"": ""volume_price"", ""price_new"": true, ""vol_weaker"": false, ""mom_weaker"": true}, ""momentum"": {""type"": ""momentum"", ""weaken_cnt"": 2, ""price_new"": true}, ""ratios"": {""volume_ratio"": 1.9069963934705225, ""atr_ratio"": 1.217222712003181, ""speed_ratio"": 1.22989634478997, ""strength_ratio"": 0.4438618866318112}, ""macd"": {""type"": ""macd"", ""peak1"": -4.2307163359092295, ""peak2"": -3.211276807471352, ""mode"": ""down""}}, ""context"": {""boundary_proximity"": NaN, ""rejection_speed"": 1.762838313922165, ""window_span_norm"": 0.69}}"
2025-04-14 07:15:00+00:00,SIG.BEICHI.TREND.DOWN,1625.37,0.9583202746720592,"{""seg_idx"": [26, 27, 28], ""score"": 0.9583202746720592, ""evidences"": {""volume_price"": {""type"": ""volume_price"", ""price_new"": false, ""vol_weaker"": true, ""mom_weaker"": true}, ""momentum"": {""type"": ""momentum"", ""weaken_cnt"": 2, ""price_new"": false}, ""ratios"": {""volume_ratio"": 0.7456219794802752, ""atr_ratio"": 1.0638381588910484, ""speed_ratio"": 0.690432277464421, ""strength_ratio"": 1.4770569050635733}, ""macd"": {""type"": ""macd"", ""peak1"": -3.211276807471352, ""peak2"": -2.673857545894535, ""mode"": ""down""}}, ""context"": {""boundary_proximity"": NaN, ""rejection_speed"": 0.19720045778676512, ""window_span_norm"": 0.6000000000000001}}"
2025-04-14 11:15:00+00:00,SIG.BEICHI.TREND.UP,1675.87,2.728070509766557,"{""seg_idx"": [27, 28, 29], ""score"": 2.728070509766557, ""evidences"": {""volume_price"": {""type"": ""volume_price"", ""price_new"": true, ""vol_weaker"": false, ""mom_weaker"": true}, ""momentum"": {""type"": ""momentum"", ""weaken_cnt"": 3, ""price_new"": true}, ""ratios"": {""volume_ratio"": 1.1395021968968984, ""atr_ratio"": 0.6142442278766733, ""speed_ratio"": 0.9911767219278805, ""strength_ratio"": 1.6928007892371266}, ""macd"": {""type"": ""macd"", ""peak1"": 3.8944243730929653, ""peak2"": 5.146794903816385, ""mode"": ""up""}}, ""context"": {""boundary_proximity"": NaN, ""rejection_speed"": 0.24678418294426208, ""window_span_norm"": 0.45000000000000007}}"
2025-04-15 14:00:00+00:00,SIG.BEICHI.RANGE.UP,1630.6,3.732,"{""zs_index"": 7, ""score"": 3.732, ""evidences"": {""volume_price"": {""type"": ""volume_price"", ""price_new"": true, ""vol_weaker"": false, ""mom_weaker"": true}, ""momentum"": {""type"": ""momentum"", ""weaken_cnt"": 4, ""price_new"": true}, ""ratios"": {""volume_ratio"": 1.0554785940522662, ""atr_ratio"": 0.7402755533788471, ""speed_ratio"": 0.9680036344756051, ""strength_ratio"": 0.1278847500583732}, ""macd"": {""type"": ""macd"", ""peak1"": 0.6464244576492799, ""peak2"": 1.6788554644534903, ""mode"": ""up""}}, ""context"": {""boundary_proximity"": 1.0, ""rejection_speed"": 1.5314277973449004, ""window_span_norm"": 0.33}}"
2025-04-16 00:15:00+00:00,SIG.BEICHI.TREND.DOWN,1592.82,3.0785063602790284,"{""seg_idx"": [28, 29, 30], ""score"": 3.0785063602790284, ""evidences"": {""volume_price"": {""type"": ""volume_price"", ""price_new"": true, ""vol_weaker"": true, ""mom_weaker"": true}, ""momentum"": {""type"": ""momentum"", ""weaken_cnt"": 2, ""price_new"": true}, ""ratios"": {""volume_ratio"": 0.8628137604194761, ""atr_ratio"": 0.8908694981644656, ""speed_ratio"": 1.126998529704103, ""strength_ratio"": 0.6469693695747988}, ""macd"": {""type"": ""macd"", ""peak1"": -2.673857545894535, ""peak2"": -6.553480248804119, ""mode"": ""down""}}, ""context"": {""boundary_proximity"": NaN, ""rejection_speed"": 0.46417726713171464, ""window_span_norm"": 1.0}}"
2025-04-16 00:15:00+00:00,SIG.BEICHI.RANGE.DOWN,1592.82,1.5685063602790288,"{""zs_index"": 7, ""score"": 1.5685063602790288, ""evidences"": {""volume_price"": {""type"": ""volume_price"", ""price_new"": false, ""vol_weaker"": true, ""mom_weaker"": true}, ""momentum"": {""type"": ""momentum"", ""weaken_cnt"": 4, ""price_new"": false}, ""ratios"": {""volume_ratio"": 0.5019267831894917, ""atr_ratio"": 0.33303041728108773, ""speed_ratio"": 0.6312123155869162, ""strength_ratio"": 0.9255224731931138}, ""macd"": {""type"": ""macd"", ""peak1"": -3.6795351942039227, ""peak2"": -1.1390808064842926, ""mode"": ""down""}}, ""context"": {""boundary_proximity"": 1.0, ""rejection_speed"": 0.46417726713171464, ""window_span_norm"": 0.225}}"
2025-04-18 07:15:00+00:00,SIG.BEICHI.RANGE.DOWN,1581.83,0.8351786094620018,"{""zs_index"": 8, ""score"": 0.8351786094620018, ""evidences"": {""volume_price"": {""type"": ""volume_price"", ""price_new"": false, ""vol_weaker"": true, ""mom_weaker"": true}, ""momentum"": {""type"": ""momentum"", ""weaken_cnt"": 4, ""price_new"": false}, ""ratios"": {""volume_ratio"": 0.17809737143324986, ""atr_ratio"": 0.1383136026301312, ""speed_ratio"": 0.18332635106828846, ""strength_ratio"": 0.1995607984857269}, ""macd"": {""type"": ""macd"", ""peak1"": -3.4020451007574644, ""peak2"": -0.37836785147476215, ""mode"": ""down""}}, ""context"": {""boundary_proximity"": 0.13838916508651988, ""rejection_speed"": 0.18690851735014988, ""window_span_norm"": 0.1}}"
2025-04-19 18:00:00+00:00,SIG.BEICHI.TREND.UP,1619.06,2.8195534864035574,"{""seg_idx"": [32, 33, 34], ""score"": 2.8195534864035574, ""evidences"": {""volume_price"": {""type"": ""volume_price"", ""price_new"": true, ""vol_weaker"": true, ""mom_weaker"": true}, ""momentum"": {""type"": ""momentum"", ""weaken_cnt"": 3, ""price_new"": true}, ""ratios"": {""volume_ratio"": 0.5846277200624794, ""atr_ratio"": 0.5968101661327015, ""speed_ratio"": 0.5992015651658753, ""strength_ratio"": 0.6465404047126766}, ""macd"": {""type"": ""macd"", ""peak1"": 1.9345439445194672, ""peak2"": 1.8626914948387137, ""mode"": ""up""}}, ""context"": {""boundary_proximity"": NaN, ""rejection_speed"": 0.032589144005929424, ""window_span_norm"": 1.0}}"
2025-04-20 11:45:00+00:00,SIG.BEICHI.TREND.DOWN,1572.62,1.034882916137975,"{""seg_idx"": [33, 34, 35], ""score"": 1.034882916137975, ""evidences"": {""volume_price"": {""type"": ""volume_price"", ""price_new"": false, ""vol_weaker"": true, ""mom_weaker"": true}, ""momentum"": {""type"": ""momentum"", ""weaken_cnt"": 3, ""price_new"": false}, ""ratios"": {""volume_ratio"": 0.6825312631198915, ""atr_ratio"": 0.7145222915902971, ""speed_ratio"": 0.6836050161011205, ""strength_ratio"": 0.8310175591667629}, ""macd"": {""type"": ""macd"", ""peak1"": -2.9443316432206874, ""peak2"": -2.0438029003885823, ""mode"": ""down""}}, ""context"": {""boundary_proximity"": NaN, ""rejection_speed"": 0.058138193563291495, ""window_span_norm"": 1.0}}"
2025-04-23 23:00:00+00:00,SIG.BEICHI.TREND.UP,1805.0,1.0587602238484797,"{""seg_idx"": [37, 38, 39], ""score"": 1.0587602238484797, ""evidences"": {""volume_price"": {""type"": ""volume_price"", ""price_new"": false, ""vol_weaker"": true, ""mom_weaker"": true}, ""momentum"": {""type"": ""momentum"", ""weaken_cnt"": 3, ""price_new"": false}, ""ratios"": {""volume_ratio"": 0.18982702107179406, ""atr_ratio"": 0.6287381239618511, ""speed_ratio"": 0.39732628633607553, ""strength_ratio"": 1.245167567437521}, ""macd"": {""type"": ""macd"", ""peak1"": 6.774666107424315, ""peak2"": 1.5382036381993425, ""mode"": ""up""}}, ""context"": {""boundary_proximity"": NaN, ""rejection_speed"": 0.09793370641413306, ""window_span_norm"": 1.0}}"
2025-04-27 01:00:00+00:00,SIG.BEICHI.TREND.UP,1850.76,2.9664186046511567,"{""seg_idx"": [42, 43, 44], ""score"": 2.9664186046511567, ""evidences"": {""volume_price"": {""type"": ""volume_price"", ""price_new"": true, ""vol_weaker"": true, ""mom_weaker"": true}, ""momentum"": {""type"": ""momentum"", ""weaken_cnt"": 2, ""price_new"": true}, ""ratios"": {""volume_ratio"": 0.6753569660124208, ""atr_ratio"": 0.834923272902536, ""speed_ratio"": 0.8950860982780275, ""strength_ratio"": 1.101961739017323}, ""macd"": {""type"": ""macd"", ""peak1"": 1.5915186334095546, ""peak2"": 2.9274188517800717, ""mode"": ""up""}}, ""context"": {""boundary_proximity"": NaN, ""rejection_speed"": 0.3906976744185948, ""window_span_norm"": 0.8300000000000001}}"
2025-04-28 16:15:00+00:00,SIG.BEICHI.TREND.DOWN,1758.83,2.7832110081179144,"{""seg_idx"": [45, 46, 47], ""score"": 2.7832110081179144, ""evidences"": {""volume_price"": {""type"": ""volume_price"", ""price_new"": true, ""vol_weaker"": false, ""mom_weaker"": true}, ""momentum"": {""type"": ""momentum"", ""weaken_cnt"": 3, ""price_new"": true}, ""ratios"": {""volume_ratio"": 1.34067325493355, ""atr_ratio"": 0.6834376814416662, ""speed_ratio"": 0.9989341884540179, ""strength_ratio"": 0.8492344297516539}, ""macd"": {""type"": ""macd"", ""peak1"": -3.1716149579782353, ""peak2"": -5.329821158633754, ""mode"": ""down""}}, ""context"": {""boundary_proximity"": NaN, ""rejection_speed"": 0.35868501352985704, ""window_span_norm"": 0.42000000000000004}}"
2025-05-04 05:45:00+00:00,SIG.BEICHI.TREND.UP,1845.74,1.340527124453382,"{""seg_idx"": [49, 50, 51], ""score"": 1.340527124453382, ""evidences"": {""volume_price"": {""type"": ""volume_price"", ""price_new"": false, ""vol_weaker"": true, ""mom_weaker"": true}, ""momentum"": {""type"": ""momentum"", ""weaken_cnt"": 3, ""price_new"": false}, ""ratios"": {""volume_ratio"": 0.5341244971228573, ""atr_ratio"": 0.8486164294719708, ""speed_ratio"": 1.0010057494665832, ""strength_ratio"": 0.4790020015755853}, ""macd"": {""type"": ""macd"", ""peak1"": 3.993074549177333, ""peak2"": 1.5729374500032631, ""mode"": ""up""}}, ""context"": {""boundary_proximity"": NaN, ""rejection_speed"": 0.5675452074223033, ""window_span_norm"": 1.0}}"
2025-05-05 02:00:00+00:00,SIG.BEICHI.TREND.DOWN,1792.44,2.0334603394527218,"{""seg_idx"": [50, 51, 52], ""score"": 2.0334603394527218, ""evidences"": {""volume_price"": {""type"": ""volume_price"", ""price_new"": true, ""vol_weaker"": true, ""mom_weaker"": true}, ""momentum"": {""type"": ""momentum"", ""weaken_cnt"": 1, ""price_new"": true}, ""ratios"": {""volume_ratio"": 0.8523682914324979, ""atr_ratio"": 0.9448207699738236, ""speed_ratio"": 1.1361164868320555, ""strength_ratio"": 3.3183687761175253}, ""macd"": {""type"": ""macd"", ""peak1"": -2.28301480491357, ""peak2"": -2.885979335242694, ""mode"": ""down""}}, ""context"": {""boundary_proximity"": NaN, ""rejection_speed"": 0.0557672324212031, ""window_span_norm"": 1.0}}"
2025-05-07 22:15:00+00:00,SIG.BEICHI.RANGE.DOWN,1810.41,1.8561202661626426,"{""zs_index"": 11, ""score"": 1.8561202661626426, ""evidences"": {""volume_price"": {""type"": ""volume_price"", ""price_new"": false, ""vol_weaker"": false, ""mom_weaker"": false}, ""momentum"": {""type"": ""momentum"", ""weaken_cnt"": 0, ""price_new"": false}, ""ratios"": {""volume_ratio"": 1.309175526268835, ""atr_ratio"": 1.4476650426134696, ""speed_ratio"": 1.1585415290372976, ""strength_ratio"": 64.40003847736591}, ""macd"": {""type"": ""macd"", ""peak1"": -2.6595099549788186, ""peak2"": -2.19669705223837, ""mode"": ""down""}}, ""context"": {""boundary_proximity"": 0.8873576860521117, ""rejection_speed"": 0.8328427575522925, ""window_span_norm"": 0.56}}"
2025-05-11 00:00:00+00:00,SIG.BEICHI.TREND.UP,2580.67,2.937960954446853,"{""seg_idx"": [56, 57, 58], ""score"": 2.937960954446853, ""evidences"": {""volume_price"": {""type"": ""volume_price"", ""price_new"": true, ""vol_weaker"": true, ""mom_weaker"": true}, ""momentum"": {""type"": ""momentum"", ""weaken_cnt"": 2, ""price_new"": true}, ""ratios"": {""volume_ratio"": 0.749901079905454, ""atr_ratio"": 1.311649068823893, ""speed_ratio"": 1.1521425358990032, ""strength_ratio"": 0.8413883932193749}, ""macd"": {""type"": ""macd"", ""peak1"": 16.961650117929825, ""peak2"": 5.842105910262177, ""mode"": ""up""}}, ""context"": {""boundary_proximity"": NaN, ""rejection_speed"": 0.22993492407808835, ""window_span_norm"": 1.0}}"
2025-05-11 12:00:00+00:00,SIG.BEICHI.TREND.UP,2524.86,2.72036137459181,"{""seg_idx"": [57, 58, 59], ""score"": 2.72036137459181, ""evidences"": {""volume_price"": {""type"": ""volume_price"", ""price_new"": true, ""vol_weaker"": true, ""mom_weaker"": true}, ""momentum"": {""type"": ""momentum"", ""weaken_cnt"": 3, ""price_new"": true}, ""ratios"": {""volume_ratio"": 0.56433521708706, ""atr_ratio"": 1.3039184447800856, ""speed_ratio"": 0.9069327944008186, ""strength_ratio"": 0.7300501747165037}, ""macd"": {""type"": ""macd"", ""peak1"": 6.483453686276578, ""peak2"": 4.5170411454572355, ""mode"": ""up""}}, ""context"": {""boundary_proximity"": NaN, ""rejection_speed"": 0.32726895765301633, ""window_span_norm"": 0.31000000000000005}}"
2025-05-11 22:00:00+00:00,SIG.BEICHI.TREND.UP,2509.54,0.97911859970554,"{""seg_idx"": [58, 59, 60], ""score"": 0.97911859970554, ""evidences"": {""volume_price"": {""type"": ""volume_price"", ""price_new"": false, ""vol_weaker"": true, ""mom_weaker"": true}, ""momentum"": {""type"": ""momentum"", ""weaken_cnt"": 4, ""price_new"": false}, ""ratios"": {""volume_ratio"": 0.5572085463215252, ""atr_ratio"": 0.9025044103434026, ""speed_ratio"": 0.6332959431669408, ""strength_ratio"": 0.9000019163707043}, ""macd"": {""type"": ""macd"", ""peak1"": 5.842105910262177, ""peak2"": 5.474720049114897, ""mode"": ""up""}}, ""context"": {""boundary_proximity"": NaN, ""rejection_speed"": 0.12519766617589995, ""window_span_norm"": 0.76}}"
2025-05-13 04:45:00+00:00,SIG.BEICHI.RANGE.DOWN,2455.59,3.069742469746336,"{""zs_index"": 13, ""score"": 3.069742469746336, ""evidences"": {""volume_price"": {""type"": ""volume_price"", ""price_new"": true, ""vol_weaker"": true, ""mom_weaker"": true}, ""momentum"": {""type"": ""momentum"", ""weaken_cnt"": 2, ""price_new"": true}, ""ratios"": {""volume_ratio"": 0.4004259260165277, ""atr_ratio"": 0.6851267193809267, ""speed_ratio"": 1.0880668627147692, ""strength_ratio"": 0.5054356571384394}, ""macd"": {""type"": ""macd"", ""peak1"": -5.577266307121022, ""peak2"": -3.883418666733669, ""mode"": ""down""}}, ""context"": {""boundary_proximity"": 0.11989860583013534, ""rejection_speed"": 0.9296721770804247, ""window_span_norm"": 0.1}}"
2025-05-15 00:45:00+00:00,SIG.BEICHI.TREND.UP,2632.3,2.627173704633628,"{""seg_idx"": [63, 64, 65], ""score"": 2.627173704633628, ""evidences"": {""volume_price"": {""type"": ""volume_price"", ""price_new"": true, ""vol_weaker"": true, ""mom_weaker"": true}, ""momentum"": {""type"": ""momentum"", ""weaken_cnt"": 2, ""price_new"": true}, ""ratios"": {""volume_ratio"": 0.7295832992760127, ""atr_ratio"": 0.873887858384076, ""speed_ratio"": 0.8075200302820007, ""strength_ratio"": 2.24157636001385}, ""macd"": {""type"": ""macd"", ""peak1"": 3.774825001739324, ""peak2"": 4.367744534019818, ""mode"": ""up""}}, ""context"": {""boundary_proximity"": NaN, ""rejection_speed"": 0.031956174389379706, ""window_span_norm"": 0.52}}"
2025-05-16 07:30:00+00:00,SIG.BEICHI.TREND.UP,2596.71,1.1902008773955157,"{""seg_idx"": [65, 66, 67], ""score"": 1.1902008773955157, ""evidences"": {""volume_price"": {""type"": ""volume_price"", ""price_new"": false, ""vol_weaker"": false, ""mom_weaker"": true}, ""momentum"": {""type"": ""momentum"", ""weaken_cnt"": 2, ""price_new"": false}, ""ratios"": {""volume_ratio"": 1.2606709336402169, ""atr_ratio"": 0.9434692990011954, ""speed_ratio"": 1.012547348484853, ""strength_ratio"": 0.9089624656403145}, ""macd"": {""type"": ""macd"", ""peak1"": 4.367744534019818, ""peak2"": 3.324822805147525, ""mode"": ""up""}}, ""context"": {""boundary_proximity"": NaN, ""rejection_speed"": 0.5503347956591931, ""window_span_norm"": 0.65}}"
2025-05-16 12:00:00+00:00,SIG.BEICHI.RANGE.UP,2615.56,0.795193123163082,"{""zs_index"": 14, ""score"": 0.795193123163082, ""evidences"": {""volume_price"": {""type"": ""volume_price"", ""price_new"": false, ""vol_weaker"": false, ""mom_weaker"": true}, ""momentum"": {""type"": ""momentum"", ""weaken_cnt"": 2, ""price_new"": false}, ""ratios"": {""volume_ratio"": 1.1705406825419082, ""atr_ratio"": 0.7851851258193201, ""speed_ratio"": 0.5750936329588021, ""strength_ratio"": 3.329594211503889}, ""macd"": {""type"": ""macd"", ""peak1"": 4.222929008343914, ""peak2"": 2.671174112487787, ""mode"": ""up""}}, ""context"": {""boundary_proximity"": 0.14267743964394286, ""rejection_speed"": 0.13931109896119379, ""window_span_norm"": 0.065}}"
2025-05-17 05:45:00+00:00,SIG.BEICHI.TREND.DOWN,2479.96,3.4,"{""seg_idx"": [66, 67, 68], ""score"": 3.4, ""evidences"": {""volume_price"": {""type"": ""volume_price"", ""price_new"": true, ""vol_weaker"": true, ""mom_weaker"": true}, ""momentum"": {""type"": ""momentum"", ""weaken_cnt"": 3, ""price_new"": true}, ""ratios"": {""volume_ratio"": 0.9367223005124308, ""atr_ratio"": 0.9513797566088759, ""speed_ratio"": 0.89040879758919, ""strength_ratio"": 0.6102402689025938}, ""macd"": {""type"": ""macd"", ""peak1"": -4.795342733445711, ""peak2"": -6.154061154812688, ""mode"": ""down""}}, ""context"": {""boundary_proximity"": NaN, ""rejection_speed"": 1.2964342735497405, ""window_span_norm"": 1.0}}"
2025-05-17 05:45:00+00:00,SIG.BEICHI.RANGE.DOWN,2479.96,2.8840000000000003,"{""zs_index"": 14, ""score"": 2.8840000000000003, ""evidences"": {""volume_price"": {""type"": ""volume_price"", ""price_new"": true, ""vol_weaker"": false, ""mom_weaker"": true}, ""momentum"": {""type"": ""momentum"", ""weaken_cnt"": 1, ""price_new"": true}, ""ratios"": {""volume_ratio"": 1.4160448177751288, ""atr_ratio"": 0.716771666906102, ""speed_ratio"": 1.1712855324565132, ""strength_ratio"": 4.0720239687652136}, ""macd"": {""type"": ""macd"", ""peak1"": -5.019956069826623, ""peak2"": -6.154061154812688, ""mode"": ""down""}}, ""context"": {""boundary_proximity"": 1.0, ""rejection_speed"": 1.2964342735497405, ""window_span_norm"": 0.21}}"
2025-05-20 19:30:00+00:00,SIG.BEICHI.RANGE.DOWN,2487.69,1.824717791411039,"{""zs_index"": 15, ""score"": 1.824717791411039, ""evidences"": {""volume_price"": {""type"": ""volume_price"", ""price_new"": true, ""vol_weaker"": false, ""mom_weaker"": false}, ""momentum"": {""type"": ""momentum"", ""weaken_cnt"": 0, ""price_new"": true}, ""ratios"": {""volume_ratio"": 1.621838300842402, ""atr_ratio"": 1.6155066054384921, ""speed_ratio"": 2.1172161172160955, ""strength_ratio"": 2.0574532641676004}, ""macd"": {""type"": ""macd"", ""peak1"": -3.3715282543745086, ""peak2"": -0.9799941350876269, ""mode"": ""down""}}, ""context"": {""boundary_proximity"": 1.0, ""rejection_speed"": 0.9611963190183984, ""window_span_norm"": 0.12}}"
2025-05-21 06:45:00+00:00,SIG.BEICHI.TREND.UP,2597.68,2.9110972192282945,"{""seg_idx"": [72, 73, 74], ""score"": 2.9110972192282945, ""evidences"": {""volume_price"": {""type"": ""volume_price"", ""price_new"": true, ""vol_weaker"": true, ""mom_weaker"": true}, ""momentum"": {""type"": ""momentum"", ""weaken_cnt"": 3, ""price_new"": true}, ""ratios"": {""volume_ratio"": 0.7421685256121332, ""atr_ratio"": 0.8951167490316108, ""speed_ratio"": 0.7235208011981347, ""strength_ratio"": 1.3544825796501097}, ""macd"": {""type"": ""macd"", ""peak1"": 7.990790647429687, ""peak2"": 4.712988557447913, ""mode"": ""up""}}, ""context"": {""boundary_proximity"": NaN, ""rejection_speed"": 0.21849536538049097, ""window_span_norm"": 0.95}}"
2025-05-22 19:45:00+00:00,SIG.BEICHI.TREND.DOWN,2634.51,1.456,"{""seg_idx"": [73, 74, 75], ""score"": 1.456, ""evidences"": {""volume_price"": {""type"": ""volume_price"", ""price_new"": false, ""vol_weaker"": true, ""mom_weaker"": true}, ""momentum"": {""type"": ""momentum"", ""weaken_cnt"": 2, ""price_new"": false}, ""ratios"": {""volume_ratio"": 0.885117176094885, ""atr_ratio"": 1.0938546510512726, ""speed_ratio"": 1.1120321931589556, ""strength_ratio"": 0.5742148761046099}, ""macd"": {""type"": ""macd"", ""peak1"": -4.934508717329583, ""peak2"": -3.1544575060593676, ""mode"": ""down""}}, ""context"": {""boundary_proximity"": NaN, ""rejection_speed"": 1.4362285032279032, ""window_span_norm"": 0.64}}"
2025-05-23 02:30:00+00:00,SIG.BEICHI.TREND.UP,2712.69,2.9963815683104293,"{""seg_idx"": [74, 75, 76], ""score"": 2.9963815683104293, ""evidences"": {""volume_price"": {""type"": ""volume_price"", ""price_new"": true, ""vol_weaker"": false, ""mom_weaker"": true}, ""momentum"": {""type"": ""momentum"", ""weaken_cnt"": 2, ""price_new"": true}, ""ratios"": {""volume_ratio"": 1.4323727017050507, ""atr_ratio"": 0.820023376117016, ""speed_ratio"": 1.3260607979734027, ""strength_ratio"": 1.281307662725762}, ""macd"": {""type"": ""macd"", ""peak1"": 4.712988557447913, ""peak2"": 6.892795035383358, ""mode"": ""up""}}, ""context"": {""boundary_proximity"": NaN, ""rejection_speed"": 0.5739692805173817, ""window_span_norm"": 0.63}}"
2025-05-26 14:30:00+00:00,SIG.BEICHI.TREND.DOWN,2547.79,1.5376409631210044,"{""seg_idx"": [78, 79, 80], ""score"": 1.5376409631210044, ""evidences"": {""volume_price"": {""type"": ""volume_price"", ""price_new"": false, ""vol_weaker"": true, ""mom_weaker"": true}, ""momentum"": {""type"": ""momentum"", ""weaken_cnt"": 4, ""price_new"": false}, ""ratios"": {""volume_ratio"": 0.9398644715404209, ""atr_ratio"": 0.8665827929908166, ""speed_ratio"": 0.7507716694375404, ""strength_ratio"": 0.20850737966328775}, ""macd"": {""type"": ""macd"", ""peak1"": -4.51205047239613, ""peak2"": -2.717543207549772, ""mode"": ""down""}}, ""context"": {""boundary_proximity"": NaN, ""rejection_speed"": 0.8960682718683409, ""window_span_norm"": 1.0}}"
2025-05-27 02:45:00+00:00,SIG.BEICHI.RANGE.DOWN,2535.61,3.285685924034465,"{""zs_index"": 17, ""score"": 3.285685924034465, ""evidences"": {""volume_price"": {""type"": ""volume_price"", ""price_new"": true, ""vol_weaker"": false, ""mom_weaker"": true}, ""momentum"": {""type"": ""momentum"", ""weaken_cnt"": 2, ""price_new"": true}, ""ratios"": {""volume_ratio"": 1.998116498744263, ""atr_ratio"": 1.5698447546691419, ""speed_ratio"": 1.1801794177386271, ""strength_ratio"": 0.7840542390555556}, ""macd"": {""type"": ""macd"", ""peak1"": -1.8049525143360992, ""peak2"": -4.317343196382101, ""mode"": ""down""}}, ""context"": {""boundary_proximity"": 1.0, ""rejection_speed"": 0.41280987339077546, ""window_span_norm"": 0.095}}"
2025-05-29 22:15:00+00:00,SIG.BEICHI.TREND.UP,2659.46,0.854686733040059,"{""seg_idx"": [84, 85, 86], ""score"": 0.854686733040059, ""evidences"": {""volume_price"": {""type"": ""volume_price"", ""price_new"": false, ""vol_weaker"": true, ""mom_weaker"": true}, ""momentum"": {""type"": ""momentum"", ""weaken_cnt"": 4, ""price_new"": false}, ""ratios"": {""volume_ratio"": 0.418278427001772, ""atr_ratio"": 0.8557011267209512, ""speed_ratio"": 0.48608073323513157, ""strength_ratio"": 0.495695092941384}, ""macd"": {""type"": ""macd"", ""peak1"": 7.273182830827011, ""peak2"": 3.4004430799125878, ""mode"": ""up""}}, ""context"": {""boundary_proximity"": NaN, ""rejection_speed"": 0.14447788840009843, ""window_span_norm"": 0.42}}"
2025-05-30 12:15:00+00:00,SIG.BEICHI.TREND.DOWN,2594.6,3.316,"{""seg_idx"": [85, 86, 87], ""score"": 3.316, ""evidences"": {""volume_price"": {""type"": ""volume_price"", ""price_new"": true, ""vol_weaker"": true, ""mom_weaker"": true}, ""momentum"": {""type"": ""momentum"", ""weaken_cnt"": 3, ""price_new"": true}, ""ratios"": {""volume_ratio"": 0.7989044860954115, ""atr_ratio"": 0.9637579221276953, ""speed_ratio"": 1.0150143004232788, ""strength_ratio"": 0.6953385949796188}, ""macd"": {""type"": ""macd"", ""peak1"": -7.921789698858664, ""peak2"": -1.8871152080622515, ""mode"": ""down""}}, ""context"": {""boundary_proximity"": NaN, ""rejection_speed"": 1.8216995447647977, ""window_span_norm"": 0.79}}"
2025-06-01 12:45:00+00:00,SIG.BEICHI.TREND.DOWN,2484.17,3.321362855851786,"{""seg_idx"": [88, 89, 90], ""score"": 3.321362855851786, ""evidences"": {""volume_price"": {""type"": ""volume_price"", ""price_new"": true, ""vol_weaker"": true, ""mom_weaker"": true}, ""momentum"": {""type"": ""momentum"", ""weaken_cnt"": 4, ""price_new"": true}, ""ratios"": {""volume_ratio"": 0.3091689114891011, ""atr_ratio"": 0.46493093433286065, ""speed_ratio"": 0.4512561789736615, ""strength_ratio"": 0.5386901153134793}, ""macd"": {""type"": ""macd"", ""peak1"": -5.238926137778952, ""peak2"": -3.049268196381078, ""mode"": ""down""}}, ""context"": {""boundary_proximity"": NaN, ""rejection_speed"": 0.94893809308631, ""window_span_norm"": 0.88}}"
2025-06-04 15:45:00+00:00,SIG.BEICHI.TREND.UP,2667.93,3.388,"{""seg_idx"": [91, 92, 93], ""score"": 3.388, ""evidences"": {""volume_price"": {""type"": ""volume_price"", ""price_new"": true, ""vol_weaker"": true, ""mom_weaker"": true}, ""momentum"": {""type"": ""momentum"", ""weaken_cnt"": 3, ""price_new"": true}, ""ratios"": {""volume_ratio"": 0.982189748169166, ""atr_ratio"": 0.8256240164346127, ""speed_ratio"": 0.9091787209282766, ""strength_ratio"": 0.6431287362474312}, ""macd"": {""type"": ""macd"", ""peak1"": 5.354649670726582, ""peak2"": 5.789736632349818, ""mode"": ""up""}}, ""context"": {""boundary_proximity"": NaN, ""rejection_speed"": 1.1740983456303336, ""window_span_norm"": 0.97}}"
2025-06-04 17:30:00+00:00,SIG.BEICHI.RANGE.UP,2636.26,2.3217056251866364,"{""zs_index"": 19, ""score"": 2.3217056251866364, ""evidences"": {""volume_price"": {""type"": ""volume_price"", ""price_new"": true, ""vol_weaker"": false, ""mom_weaker"": true}, ""momentum"": {""type"": ""momentum"", ""weaken_cnt"": 1, ""price_new"": true}, ""ratios"": {""volume_ratio"": 2.786407415314582, ""atr_ratio"": 2.2688091013329355, ""speed_ratio"": 2.649163897815826, ""strength_ratio"": 0.6627305391068209}, ""macd"": {""type"": ""macd"", ""peak1"": 0.9018025447464977, ""peak2"": 5.789736632349818, ""mode"": ""up""}}, ""context"": {""boundary_proximity"": 0.11950937531106043, ""rejection_speed"": 1.1659681018997183, ""window_span_norm"": 0.125}}"
2025-06-08 17:00:00+00:00,SIG.BEICHI.TREND.UP,2526.61,1.1380569758948278,"{""seg_idx"": [96, 97, 98], ""score"": 1.1380569758948278, ""evidences"": {""volume_price"": {""type"": ""volume_price"", ""price_new"": false, ""vol_weaker"": false, ""mom_weaker"": false}, ""momentum"": {""type"": ""momentum"", ""weaken_cnt"": 1, ""price_new"": false}, ""ratios"": {""volume_ratio"": 1.0689469474716318, ""atr_ratio"": 1.1058457491639657, ""speed_ratio"": 1.0179971974843611, ""strength_ratio"": 1.5823274421791231}, ""macd"": {""type"": ""macd"", ""peak1"": 2.70902875360303, ""peak2"": 1.6243636813506113, ""mode"": ""up""}}, ""context"": {""boundary_proximity"": NaN, ""rejection_speed"": 0.23009495982471287, ""window_span_norm"": 1.0}}"
2025-06-09 09:45:00+00:00,SIG.BEICHI.RANGE.DOWN,2509.29,3.728,"{""zs_index"": 20, ""score"": 3.728, ""evidences"": {""volume_price"": {""type"": ""volume_price"", ""price_new"": true, ""vol_weaker"": false, ""mom_weaker"": true}, ""momentum"": {""type"": ""momentum"", ""weaken_cnt"": 3, ""price_new"": true}, ""ratios"": {""volume_ratio"": 1.0547993048309228, ""atr_ratio"": 0.9811567074417704, ""speed_ratio"": 0.9663190463190496, ""strength_ratio"": 0.5139916767357552}, ""macd"": {""type"": ""macd"", ""peak1"": -2.3284790521152807, ""peak2"": -3.6949048886295164, ""mode"": ""down""}}, ""context"": {""boundary_proximity"": 1.0, ""rejection_speed"": 1.5140469237740248, ""window_span_norm"": 0.32}}"
2025-06-11 00:15:00+00:00,SIG.BEICHI.TREND.UP,2805.78,2.0588739854762887,"{""seg_idx"": [98, 99, 100], ""score"": 2.0588739854762887, ""evidences"": {""volume_price"": {""type"": ""volume_price"", ""price_new"": true, ""vol_weaker"": false, ""mom_weaker"": true}, ""momentum"": {""type"": ""momentum"", ""weaken_cnt"": 1, ""price_new"": true}, ""ratios"": {""volume_ratio"": 4.351608961791994, ""atr_ratio"": 3.63245075824315, ""speed_ratio"": 3.082178108018209, ""strength_ratio"": 0.8924956535210692}, ""macd"": {""type"": ""macd"", ""peak1"": 1.6243636813506113, ""peak2"": 3.781235192035478, ""mode"": ""up""}}, ""context"": {""boundary_proximity"": NaN, ""rejection_speed"": 0.49145664246048104, ""window_span_norm"": 0.41000000000000003}}"
2025-06-14 17:00:00+00:00,SIG.BEICHI.TREND.DOWN,2503.57,3.1082893904239524,"{""seg_idx"": [102, 103, 104], ""score"": 3.1082893904239524, ""evidences"": {""volume_price"": {""type"": ""volume_price"", ""price_new"": true, ""vol_weaker"": true, ""mom_weaker"": true}, ""momentum"": {""type"": ""momentum"", ""weaken_cnt"": 3, ""price_new"": true}, ""ratios"": {""volume_ratio"": 0.31210314742119055, ""atr_ratio"": 0.48766315570144414, ""speed_ratio"": 0.5423747765222912, ""strength_ratio"": 0.26108257109763866}, ""macd"": {""type"": ""macd"", ""peak1"": -6.726598339210888, ""peak2"": -4.747093159901134, ""mode"": ""down""}}, ""context"": {""boundary_proximity"": NaN, ""rejection_speed"": 0.5138156507065872, ""window_span_norm"": 1.0}}"
2025-06-18 04:45:00+00:00,SIG.BEICHI.TREND.UP,2536.97,1.4220885566417374,"{""seg_idx"": [106, 107, 108], ""score"": 1.4220885566417374, ""evidences"": {""volume_price"": {""type"": ""volume_price"", ""price_new"": false, ""vol_weaker"": true, ""mom_weaker"": true}, ""momentum"": {""type"": ""momentum"", ""weaken_cnt"": 4, ""price_new"": false}, ""ratios"": {""volume_ratio"": 0.46986662108039445, ""atr_ratio"": 0.9128053246205677, ""speed_ratio"": 0.9765599515354982, ""strength_ratio"": 0.6602563131663153}, ""macd"": {""type"": ""macd"", ""peak1"": 4.070084375458537, ""peak2"": 1.9461234891619532, ""mode"": ""up""}}, ""context"": {""boundary_proximity"": NaN, ""rejection_speed"": 0.8568142610695624, ""window_span_norm"": 0.77}}"
2025-06-18 13:30:00+00:00,SIG.BEICHI.TREND.DOWN,2486.7,2.7106237312586905,"{""seg_idx"": [107, 108, 109], ""score"": 2.7106237312586905, ""evidences"": {""volume_price"": {""type"": ""volume_price"", ""price_new"": true, ""vol_weaker"": true, ""mom_weaker"": true}, ""momentum"": {""type"": ""momentum"", ""weaken_cnt"": 4, ""price_new"": true}, ""ratios"": {""volume_ratio"": 0.40583320205190326, ""atr_ratio"": 0.5828985394833568, ""speed_ratio"": 0.4086054228546171, ""strength_ratio"": 0.5873150104690642}, ""macd"": {""type"": ""macd"", ""peak1"": -11.972730333980273, ""peak2"": -4.030601874637661, ""mode"": ""down""}}, ""context"": {""boundary_proximity"": NaN, ""rejection_speed"": 0.2777062187644839, ""window_span_norm"": 0.36}}"
2025-06-19 15:45:00+00:00,SIG.BEICHI.TREND.DOWN,2492.97,1.2450999773294247,"{""seg_idx"": [109, 110, 111], ""score"": 1.2450999773294247, ""evidences"": {""volume_price"": {""type"": ""volume_price"", ""price_new"": false, ""vol_weaker"": true, ""mom_weaker"": true}, ""momentum"": {""type"": ""momentum"", ""weaken_cnt"": 3, ""price_new"": false}, ""ratios"": {""volume_ratio"": 0.5716204112794825, ""atr_ratio"": 0.7210679807426735, ""speed_ratio"": 0.7657605967151854, ""strength_ratio"": 1.2082640493369832}, ""macd"": {""type"": ""macd"", ""peak1"": -4.030601874637661, ""peak2"": -3.23981191892725, ""mode"": ""down""}}, ""context"": {""boundary_proximity"": NaN, ""rejection_speed"": 0.7818332955490414, ""window_span_norm"": 0.44}}"
2025-06-20 08:15:00+00:00,SIG.BEICHI.TREND.UP,2561.34,3.264,"{""seg_idx"": [110, 111, 112], ""score"": 3.264, ""evidences"": {""volume_price"": {""type"": ""volume_price"", ""price_new"": true, ""vol_weaker"": true, ""mom_weaker"": true}, ""momentum"": {""type"": ""momentum"", ""weaken_cnt"": 3, ""price_new"": true}, ""ratios"": {""volume_ratio"": 0.6897129558453482, ""atr_ratio"": 0.5053466366671001, ""speed_ratio"": 0.5654486586493956, ""strength_ratio"": 0.8709908489563762}, ""macd"": {""type"": ""macd"", ""peak1"": 4.145127489960004, ""peak2"": 5.22863410518479, ""mode"": ""up""}}, ""context"": {""boundary_proximity"": NaN, ""rejection_speed"": 1.4441897372597812, ""window_span_norm"": 0.6599999999999999}}"
2025-06-20 13:30:00+00:00,SIG.BEICHI.RANGE.UP,2548.97,1.9349573459715708,"{""zs_index"": 22, ""score"": 1.9349573459715708, ""evidences"": {""volume_price"": {""type"": ""volume_price"", ""price_new"": false, ""vol_weaker"": true, ""mom_weaker"": true}, ""momentum"": {""type"": ""momentum"", ""weaken_cnt"": 3, ""price_new"": false}, ""ratios"": {""volume_ratio"": 0.7158359640315163, ""atr_ratio"": 0.7229122876706822, ""speed_ratio"": 0.8341027120600182, ""strength_ratio"": 1.3553056427048427}, ""macd"": {""type"": ""macd"", ""peak1"": 6.532742735056342, ""peak2"": 5.22863410518479, ""mode"": ""up""}}, ""context"": {""boundary_proximity"": 1.0, ""rejection_speed"": 0.9482622432859514, ""window_span_norm"": 0.415}}"
2025-06-21 21:45:00+00:00,SIG.BEICHI.TREND.DOWN,2281.8,2.6,"{""seg_idx"": [111, 112, 113], ""score"": 2.6, ""evidences"": {""volume_price"": {""type"": ""volume_price"", ""price_new"": true, ""vol_weaker"": false, ""mom_weaker"": true}, ""momentum"": {""type"": ""momentum"", ""weaken_cnt"": 1, ""price_new"": true}, ""ratios"": {""volume_ratio"": 1.960231377573418, ""atr_ratio"": 1.4760464716146717, ""speed_ratio"": 1.22384636998294, ""strength_ratio"": 0.7664429911330842}, ""macd"": {""type"": ""macd"", ""peak1"": -3.23981191892725, ""peak2"": -10.567668453317669, ""mode"": ""down""}}, ""context"": {""boundary_proximity"": NaN, ""rejection_speed"": 2.2756335282651006, ""window_span_norm"": 1.0}}"
2025-06-24 05:45:00+00:00,SIG.BEICHI.RANGE.UP,2420.01,3.611352883675473,"{""zs_index"": 23, ""score"": 3.611352883675473, ""evidences"": {""volume_price"": {""type"": ""volume_price"", ""price_new"": true, ""vol_weaker"": true, ""mom_weaker"": true}, ""momentum"": {""type"": ""momentum"", ""weaken_cnt"": 2, ""price_new"": true}, ""ratios"": {""volume_ratio"": 0.6737612965142298, ""atr_ratio"": 0.5532918312290175, ""speed_ratio"": 0.6871835831899742, ""strength_ratio"": 1.2648900164032244}, ""macd"": {""type"": ""macd"", ""peak1"": 4.95829279831206, ""peak2"": 7.978076025259435, ""mode"": ""up""}}, ""context"": {""boundary_proximity"": 1.0, ""rejection_speed"": 0.8222548061257887, ""window_span_norm"": 0.295}}"
2025-06-25 19:15:00+00:00,SIG.BEICHI.TREND.UP,2435.81,3.3280000000000003,"{""seg_idx"": [115, 116, 117], ""score"": 3.3280000000000003, ""evidences"": {""volume_price"": {""type"": ""volume_price"", ""price_new"": true, ""vol_weaker"": false, ""mom_weaker"": true}, ""momentum"": {""type"": ""momentum"", ""weaken_cnt"": 2, ""price_new"": true}, ""ratios"": {""volume_ratio"": 1.3357000499538612, ""atr_ratio"": 1.3291553848400421, ""speed_ratio"": 1.0958663991826638, ""strength_ratio"": 0.538802501621271}, ""macd"": {""type"": ""macd"", ""peak1"": 8.677461880352986, ""peak2"": 2.432733995040941, ""mode"": ""up""}}, ""context"": {""boundary_proximity"": NaN, ""rejection_speed"": 1.5039180600974789, ""window_span_norm"": 0.8200000000000001}}"
2025-06-27 07:15:00+00:00,SIG.BEICHI.TREND.UP,2445.72,2.9796653539525497,"{""seg_idx"": [117, 118, 119], ""score"": 2.9796653539525497, ""evidences"": {""volume_price"": {""type"": ""volume_price"", ""price_new"": true, ""vol_weaker"": true, ""mom_weaker"": true}, ""momentum"": {""type"": ""momentum"", ""weaken_cnt"": 3, ""price_new"": true}, ""ratios"": {""volume_ratio"": 0.6948793806086228, ""atr_ratio"": 0.6429604656449415, ""speed_ratio"": 0.7349313812874169, ""strength_ratio"": 0.5682139953213965}, ""macd"": {""type"": ""macd"", ""peak1"": 2.432733995040941, ""peak2"": 3.886571626185202, ""mode"": ""up""}}, ""context"": {""boundary_proximity"": NaN, ""rejection_speed"": 0.40610892325424913, ""window_span_norm"": 0.8400000000000001}}"
2025-06-27 19:45:00+00:00,SIG.BEICHI.RANGE.DOWN,2412.67,1.1939813834848463,"{""zs_index"": 24, ""score"": 1.1939813834848463, ""evidences"": {""volume_price"": {""type"": ""volume_price"", ""price_new"": false, ""vol_weaker"": true, ""mom_weaker"": true}, ""momentum"": {""type"": ""momentum"", ""weaken_cnt"": 2, ""price_new"": false}, ""ratios"": {""volume_ratio"": 0.4417043149040002, ""atr_ratio"": 0.6293388421066014, ""speed_ratio"": 0.6375165625591698, ""strength_ratio"": 4.249646232375384}, ""macd"": {""type"": ""macd"", ""peak1"": -4.456410124180403, ""peak2"": -3.5245270739258494, ""mode"": ""down""}}, ""context"": {""boundary_proximity"": 0.3462903008926749, ""rejection_speed"": 0.5870120049154021, ""window_span_norm"": 0.085}}"
2025-06-29 10:15:00+00:00,SIG.BEICHI.RANGE.UP,2454.71,3.866,"{""zs_index"": 24, ""score"": 3.866, ""evidences"": {""volume_price"": {""type"": ""volume_price"", ""price_new"": true, ""vol_weaker"": true, ""mom_weaker"": true}, ""momentum"": {""type"": ""momentum"", ""weaken_cnt"": 2, ""price_new"": true}, ""ratios"": {""volume_ratio"": 0.7166928745843668, ""atr_ratio"": 0.6235999392561735, ""speed_ratio"": 0.9090575474149029, ""strength_ratio"": 3.5904420451684147}, ""macd"": {""type"": ""macd"", ""peak1"": 3.2897740246627745, ""peak2"": 1.5678666491395905, ""mode"": ""up""}}, ""context"": {""boundary_proximity"": 1.0, ""rejection_speed"": 1.017317487266561, ""window_span_norm"": 0.665}}"
2025-07-02 04:30:00+00:00,SIG.BEICHI.RANGE.DOWN,2435.32,2.27456815206318,"{""zs_index"": 25, ""score"": 2.27456815206318, ""evidences"": {""volume_price"": {""type"": ""volume_price"", ""price_new"": true, ""vol_weaker"": false, ""mom_weaker"": true}, ""momentum"": {""type"": ""momentum"", ""weaken_cnt"": 1, ""price_new"": true}, ""ratios"": {""volume_ratio"": 1.4602682366753672, ""atr_ratio"": 1.9231315521327985, ""speed_ratio"": 1.02526042636668, ""strength_ratio"": 0.24732043776047904}, ""macd"": {""type"": ""macd"", ""peak1"": -0.8111041431822028, ""peak2"": -1.9179003318221923, ""mode"": ""down""}}, ""context"": {""boundary_proximity"": 0.23120333036169882, ""rejection_speed"": 0.6730769230769346, ""window_span_norm"": 0.33}}"
2025-07-02 12:45:00+00:00,SIG.BEICHI.TREND.DOWN,2438.5,3.2425928195074336,"{""seg_idx"": [121, 122, 123], ""score"": 3.2425928195074336, ""evidences"": {""volume_price"": {""type"": ""volume_price"", ""price_new"": true, ""vol_weaker"": true, ""mom_weaker"": true}, ""momentum"": {""type"": ""momentum"", ""weaken_cnt"": 3, ""price_new"": true}, ""ratios"": {""volume_ratio"": 0.83361056228035, ""atr_ratio"": 0.992030428281427, ""speed_ratio"": 0.8262739517219834, ""strength_ratio"": 0.4859638626468395}, ""macd"": {""type"": ""macd"", ""peak1"": -2.9970772292537537, ""peak2"": -3.5792943915277426, ""mode"": ""down""}}, ""context"": {""boundary_proximity"": NaN, ""rejection_speed"": 0.7376546991790564, ""window_span_norm"": 1.0}}"
2025-07-02 22:30:00+00:00,SIG.BEICHI.TREND.UP,2600.17,2.0402711058263914,"{""seg_idx"": [122, 123, 124], ""score"": 2.0402711058263914, ""evidences"": {""volume_price"": {""type"": ""volume_price"", ""price_new"": true, ""vol_weaker"": false, ""mom_weaker"": true}, ""momentum"": {""type"": ""momentum"", ""weaken_cnt"": 1, ""price_new"": true}, ""ratios"": {""volume_ratio"": 1.6824973931742622, ""atr_ratio"": 0.9227709573910604, ""speed_ratio"": 1.1214631760906102, ""strength_ratio"": 1.1493122929026447}, ""macd"": {""type"": ""macd"", ""peak1"": 3.7871128362283004, ""peak2"": 10.161152165152544, ""mode"": ""up""}}, ""context"": {""boundary_proximity"": NaN, ""rejection_speed"": 0.3204518430439854, ""window_span_norm"": 0.62}}"
2025-07-03 12:30:00+00:00,SIG.BEICHI.TREND.UP,2579.24,3.3200000000000003,"{""seg_idx"": [124, 125, 126], ""score"": 3.3200000000000003, ""evidences"": {""volume_price"": {""type"": ""volume_price"", ""price_new"": true, ""vol_weaker"": true, ""mom_weaker"": true}, ""momentum"": {""type"": ""momentum"", ""weaken_cnt"": 4, ""price_new"": true}, ""ratios"": {""volume_ratio"": 0.4734134735704195, ""atr_ratio"": 0.6944569885019708, ""speed_ratio"": 0.6307364685004478, ""strength_ratio"": 0.11640545654263566}, ""macd"": {""type"": ""macd"", ""peak1"": 10.161152165152544, ""peak2"": 3.3361693337215144, ""mode"": ""up""}}, ""context"": {""boundary_proximity"": NaN, ""rejection_speed"": 1.5458786936236555, ""window_span_norm"": 0.8}}"
2025-07-04 08:00:00+00:00,SIG.BEICHI.TREND.DOWN,2530.51,3.184,"{""seg_idx"": [125, 126, 127], ""score"": 3.184, ""evidences"": {""volume_price"": {""type"": ""volume_price"", ""price_new"": true, ""vol_weaker"": true, ""mom_weaker"": true}, ""momentum"": {""type"": ""momentum"", ""weaken_cnt"": 2, ""price_new"": true}, ""ratios"": {""volume_ratio"": 0.640881290412664, ""atr_ratio"": 0.6330265508191113, ""speed_ratio"": 0.7926063866473522, ""strength_ratio"": 1.5921480372348018}, ""macd"": {""type"": ""macd"", ""peak1"": -6.818735106332749, ""peak2"": -3.301537565267603, ""mode"": ""down""}}, ""context"": {""boundary_proximity"": NaN, ""rejection_speed"": 1.6397463002114099, ""window_span_norm"": 0.46}}"
2025-07-08 10:15:00+00:00,SIG.BEICHI.RANGE.DOWN,2558.99,2.848176480195404,"{""zs_index"": 26, ""score"": 2.848176480195404, ""evidences"": {""volume_price"": {""type"": ""volume_price"", ""price_new"": true, ""vol_weaker"": true, ""mom_weaker"": true}, ""momentum"": {""type"": ""momentum"", ""weaken_cnt"": 1, ""price_new"": true}, ""ratios"": {""volume_ratio"": 0.7234097764222126, ""atr_ratio"": 1.1425470154900161, ""speed_ratio"": 1.0245606236899298, ""strength_ratio"": 0.1790547616846317}, ""macd"": {""type"": ""macd"", ""peak1"": -1.9538360910911767, ""peak2"": -2.1204760508762774, ""mode"": ""down""}}, ""context"": {""boundary_proximity"": 0.7802941336590059, ""rejection_speed"": 1.1243815441260332, ""window_span_norm"": 0.45}}"
2025-07-09 05:45:00+00:00,SIG.BEICHI.RANGE.UP,2628.21,3.716,"{""zs_index"": 26, ""score"": 3.716, ""evidences"": {""volume_price"": {""type"": ""volume_price"", ""price_new"": true, ""vol_weaker"": true, ""mom_weaker"": true}, ""momentum"": {""type"": ""momentum"", ""weaken_cnt"": 3, ""price_new"": true}, ""ratios"": {""volume_ratio"": 0.4269424656090626, ""atr_ratio"": 0.4661098875223718, ""speed_ratio"": 0.690936552596561, ""strength_ratio"": 0.14882241305268118}, ""macd"": {""type"": ""macd"", ""peak1"": 5.955231175892869, ""peak2"": 4.758034648344745, ""mode"": ""up""}}, ""context"": {""boundary_proximity"": 1.0, ""rejection_speed"": 2.3758086354746517, ""window_span_norm"": 0.29}}"
2025-07-12 07:15:00+00:00,SIG.BEICHI.TREND.UP,2971.19,3.328,"{""seg_idx"": [133, 134, 135], ""score"": 3.328, ""evidences"": {""volume_price"": {""type"": ""volume_price"", ""price_new"": true, ""vol_weaker"": true, ""mom_weaker"": true}, ""momentum"": {""type"": ""momentum"", ""weaken_cnt"": 4, ""price_new"": true}, ""ratios"": {""volume_ratio"": 0.33428283404448006, ""atr_ratio"": 0.7063254600488867, ""speed_ratio"": 0.6889857463460538, ""strength_ratio"": 0.2847095685505801}, ""macd"": {""type"": ""macd"", ""peak1"": 8.552221049294943, ""peak2"": 2.394950468045052, ""mode"": ""up""}}, ""context"": {""boundary_proximity"": NaN, ""rejection_speed"": 1.1329711181012525, ""window_span_norm"": 0.82}}"
2025-07-15 14:00:00+00:00,SIG.BEICHI.TREND.UP,3062.99,3.232,"{""seg_idx"": [137, 138, 139], ""score"": 3.232, ""evidences"": {""volume_price"": {""type"": ""volume_price"", ""price_new"": true, ""vol_weaker"": true, ""mom_weaker"": true}, ""momentum"": {""type"": ""momentum"", ""weaken_cnt"": 2, ""price_new"": true}, ""ratios"": {""volume_ratio"": 0.7286158063259116, ""atr_ratio"": 0.7980054506109368, ""speed_ratio"": 0.9100069168845565, ""strength_ratio"": 1.913026042147132}, ""macd"": {""type"": ""macd"", ""peak1"": 7.185204270200823, ""peak2"": 9.324761939817451, ""mode"": ""up""}}, ""context"": {""boundary_proximity"": NaN, ""rejection_speed"": 1.265793439202489, ""window_span_norm"": 0.5800000000000001}}"
2025-07-17 06:00:00+00:00,SIG.BEICHI.RANGE.DOWN,3373.5,2.473045115948755,"{""zs_index"": 28, ""score"": 2.473045115948755, ""evidences"": {""volume_price"": {""type"": ""volume_price"", ""price_new"": true, ""vol_weaker"": false, ""mom_weaker"": true}, ""momentum"": {""type"": ""momentum"", ""weaken_cnt"": 1, ""price_new"": true}, ""ratios"": {""volume_ratio"": 1.0699952426308632, ""atr_ratio"": 1.2568433070439695, ""speed_ratio"": 1.9352912921155019, ""strength_ratio"": 0.21575246132206838}, ""macd"": {""type"": ""macd"", ""peak1"": -9.03903402326403, ""peak2"": -7.793323567817515, ""mode"": ""down""}}, ""context"": {""boundary_proximity"": 0.8543584341913757, ""rejection_speed"": 0.5073834257232159, ""window_span_norm"": 0.14}}"
2025-07-17 10:30:00+00:00,SIG.BEICHI.TREND.UP,3455.98,2.0789311893077205,"{""seg_idx"": [139, 140, 141], ""score"": 2.0789311893077205, ""evidences"": {""volume_price"": {""type"": ""volume_price"", ""price_new"": true, ""vol_weaker"": false, ""mom_weaker"": true}, ""momentum"": {""type"": ""momentum"", ""weaken_cnt"": 1, ""price_new"": true}, ""ratios"": {""volume_ratio"": 1.3172001000952915, ""atr_ratio"": 1.4867879281891536, ""speed_ratio"": 1.4177241461100534, ""strength_ratio"": 0.8416746865911807}, ""macd"": {""type"": ""macd"", ""peak1"": 9.324761939817451, ""peak2"": 10.873959589046102, ""mode"": ""up""}}, ""context"": {""boundary_proximity"": NaN, ""rejection_speed"": 0.4448853155128675, ""window_span_norm"": 0.53}}"
2025-07-17 19:30:00+00:00,SIG.BEICHI.TREND.UP,3443.25,0.8379834782925115,"{""seg_idx"": [141, 142, 143], ""score"": 0.8379834782925115, ""evidences"": {""volume_price"": {""type"": ""volume_price"", ""price_new"": false, ""vol_weaker"": true, ""mom_weaker"": true}, ""momentum"": {""type"": ""momentum"", ""weaken_cnt"": 3, ""price_new"": false}, ""ratios"": {""volume_ratio"": 0.9773686477269667, ""atr_ratio"": 1.313300966945471, ""speed_ratio"": 0.8007612355438462, ""strength_ratio"": 0.5102091191693823}, ""macd"": {""type"": ""macd"", ""peak1"": 10.873959589046102, ""peak2"": 4.4727051047273125, ""mode"": ""up""}}, ""context"": {""boundary_proximity"": NaN, ""rejection_speed"": 0.04330579715418577, ""window_span_norm"": 0.53}}"
2025-07-18 05:45:00+00:00,SIG.BEICHI.RANGE.UP,3669.9,2.89,"{""zs_index"": 28, ""score"": 2.89, ""evidences"": {""volume_price"": {""type"": ""volume_price"", ""price_new"": true, ""vol_weaker"": false, ""mom_weaker"": true}, ""momentum"": {""type"": ""momentum"", ""weaken_cnt"": 1, ""price_new"": true}, ""ratios"": {""volume_ratio"": 2.007706051265483, ""atr_ratio"": 1.5462329854651278, ""speed_ratio"": 3.450653370013757, ""strength_ratio"": 0.7312004256611049}, ""macd"": {""type"": ""macd"", ""peak1"": 4.4727051047273125, ""peak2"": 12.564744841116099, ""mode"": ""up""}}, ""context"": {""boundary_proximity"": 1.0, ""rejection_speed"": 1.380406187519734, ""window_span_norm"": 0.225}}"
2025-07-20 03:45:00+00:00,SIG.BEICHI.RANGE.UP,3658.01,3.649519812479075,"{""zs_index"": 29, ""score"": 3.649519812479075, ""evidences"": {""volume_price"": {""type"": ""volume_price"", ""price_new"": true, ""vol_weaker"": true, ""mom_weaker"": true}, ""momentum"": {""type"": ""momentum"", ""weaken_cnt"": 2, ""price_new"": true}, ""ratios"": {""volume_ratio"": 0.7752326188155229, ""atr_ratio"": 0.8750034275748709, ""speed_ratio"": 0.7876572411568634, ""strength_ratio"": 21.597079048535324}, ""macd"": {""type"": ""macd"", ""peak1"": 4.088543905213041, ""peak2"": 5.425756844234424, ""mode"": ""up""}}, ""context"": {""boundary_proximity"": 1.0, ""rejection_speed"": 0.9625330207984584, ""window_span_norm"": 0.18}}"
2025-07-20 03:45:00+00:00,SIG.BEICHI.TREND.UP,3658.01,3.2474332302502145,"{""seg_idx"": [144, 145, 146], ""score"": 3.2474332302502145, ""evidences"": {""volume_price"": {""type"": ""volume_price"", ""price_new"": true, ""vol_weaker"": true, ""mom_weaker"": true}, ""momentum"": {""type"": ""momentum"", ""weaken_cnt"": 4, ""price_new"": true}, ""ratios"": {""volume_ratio"": 0.3965771155919104, ""atr_ratio"": 0.49874020222969895, ""speed_ratio"": 0.5731925312599321, ""strength_ratio"": 0.9902637773013894}, ""macd"": {""type"": ""macd"", ""peak1"": 12.564744841116099, ""peak2"": 5.425756844234424, ""mode"": ""up""}}, ""context"": {""boundary_proximity"": NaN, ""rejection_speed"": 0.9790553837503577, ""window_span_norm"": 0.65}}"
2025-07-21 14:45:00+00:00,SIG.BEICHI.TREND.UP,3841.02,2.064204158790168,"{""seg_idx"": [146, 147, 148], ""score"": 2.064204158790168, ""evidences"": {""volume_price"": {""type"": ""volume_price"", ""price_new"": true, ""vol_weaker"": false, ""mom_weaker"": true}, ""momentum"": {""type"": ""momentum"", ""weaken_cnt"": 1, ""price_new"": true}, ""ratios"": {""volume_ratio"": 1.5101632873136899, ""atr_ratio"": 1.2523676766681036, ""speed_ratio"": 1.1422796696760782, ""strength_ratio"": 0.49331744185384535}, ""macd"": {""type"": ""macd"", ""peak1"": 5.425756844234424, ""peak2"": 4.440163635358626, ""mode"": ""up""}}, ""context"": {""boundary_proximity"": NaN, ""rejection_speed"": 0.24700693131694648, ""window_span_norm"": 0.79}}"
2025-07-22 00:30:00+00:00,SIG.BEICHI.RANGE.UP,3748.45,1.5050839805421024,"{""zs_index"": 30, ""score"": 1.5050839805421024, ""evidences"": {""volume_price"": {""type"": ""volume_price"", ""price_new"": false, ""vol_weaker"": true, ""mom_weaker"": true}, ""momentum"": {""type"": ""momentum"", ""weaken_cnt"": 3, ""price_new"": false}, ""ratios"": {""volume_ratio"": 0.42509210263284947, ""atr_ratio"": 0.9244158586045298, ""speed_ratio"": 0.8726134242604376, ""strength_ratio"": 3.8638810699593593}, ""macd"": {""type"": ""macd"", ""peak1"": 4.440163635358626, ""peak2"": 4.18662815058728, ""mode"": ""up""}}, ""context"": {""boundary_proximity"": 0.6586345381525861, ""rejection_speed"": 0.5765054294175846, ""window_span_norm"": 0.41}}"
2025-07-23 10:15:00+00:00,SIG.BEICHI.TREND.DOWN,3657.79,0.8945262808270446,"{""seg_idx"": [150, 151, 152], ""score"": 0.8945262808270446, ""evidences"": {""volume_price"": {""type"": ""volume_price"", ""price_new"": false, ""vol_weaker"": true, ""mom_weaker"": true}, ""momentum"": {""type"": ""momentum"", ""weaken_cnt"": 3, ""price_new"": false}, ""ratios"": {""volume_ratio"": 0.5028530536390152, ""atr_ratio"": 0.5733088965757323, ""speed_ratio"": 0.552000195260065, ""strength_ratio"": 1.5934979032631458}, ""macd"": {""type"": ""macd"", ""peak1"": -8.791719087490828, ""peak2"": -5.372222036710936, ""mode"": ""down""}}, ""context"": {""boundary_proximity"": NaN, ""rejection_speed"": 0.05754380137840769, ""window_span_norm"": 0.65}}"
2025-07-23 10:15:00+00:00,SIG.BEICHI.RANGE.DOWN,3657.79,2.328526280827045,"{""zs_index"": 30, ""score"": 2.328526280827045, ""evidences"": {""volume_price"": {""type"": ""volume_price"", ""price_new"": true, ""vol_weaker"": false, ""mom_weaker"": true}, ""momentum"": {""type"": ""momentum"", ""weaken_cnt"": 1, ""price_new"": true}, ""ratios"": {""volume_ratio"": 1.024687615788957, ""atr_ratio"": 0.711372287875024, ""speed_ratio"": 1.096893765290239, ""strength_ratio"": 23.93075593327342}, ""macd"": {""type"": ""macd"", ""peak1"": -3.5768506692524165, ""peak2"": -5.372222036710936, ""mode"": ""down""}}, ""context"": {""boundary_proximity"": 1.0, ""rejection_speed"": 0.05754380137840769, ""window_span_norm"": 0.235}}"
2025-07-25 17:45:00+00:00,SIG.BEICHI.RANGE.DOWN,3636.48,3.1074169499472526,"{""zs_index"": 31, ""score"": 3.1074169499472526, ""evidences"": {""volume_price"": {""type"": ""volume_price"", ""price_new"": true, ""vol_weaker"": false, ""mom_weaker"": true}, ""momentum"": {""type"": ""momentum"", ""weaken_cnt"": 3, ""price_new"": true}, ""ratios"": {""volume_ratio"": 1.046841695639662, ""atr_ratio"": 1.2040315416495955, ""speed_ratio"": 0.851162149566457, ""strength_ratio"": 0.12991113246691605}, ""macd"": {""type"": ""macd"", ""peak1"": 0.2914933397276087, ""peak2"": -12.105605841042163, ""mode"": ""down""}}, ""context"": {""boundary_proximity"": 1.0, ""rejection_speed"": 0.08902824991208802, ""window_span_norm"": 0.135}}"
2025-07-26 02:45:00+00:00,SIG.BEICHI.RANGE.UP,3742.67,3.226402715970078,"{""zs_index"": 31, ""score"": 3.226402715970078, ""evidences"": {""volume_price"": {""type"": ""volume_price"", ""price_new"": true, ""vol_weaker"": true, ""mom_weaker"": true}, ""momentum"": {""type"": ""momentum"", ""weaken_cnt"": 2, ""price_new"": true}, ""ratios"": {""volume_ratio"": 0.5367240862954589, ""atr_ratio"": 0.6202365692314982, ""speed_ratio"": 0.7781831187410532, ""strength_ratio"": 5.216389694497891}, ""macd"": {""type"": ""macd"", ""peak1"": 11.284849078100812, ""peak2"": 9.57568410149983, ""mode"": ""up""}}, ""context"": {""boundary_proximity"": 1.0, ""rejection_speed"": 0.21067119328346323, ""window_span_norm"": 0.25}}"
2025-07-26 02:45:00+00:00,SIG.BEICHI.TREND.UP,3742.67,2.718402715970078,"{""seg_idx"": [154, 155, 156], ""score"": 2.718402715970078, ""evidences"": {""volume_price"": {""type"": ""volume_price"", ""price_new"": true, ""vol_weaker"": true, ""mom_weaker"": true}, ""momentum"": {""type"": ""momentum"", ""weaken_cnt"": 4, ""price_new"": true}, ""ratios"": {""volume_ratio"": 0.5470594475029881, ""atr_ratio"": 0.5276544631402853, ""speed_ratio"": 0.8500696331356277, ""strength_ratio"": 0.8097370676881855}, ""macd"": {""type"": ""macd"", ""peak1"": 8.3735661135893, ""peak2"": 9.57568410149983, ""mode"": ""up""}}, ""context"": {""boundary_proximity"": NaN, ""rejection_speed"": 0.21067119328346323, ""window_span_norm"": 0.48000000000000004}}"
2025-07-26 15:15:00+00:00,SIG.BEICHI.TREND.DOWN,3724.86,0.9463280009206887,"{""seg_idx"": [155, 156, 157], ""score"": 0.9463280009206887, ""evidences"": {""volume_price"": {""type"": ""volume_price"", ""price_new"": false, ""vol_weaker"": true, ""mom_weaker"": true}, ""momentum"": {""type"": ""momentum"", ""weaken_cnt"": 4, ""price_new"": false}, ""ratios"": {""volume_ratio"": 0.742813812676688, ""atr_ratio"": 0.8177905991334276, ""speed_ratio"": 0.6272565306450475, ""strength_ratio"": 0.9226464266906836}, ""macd"": {""type"": ""macd"", ""peak1"": -8.378729436431602, ""peak2"": -3.7787432463889807, ""mode"": ""down""}}, ""context"": {""boundary_proximity"": NaN, ""rejection_speed"": 0.2505466682011479, ""window_span_norm"": 0.49}}"
2025-07-27 05:15:00+00:00,SIG.BEICHI.TREND.UP,3799.64,3.029327805744726,"{""seg_idx"": [156, 157, 158], ""score"": 3.029327805744726, ""evidences"": {""volume_price"": {""type"": ""volume_price"", ""price_new"": true, ""vol_weaker"": true, ""mom_weaker"": true}, ""momentum"": {""type"": ""momentum"", ""weaken_cnt"": 3, ""price_new"": true}, ""ratios"": {""volume_ratio"": 0.6860039512271037, ""atr_ratio"": 0.7993295166061516, ""speed_ratio"": 0.600317183904471, ""strength_ratio"": 1.3725996023194553}, ""macd"": {""type"": ""macd"", ""peak1"": 9.57568410149983, ""peak2"": 2.6052534239531155, ""mode"": ""up""}}, ""context"": {""boundary_proximity"": NaN, ""rejection_speed"": 0.7155463429078762, ""window_span_norm"": 0.5}}"
2025-07-30 07:00:00+00:00,SIG.BEICHI.TREND.UP,3820.41,1.0460592168099452,"{""seg_idx"": [163, 164, 165], ""score"": 1.0460592168099452, ""evidences"": {""volume_price"": {""type"": ""volume_price"", ""price_new"": false, ""vol_weaker"": true, ""mom_weaker"": true}, ""momentum"": {""type"": ""momentum"", ""weaken_cnt"": 3, ""price_new"": false}, ""ratios"": {""volume_ratio"": 0.7114103795992885, ""atr_ratio"": 1.0790041592051098, ""speed_ratio"": 0.8319100398149208, ""strength_ratio"": 0.4081501898611795}, ""macd"": {""type"": ""macd"", ""peak1"": 8.422197150730517, ""peak2"": 4.068400431792184, ""mode"": ""up""}}, ""context"": {""boundary_proximity"": NaN, ""rejection_speed"": 0.4234320280165754, ""window_span_norm"": 0.48}}"
2025-07-30 11:45:00+00:00,SIG.BEICHI.TREND.DOWN,3758.18,0.8741429907790859,"{""seg_idx"": [164, 165, 166], ""score"": 0.8741429907790859, ""evidences"": {""volume_price"": {""type"": ""volume_price"", ""price_new"": false, ""vol_weaker"": true, ""mom_weaker"": true}, ""momentum"": {""type"": ""momentum"", ""weaken_cnt"": 3, ""price_new"": false}, ""ratios"": {""volume_ratio"": 0.5630270584321224, ""atr_ratio"": 0.5799182415550606, ""speed_ratio"": 0.9610399067870801, ""strength_ratio"": 1.1725452160101637}, ""macd"": {""type"": ""macd"", ""peak1"": -10.28972904519124, ""peak2"": -6.009222337947839, ""mode"": ""down""}}, ""context"": {""boundary_proximity"": NaN, ""rejection_speed"": 0.1835716512984765, ""window_span_norm"": 0.41000000000000003}}"
2025-07-31 12:45:00+00:00,SIG.BEICHI.RANGE.UP,3835.0,3.503021976140198,"{""zs_index"": 33, ""score"": 3.503021976140198, ""evidences"": {""volume_price"": {""type"": ""volume_price"", ""price_new"": true, ""vol_weaker"": false, ""mom_weaker"": true}, ""momentum"": {""type"": ""momentum"", ""weaken_cnt"": 2, ""price_new"": true}, ""ratios"": {""volume_ratio"": 1.1782177787383836, ""atr_ratio"": 1.022356601585309, ""speed_ratio"": 0.837553398058236, ""strength_ratio"": 0.2935671167602718}, ""macd"": {""type"": ""macd"", ""peak1"": 0.5675695826472973, ""peak2"": 9.206987160604399, ""mode"": ""up""}}, ""context"": {""boundary_proximity"": 1.0, ""rejection_speed"": 0.6417032935669968, ""window_span_norm"": 0.295}}"
2025-08-04 17:15:00+00:00,SIG.BEICHI.TREND.UP,3694.99,2.9185708379710507,"{""seg_idx"": [171, 172, 173], ""score"": 2.9185708379710507, ""evidences"": {""volume_price"": {""type"": ""volume_price"", ""price_new"": true, ""vol_weaker"": true, ""mom_weaker"": true}, ""momentum"": {""type"": ""momentum"", ""weaken_cnt"": 2, ""price_new"": true}, ""ratios"": {""volume_ratio"": 0.9882398125313616, ""atr_ratio"": 0.7423676657399771, ""speed_ratio"": 1.3253612601441518, ""strength_ratio"": 0.7557947365877564}, ""macd"": {""type"": ""macd"", ""peak1"": 7.133876562066915, ""peak2"": 9.851372368442492, ""mode"": ""up""}}, ""context"": {""boundary_proximity"": NaN, ""rejection_speed"": 0.4176180632850852, ""window_span_norm"": 0.6699999999999999}}"
2025-08-06 18:00:00+00:00,SIG.BEICHI.RANGE.UP,3695.88,1.8479999999999999,"{""zs_index"": 34, ""score"": 1.8479999999999999, ""evidences"": {""volume_price"": {""type"": ""volume_price"", ""price_new"": true, ""vol_weaker"": false, ""mom_weaker"": false}, ""momentum"": {""type"": ""momentum"", ""weaken_cnt"": 0, ""price_new"": true}, ""ratios"": {""volume_ratio"": 1.2867776584435224, ""atr_ratio"": 1.4846455770976659, ""speed_ratio"": 1.0465064281721639, ""strength_ratio"": 5.836446507592734}, ""macd"": {""type"": ""macd"", ""peak1"": 7.286247582109761, ""peak2"": 6.478251486021188, ""mode"": ""up""}}, ""context"": {""boundary_proximity"": 1.0, ""rejection_speed"": 1.6411817102137822, ""window_span_norm"": 0.12}}"
2025-08-08 13:15:00+00:00,SIG.BEICHI.RANGE.DOWN,3912.79,2.056,"{""zs_index"": 35, ""score"": 2.056, ""evidences"": {""volume_price"": {""type"": ""volume_price"", ""price_new"": false, ""vol_weaker"": true, ""mom_weaker"": true}, ""momentum"": {""type"": ""momentum"", ""weaken_cnt"": 4, ""price_new"": false}, ""ratios"": {""volume_ratio"": 0.5313193600120287, ""atr_ratio"": 0.7607661675652487, ""speed_ratio"": 0.7427832072873521, ""strength_ratio"": 0.14239460900638515}, ""macd"": {""type"": ""macd"", ""peak1"": -7.240840252510381, ""peak2"": -4.016836384421179, ""mode"": ""down""}}, ""context"": {""boundary_proximity"": 1.0, ""rejection_speed"": 1.7642557393236402, ""window_span_norm"": 0.64}}"
2025-08-09 10:15:00+00:00,SIG.BEICHI.TREND.UP,4225.84,2.9815869043895393,"{""seg_idx"": [177, 178, 179], ""score"": 2.9815869043895393, ""evidences"": {""volume_price"": {""type"": ""volume_price"", ""price_new"": true, ""vol_weaker"": false, ""mom_weaker"": true}, ""momentum"": {""type"": ""momentum"", ""weaken_cnt"": 2, ""price_new"": true}, ""ratios"": {""volume_ratio"": 1.044196296262134, ""atr_ratio"": 1.101401201570337, ""speed_ratio"": 0.9210199266372506, ""strength_ratio"": 1.3498111382316307}, ""macd"": {""type"": ""macd"", ""peak1"": 10.746291907033452, ""peak2"": 15.307878007796187, ""mode"": ""up""}}, ""context"": {""boundary_proximity"": NaN, ""rejection_speed"": 0.3026448406492326, ""window_span_norm"": 1.0}}"
2025-08-12 04:45:00+00:00,SIG.BEICHI.TREND.UP,4310.94,0.9157961373390411,"{""seg_idx"": [183, 184, 185], ""score"": 0.9157961373390411, ""evidences"": {""volume_price"": {""type"": ""volume_price"", ""price_new"": false, ""vol_weaker"": true, ""mom_weaker"": true}, ""momentum"": {""type"": ""momentum"", ""weaken_cnt"": 4, ""price_new"": false}, ""ratios"": {""volume_ratio"": 0.32575035588334694, ""atr_ratio"": 0.6169965318351796, ""speed_ratio"": 0.5519635881044487, ""strength_ratio"": 0.26665784130101705}, ""macd"": {""type"": ""macd"", ""peak1"": 14.023244211662766, ""peak2"": 8.486672328115816, ""mode"": ""up""}}, ""context"": {""boundary_proximity"": NaN, ""rejection_speed"": 0.19966022889840185, ""window_span_norm"": 0.49}}"
2025-08-13 13:30:00+00:00,SIG.BEICHI.TREND.UP,4680.18,1.42,"{""seg_idx"": [185, 186, 187], ""score"": 1.42, ""evidences"": {""volume_price"": {""type"": ""volume_price"", ""price_new"": true, ""vol_weaker"": false, ""mom_weaker"": false}, ""momentum"": {""type"": ""momentum"", ""weaken_cnt"": 1, ""price_new"": true}, ""ratios"": {""volume_ratio"": 2.406295262654656, ""atr_ratio"": 1.0689947580776127, ""speed_ratio"": 1.4429006701212532, ""strength_ratio"": 1.000984642295258}, ""macd"": {""type"": ""macd"", ""peak1"": 8.486672328115816, ""peak2"": 7.259958629835733, ""mode"": ""up""}}, ""context"": {""boundary_proximity"": NaN, ""rejection_speed"": 1.1429418390940869, ""window_span_norm"": 0.55}}"
2025-08-13 21:15:00+00:00,SIG.BEICHI.TREND.UP,4753.55,3.388,"{""seg_idx"": [186, 187, 188], ""score"": 3.388, ""evidences"": {""volume_price"": {""type"": ""volume_price"", ""price_new"": true, ""vol_weaker"": true, ""mom_weaker"": true}, ""momentum"": {""type"": ""momentum"", ""weaken_cnt"": 2, ""price_new"": true}, ""ratios"": {""volume_ratio"": 0.9138143630041209, ""atr_ratio"": 1.1118393951432575, ""speed_ratio"": 1.2986081803927216, ""strength_ratio"": 0.6624791789712713}, ""macd"": {""type"": ""macd"", ""peak1"": 15.403599684091871, ""peak2"": 5.346861211577847, ""mode"": ""up""}}, ""context"": {""boundary_proximity"": NaN, ""rejection_speed"": 1.2228454869964351, ""window_span_norm"": 0.97}}"
2025-08-14 12:15:00+00:00,SIG.BEICHI.RANGE.UP,4714.13,2.50527963308012,"{""zs_index"": 37, ""score"": 2.50527963308012, ""evidences"": {""volume_price"": {""type"": ""volume_price"", ""price_new"": true, ""vol_weaker"": true, ""mom_weaker"": true}, ""momentum"": {""type"": ""momentum"", ""weaken_cnt"": 1, ""price_new"": true}, ""ratios"": {""volume_ratio"": 0.6802330790414521, ""atr_ratio"": 0.893535619150808, ""speed_ratio"": 1.0727408811219978, ""strength_ratio"": 1.1306319229469006}, ""macd"": {""type"": ""macd"", ""peak1"": 7.259958629835733, ""peak2"": 5.346861211577847, ""mode"": ""up""}}, ""context"": {""boundary_proximity"": 1.0, ""rejection_speed"": 0.16213272180019989, ""window_span_norm"": 0.52}}"
2025-08-16 06:45:00+00:00,SIG.BEICHI.TREND.DOWN,4419.15,2.958621468926574,"{""seg_idx"": [189, 190, 191], ""score"": 2.958621468926574, ""evidences"": {""volume_price"": {""type"": ""volume_price"", ""price_new"": true, ""vol_weaker"": true, ""mom_weaker"": true}, ""momentum"": {""type"": ""momentum"", ""weaken_cnt"": 3, ""price_new"": true}, ""ratios"": {""volume_ratio"": 0.26272668758895784, ""atr_ratio"": 0.7231009221160734, ""speed_ratio"": 0.5736350649081842, ""strength_ratio"": 1.081764058597861}, ""macd"": {""type"": ""macd"", ""peak1"": -16.199858434224538, ""peak2"": -4.353864874116271, ""mode"": ""down""}}, ""context"": {""boundary_proximity"": NaN, ""rejection_speed"": 0.5510357815442907, ""window_span_norm"": 0.57}}"
2025-08-19 00:00:00+00:00,SIG.BEICHI.RANGE.UP,4318.92,2.428356839925049,"{""zs_index"": 39, ""score"": 2.428356839925049, ""evidences"": {""volume_price"": {""type"": ""volume_price"", ""price_new"": true, ""vol_weaker"": true, ""mom_weaker"": false}, ""momentum"": {""type"": ""momentum"", ""weaken_cnt"": 0, ""price_new"": true}, ""ratios"": {""volume_ratio"": 0.8895200568717075, ""atr_ratio"": 1.1830729792999057, ""speed_ratio"": 1.467602557441749, ""strength_ratio"": 2.0710655102702424}, ""macd"": {""type"": ""macd"", ""peak1"": 2.610621642395209, ""peak2"": 2.9119439986526423, ""mode"": ""up""}}, ""context"": {""boundary_proximity"": 1.0, ""rejection_speed"": 0.23059473320841525, ""window_span_norm"": 0.225}}"
2025-08-19 04:00:00+00:00,SIG.BEICHI.TREND.DOWN,4212.35,2.996788750925084,"{""seg_idx"": [194, 195, 196], ""score"": 2.996788750925084, ""evidences"": {""volume_price"": {""type"": ""volume_price"", ""price_new"": true, ""vol_weaker"": true, ""mom_weaker"": true}, ""momentum"": {""type"": ""momentum"", ""weaken_cnt"": 3, ""price_new"": true}, ""ratios"": {""volume_ratio"": 0.7091442439199812, ""atr_ratio"": 0.855607698287366, ""speed_ratio"": 0.9635395732638743, ""strength_ratio"": 1.1305796044962324}, ""macd"": {""type"": ""macd"", ""peak1"": -13.185429821427757, ""peak2"": -9.292242133043228, ""mode"": ""down""}}, ""context"": {""boundary_proximity"": NaN, ""rejection_speed"": 0.5479812515418071, ""window_span_norm"": 0.6699999999999999}}"
2025-08-20 14:15:00+00:00,SIG.BEICHI.RANGE.DOWN,4159.69,1.659638406537281,"{""zs_index"": 40, ""score"": 1.659638406537281, ""evidences"": {""volume_price"": {""type"": ""volume_price"", ""price_new"": false, ""vol_weaker"": false, ""mom_weaker"": false}, ""momentum"": {""type"": ""momentum"", ""weaken_cnt"": 0, ""price_new"": false}, ""ratios"": {""volume_ratio"": 1.7111424032748965, ""atr_ratio"": 1.5631217847926377, ""speed_ratio"": 1.9662189358815618, ""strength_ratio"": 6.729987265054556}, ""macd"": {""type"": ""macd"", ""peak1"": -10.126688504613817, ""peak2"": -9.480569890530184, ""mode"": ""down""}}, ""context"": {""boundary_proximity"": 1.0, ""rejection_speed"": 0.5427306775621351, ""window_span_norm"": 0.335}}"
2025-08-20 14:15:00+00:00,SIG.BEICHI.TREND.DOWN,4159.69,1.1888302233220884,"{""seg_idx"": [197, 198, 199], ""score"": 1.1888302233220884, ""evidences"": {""volume_price"": {""type"": ""volume_price"", ""price_new"": false, ""vol_weaker"": true, ""mom_weaker"": true}, ""momentum"": {""type"": ""momentum"", ""weaken_cnt"": 3, ""price_new"": false}, ""ratios"": {""volume_ratio"": 0.7417469950503024, ""atr_ratio"": 0.9634082852405202, ""speed_ratio"": 1.2706416222704229, ""strength_ratio"": 0.8698312674632059}, ""macd"": {""type"": ""macd"", ""peak1"": -14.598493118050234, ""peak2"": -9.480569890530184, ""mode"": ""down""}}, ""context"": {""boundary_proximity"": NaN, ""rejection_speed"": 0.6680503722034808, ""window_span_norm"": 0.47}}"
2025-08-20 22:45:00+00:00,SIG.BEICHI.TREND.UP,4366.0,2.20640274076894,"{""seg_idx"": [198, 199, 200], ""score"": 2.20640274076894, ""evidences"": {""volume_price"": {""type"": ""volume_price"", ""price_new"": true, ""vol_weaker"": false, ""mom_weaker"": true}, ""momentum"": {""type"": ""momentum"", ""weaken_cnt"": 1, ""price_new"": true}, ""ratios"": {""volume_ratio"": 1.6503728624618088, ""atr_ratio"": 1.730238877258374, ""speed_ratio"": 1.7384710872250544, ""strength_ratio"": 0.6206087959861615}, ""macd"": {""type"": ""macd"", ""peak1"": 7.828268308148916, ""peak2"": 13.770488344963574, ""mode"": ""up""}}, ""context"": {""boundary_proximity"": NaN, ""rejection_speed"": 0.5773379012815669, ""window_span_norm"": 0.6499999999999999}}"
2025-08-21 04:15:00+00:00,SIG.BEICHI.TREND.DOWN,4291.6,0.8562711076154746,"{""seg_idx"": [199, 200, 201], ""score"": 0.8562711076154746, ""evidences"": {""volume_price"": {""type"": ""volume_price"", ""price_new"": false, ""vol_weaker"": true, ""mom_weaker"": true}, ""momentum"": {""type"": ""momentum"", ""weaken_cnt"": 2, ""price_new"": false}, ""ratios"": {""volume_ratio"": 0.48448580274091224, ""atr_ratio"": 0.7577801330157206, ""speed_ratio"": 0.5503584522336173, ""strength_ratio"": 1.2853216556313132}, ""macd"": {""type"": ""macd"", ""peak1"": -9.480569890530184, ""peak2"": -7.515369461257112, ""mode"": ""down""}}, ""context"": {""boundary_proximity"": NaN, ""rejection_speed"": 0.17378517935912438, ""window_span_norm"": 0.38}}"
2025-08-26 01:00:00+00:00,SIG.BEICHI.TREND.DOWN,4350.81,2.037070966932306,"{""seg_idx"": [207, 208, 209], ""score"": 2.037070966932306, ""evidences"": {""volume_price"": {""type"": ""volume_price"", ""price_new"": true, ""vol_weaker"": false, ""mom_weaker"": true}, ""momentum"": {""type"": ""momentum"", ""weaken_cnt"": 1, ""price_new"": true}, ""ratios"": {""volume_ratio"": 1.097575459954959, ""atr_ratio"": 1.1439314324816088, ""speed_ratio"": 0.9836543348700195, ""strength_ratio"": 5.9085183796203395}, ""macd"": {""type"": ""macd"", ""peak1"": -18.37354821566311, ""peak2"": -22.174652187202007, ""mode"": ""down""}}, ""context"": {""boundary_proximity"": NaN, ""rejection_speed"": 0.06178494488717707, ""window_span_norm"": 1.0}}"
2025-08-27 18:30:00+00:00,SIG.BEICHI.RANGE.UP,4611.46,3.6461642569096333,"{""zs_index"": 42, ""score"": 3.6461642569096333, ""evidences"": {""volume_price"": {""type"": ""volume_price"", ""price_new"": true, ""vol_weaker"": true, ""mom_weaker"": true}, ""momentum"": {""type"": ""momentum"", ""weaken_cnt"": 3, ""price_new"": true}, ""ratios"": {""volume_ratio"": 0.6104984076711221, ""atr_ratio"": 0.7550818745109641, ""speed_ratio"": 1.0385902954052102, ""strength_ratio"": 0.23882670930906028}, ""macd"": {""type"": ""macd"", ""peak1"": 6.605403380315755, ""peak2"": 4.441287428957345, ""mode"": ""up""}}, ""context"": {""boundary_proximity"": 0.9836070948493889, ""rejection_speed"": 1.3778642898610065, ""window_span_norm"": 0.14}}"
2025-08-28 20:00:00+00:00,SIG.BEICHI.TREND.DOWN,4459.73,2.748662872909109,"{""seg_idx"": [212, 213, 214], ""score"": 2.748662872909109, ""evidences"": {""volume_price"": {""type"": ""volume_price"", ""price_new"": true, ""vol_weaker"": true, ""mom_weaker"": true}, ""momentum"": {""type"": ""momentum"", ""weaken_cnt"": 3, ""price_new"": true}, ""ratios"": {""volume_ratio"": 0.9367678292093803, ""atr_ratio"": 0.6995640173077622, ""speed_ratio"": 0.7472735678865717, ""strength_ratio"": 0.7875307231280505}, ""macd"": {""type"": ""macd"", ""peak1"": -10.064105338780871, ""peak2"": -9.89507709978039, ""mode"": ""down""}}, ""context"": {""boundary_proximity"": NaN, ""rejection_speed"": 0.07443812151518131, ""window_span_norm"": 0.76}}"
2025-08-31 19:30:00+00:00,SIG.BEICHI.RANGE.UP,4476.82,3.048296890088312,"{""zs_index"": 43, ""score"": 3.048296890088312, ""evidences"": {""volume_price"": {""type"": ""volume_price"", ""price_new"": true, ""vol_weaker"": true, ""mom_weaker"": true}, ""momentum"": {""type"": ""momentum"", ""weaken_cnt"": 2, ""price_new"": true}, ""ratios"": {""volume_ratio"": 0.3778272346129082, ""atr_ratio"": 0.549618814035526, ""speed_ratio"": 0.8750190635961895, ""strength_ratio"": 2.2389449308724854}, ""macd"": {""type"": ""macd"", ""peak1"": 1.3280584771934976, ""peak2"": 0.5059619300272038, ""mode"": ""up""}}, ""context"": {""boundary_proximity"": 0.8024376499958222, ""rejection_speed"": 0.1980571668180314, ""window_span_norm"": 0.12}}"
2025-09-01 00:30:00+00:00,SIG.BEICHI.TREND.DOWN,4395.93,1.257816264534374,"{""seg_idx"": [215, 216, 217], ""score"": 1.257816264534374, ""evidences"": {""volume_price"": {""type"": ""volume_price"", ""price_new"": false, ""vol_weaker"": true, ""mom_weaker"": true}, ""momentum"": {""type"": ""momentum"", ""weaken_cnt"": 4, ""price_new"": false}, ""ratios"": {""volume_ratio"": 0.43841923289267043, ""atr_ratio"": 0.7250261159975915, ""speed_ratio"": 0.6536288861479896, ""strength_ratio"": 0.847029347976767}, ""macd"": {""type"": ""macd"", ""peak1"": -10.891267862286412, ""peak2"": -8.876118401402142, ""mode"": ""down""}}, ""context"": {""boundary_proximity"": NaN, ""rejection_speed"": 0.4296937742239567, ""window_span_norm"": 1.0}}"
2025-09-04 06:45:00+00:00,SIG.BEICHI.TREND.DOWN,4365.01,1.006501825393252,"{""seg_idx"": [218, 219, 220], ""score"": 1.006501825393252, ""evidences"": {""volume_price"": {""type"": ""volume_price"", ""price_new"": false, ""vol_weaker"": false, ""mom_weaker"": true}, ""momentum"": {""type"": ""momentum"", ""weaken_cnt"": 3, ""price_new"": false}, ""ratios"": {""volume_ratio"": 1.2232938864712106, ""atr_ratio"": 0.8150572682584706, ""speed_ratio"": 0.741991526998414, ""strength_ratio"": 1.6187565713844871}, ""macd"": {""type"": ""macd"", ""peak1"": -8.919980567123293, ""peak2"": -7.203502770359335, ""mode"": ""down""}}, ""context"": {""boundary_proximity"": NaN, ""rejection_speed"": 0.19750304232208668, ""window_span_norm"": 0.72}}"
2025-09-04 06:45:00+00:00,SIG.BEICHI.RANGE.DOWN,4365.01,1.7185018253932518,"{""zs_index"": 43, ""score"": 1.7185018253932518, ""evidences"": {""volume_price"": {""type"": ""volume_price"", ""price_new"": false, ""vol_weaker"": false, ""mom_weaker"": true}, ""momentum"": {""type"": ""momentum"", ""weaken_cnt"": 2, ""price_new"": false}, ""ratios"": {""volume_ratio"": 1.3140238583670503, ""atr_ratio"": 0.8342863934240216, ""speed_ratio"": 0.6853261916208848, ""strength_ratio"": 99.54811753275878}, ""macd"": {""type"": ""macd"", ""peak1"": -12.511587668728975, ""peak2"": -7.203502770359335, ""mode"": ""down""}}, ""context"": {""boundary_proximity"": 1.0, ""rejection_speed"": 0.19750304232208668, ""window_span_norm"": 1.0}}"
2025-09-05 07:45:00+00:00,SIG.BEICHI.TREND.UP,4417.29,1.448,"{""seg_idx"": [219, 220, 221], ""score"": 1.448, ""evidences"": {""volume_price"": {""type"": ""volume_price"", ""price_new"": false, ""vol_weaker"": true, ""mom_weaker"": true}, ""momentum"": {""type"": ""momentum"", ""weaken_cnt"": 4, ""price_new"": false}, ""ratios"": {""volume_ratio"": 0.5583305346256447, ""atr_ratio"": 0.8612092236517592, ""speed_ratio"": 0.8281749263830638, ""strength_ratio"": 0.8310247606713873}, ""macd"": {""type"": ""macd"", ""peak1"": 9.388759664378817, ""peak2"": 8.38585015696015, ""mode"": ""up""}}, ""context"": {""boundary_proximity"": NaN, ""rejection_speed"": 2.779124548323639, ""window_span_norm"": 0.62}}"
2025-09-06 16:15:00+00:00,SIG.BEICHI.TREND.DOWN,4260.6,3.2628522434981146,"{""seg_idx"": [220, 221, 222], ""score"": 3.2628522434981146, ""evidences"": {""volume_price"": {""type"": ""volume_price"", ""price_new"": true, ""vol_weaker"": true, ""mom_weaker"": true}, ""momentum"": {""type"": ""momentum"", ""weaken_cnt"": 3, ""price_new"": true}, ""ratios"": {""volume_ratio"": 0.667908686494338, ""atr_ratio"": 0.915941300170372, ""speed_ratio"": 0.8705745992233296, ""strength_ratio"": 0.40473652157185563}, ""macd"": {""type"": ""macd"", ""peak1"": -7.203502770359335, ""peak2"": -22.373762475579856, ""mode"": ""down""}}, ""context"": {""boundary_proximity"": NaN, ""rejection_speed"": 0.7714204058301914, ""window_span_norm"": 1.0}}"
2025-09-08 13:15:00+00:00,SIG.BEICHI.TREND.UP,4339.96,1.572,"{""seg_idx"": [221, 222, 223], ""score"": 1.572, ""evidences"": {""volume_price"": {""type"": ""volume_price"", ""price_new"": false, ""vol_weaker"": true, ""mom_weaker"": true}, ""momentum"": {""type"": ""momentum"", ""weaken_cnt"": 4, ""price_new"": false}, ""ratios"": {""volume_ratio"": 0.9987760299226057, ""atr_ratio"": 0.8088693399007733, ""speed_ratio"": 0.748968937598022, ""strength_ratio"": 0.2495245150142458}, ""macd"": {""type"": ""macd"", ""peak1"": 8.38585015696015, ""peak2"": 4.18468169008352, ""mode"": ""up""}}, ""context"": {""boundary_proximity"": NaN, ""rejection_speed"": 1.2726086145813884, ""window_span_norm"": 0.9299999999999999}}"
2025-09-08 20:15:00+00:00,SIG.BEICHI.TREND.DOWN,4286.25,1.2693074950128218,"{""seg_idx"": [222, 223, 224], ""score"": 1.2693074950128218, ""evidences"": {""volume_price"": {""type"": ""volume_price"", ""price_new"": false, ""vol_weaker"": false, ""mom_weaker"": false}, ""momentum"": {""type"": ""momentum"", ""weaken_cnt"": 1, ""price_new"": false}, ""ratios"": {""volume_ratio"": 1.0192507592582072, ""atr_ratio"": 1.202918579239764, ""speed_ratio"": 1.2201481804027243, ""strength_ratio"": 2.1474377864723646}, ""macd"": {""type"": ""macd"", ""peak1"": -22.373762475579856, ""peak2"": -6.2564913098850745, ""mode"": ""down""}}, ""context"": {""boundary_proximity"": NaN, ""rejection_speed"": 0.4488458250213698, ""window_span_norm"": 1.0}}"
2025-09-09 07:15:00+00:00,SIG.BEICHI.TREND.UP,4372.29,3.112000000000003,"{""seg_idx"": [223, 224, 225], ""score"": 3.112000000000003, ""evidences"": {""volume_price"": {""type"": ""volume_price"", ""price_new"": true, ""vol_weaker"": true, ""mom_weaker"": true}, ""momentum"": {""type"": ""momentum"", ""weaken_cnt"": 2, ""price_new"": true}, ""ratios"": {""volume_ratio"": 0.963272075519347, ""atr_ratio"": 0.9611531660017533, ""speed_ratio"": 0.8114812213940336, ""strength_ratio"": 3.4018473340606827}, ""macd"": {""type"": ""macd"", ""peak1"": 4.18468169008352, ""peak2"": 7.757052496260232, ""mode"": ""up""}}, ""context"": {""boundary_proximity"": NaN, ""rejection_speed"": 0.5200000000000059, ""window_span_norm"": 1.0}}"
2025-09-10 01:45:00+00:00,SIG.BEICHI.RANGE.DOWN,4302.78,1.1590664281640004,"{""zs_index"": 44, ""score"": 1.1590664281640004, ""evidences"": {""volume_price"": {""type"": ""volume_price"", ""price_new"": false, ""vol_weaker"": true, ""mom_weaker"": true}, ""momentum"": {""type"": ""momentum"", ""weaken_cnt"": 3, ""price_new"": false}, ""ratios"": {""volume_ratio"": 0.631482252094891, ""atr_ratio"": 0.8022782503130423, ""speed_ratio"": 0.9726380006350849, ""strength_ratio"": 1.6245640416941722}, ""macd"": {""type"": ""macd"", ""peak1"": -7.893181405254397, ""peak2"": -2.092477233458941, ""mode"": ""down""}}, ""context"": {""boundary_proximity"": 0.7472144533311018, ""rejection_speed"": 0.07456292694223209, ""window_span_norm"": 0.165}}"
2025-09-12 06:00:00+00:00,SIG.BEICHI.TREND.UP,4547.41,2.6,"{""seg_idx"": [225, 226, 227], ""score"": 2.6, ""evidences"": {""volume_price"": {""type"": ""volume_price"", ""price_new"": true, ""vol_weaker"": false, ""mom_weaker"": true}, ""momentum"": {""type"": ""momentum"", ""weaken_cnt"": 1, ""price_new"": true}, ""ratios"": {""volume_ratio"": 1.2991168664900594, ""atr_ratio"": 1.3033571760078788, ""speed_ratio"": 1.4544277127327938, ""strength_ratio"": 0.5933786118188108}, ""macd"": {""type"": ""macd"", ""peak1"": 7.757052496260232, ""peak2"": 8.437495110924942, ""mode"": ""up""}}, ""context"": {""boundary_proximity"": NaN, ""rejection_speed"": 1.427937915742754, ""window_span_norm"": 1.0}}"
2025-09-12 06:00:00+00:00,SIG.BEICHI.RANGE.UP,4547.41,3.874,"{""zs_index"": 44, ""score"": 3.874, ""evidences"": {""volume_price"": {""type"": ""volume_price"", ""price_new"": true, ""vol_weaker"": true, ""mom_weaker"": true}, ""momentum"": {""type"": ""momentum"", ""weaken_cnt"": 2, ""price_new"": true}, ""ratios"": {""volume_ratio"": 0.407687766296641, ""atr_ratio"": 0.5309797034851622, ""speed_ratio"": 0.6468164188752425, ""strength_ratio"": 3.290276910264319}, ""macd"": {""type"": ""macd"", ""peak1"": 9.02391768784082, ""peak2"": 8.437495110924942, ""mode"": ""up""}}, ""context"": {""boundary_proximity"": 1.0, ""rejection_speed"": 1.427937915742754, ""window_span_norm"": 0.685}}"
2025-09-14 11:00:00+00:00,SIG.BEICHI.RANGE.UP,4663.06,1.591045087307791,"{""zs_index"": 45, ""score"": 1.591045087307791, ""evidences"": {""volume_price"": {""type"": ""volume_price"", ""price_new"": false, ""vol_weaker"": true, ""mom_weaker"": true}, ""momentum"": {""type"": ""momentum"", ""weaken_cnt"": 2, ""price_new"": false}, ""ratios"": {""volume_ratio"": 0.5931880076999888, ""atr_ratio"": 0.8606254079656999, ""speed_ratio"": 0.7219300442441013, ""strength_ratio"": 23.277482269509214}, ""macd"": {""type"": ""macd"", ""peak1"": 5.074674031998988, ""peak2"": 0.667444116613124, ""mode"": ""up""}}, ""context"": {""boundary_proximity"": 1.0, ""rejection_speed"": 0.4517418121796519, ""window_span_norm"": 0.3}}"
2025-09-15 04:30:00+00:00,SIG.BEICHI.TREND.UP,4644.99,0.980993583868019,"{""seg_idx"": [228, 229, 230], ""score"": 0.980993583868019, ""evidences"": {""volume_price"": {""type"": ""volume_price"", ""price_new"": false, ""vol_weaker"": true, ""mom_weaker"": true}, ""momentum"": {""type"": ""momentum"", ""weaken_cnt"": 3, ""price_new"": false}, ""ratios"": {""volume_ratio"": 0.45371472149014636, ""atr_ratio"": 0.8594152977921725, ""speed_ratio"": 0.46768621154357787, ""strength_ratio"": 1.745807932065172}, ""macd"": {""type"": ""macd"", ""peak1"": 7.142172596654982, ""peak2"": 3.728351676392292, ""mode"": ""up""}}, ""context"": {""boundary_proximity"": NaN, ""rejection_speed"": 0.1283226397800318, ""window_span_norm"": 0.76}}"
2025-09-15 15:30:00+00:00,SIG.BEICHI.RANGE.DOWN,4480.41,3.634874805319282,"{""zs_index"": 45, ""score"": 3.634874805319282, ""evidences"": {""volume_price"": {""type"": ""volume_price"", ""price_new"": true, ""vol_weaker"": false, ""mom_weaker"": true}, ""momentum"": {""type"": ""momentum"", ""weaken_cnt"": 2, ""price_new"": true}, ""ratios"": {""volume_ratio"": 1.3893386174796685, ""atr_ratio"": 1.393748896498834, ""speed_ratio"": 0.9444738988580806, ""strength_ratio"": 0.9207126233422425}, ""macd"": {""type"": ""macd"", ""peak1"": -1.0493397106862041, ""peak2"": -14.682973091216809, ""mode"": ""down""}}, ""context"": {""boundary_proximity"": 1.0, ""rejection_speed"": 0.8914580088654696, ""window_span_norm"": 0.25}}"
2025-09-16 19:30:00+00:00,SIG.BEICHI.RANGE.DOWN,4482.16,0.9076853940766284,"{""zs_index"": 46, ""score"": 0.9076853940766284, ""evidences"": {""volume_price"": {""type"": ""volume_price"", ""price_new"": false, ""vol_weaker"": true, ""mom_weaker"": true}, ""momentum"": {""type"": ""momentum"", ""weaken_cnt"": 4, ""price_new"": false}, ""ratios"": {""volume_ratio"": 0.2045005366011888, ""atr_ratio"": 0.4158592802284797, ""speed_ratio"": 0.6568702290076448, ""strength_ratio"": 0.9318978015719294}, ""macd"": {""type"": ""macd"", ""peak1"": -6.6538295517696024, ""peak2"": 1.8544027521550528, ""mode"": ""down""}}, ""context"": {""boundary_proximity"": 0.3310547848410852, ""rejection_speed"": 0.11508753861996211, ""window_span_norm"": 0.1}}"
2025-09-17 14:30:00+00:00,SIG.BEICHI.TREND.DOWN,4485.8,3.2816949788831513,"{""seg_idx"": [231, 232, 233], ""score"": 3.2816949788831513, ""evidences"": {""volume_price"": {""type"": ""volume_price"", ""price_new"": true, ""vol_weaker"": true, ""mom_weaker"": true}, ""momentum"": {""type"": ""momentum"", ""weaken_cnt"": 4, ""price_new"": true}, ""ratios"": {""volume_ratio"": 0.3869523416265169, ""atr_ratio"": 0.6751772285114198, ""speed_ratio"": 0.7011578631792964, ""strength_ratio"": 0.8228886337270085}, ""macd"": {""type"": ""macd"", ""peak1"": -14.682973091216809, ""peak2"": -4.697619742835726, ""mode"": ""down""}}, ""context"": {""boundary_proximity"": NaN, ""rejection_speed"": 0.9828249648052523, ""window_span_norm"": 0.73}}"
2025-09-22 06:45:00+00:00,SIG.BEICHI.RANGE.DOWN,4192.12,3.625001751477084,"{""zs_index"": 47, ""score"": 3.625001751477084, ""evidences"": {""volume_price"": {""type"": ""volume_price"", ""price_new"": true, ""vol_weaker"": true, ""mom_weaker"": true}, ""momentum"": {""type"": ""momentum"", ""weaken_cnt"": 2, ""price_new"": true}, ""ratios"": {""volume_ratio"": 0.3314531466558351, ""atr_ratio"": 0.32083961866618205, ""speed_ratio"": 0.3398342311396079, ""strength_ratio"": 1.238838822947756}, ""macd"": {""type"": ""macd"", ""peak1"": -2.8540859239523213, ""peak2"": -13.698140069493135, ""mode"": ""down""}}, ""context"": {""boundary_proximity"": 1.0, ""rejection_speed"": 0.37500291912847333, ""window_span_norm"": 1.0}}"
2025-09-22 19:45:00+00:00,SIG.BEICHI.TREND.DOWN,4134.98,1.6,"{""seg_idx"": [236, 237, 238], ""score"": 1.6, ""evidences"": {""volume_price"": {""type"": ""volume_price"", ""price_new"": true, ""vol_weaker"": false, ""mom_weaker"": false}, ""momentum"": {""type"": ""momentum"", ""weaken_cnt"": 1, ""price_new"": true}, ""ratios"": {""volume_ratio"": 1.415826105265948, ""atr_ratio"": 1.6631515015998164, ""speed_ratio"": 1.1574442958694582, ""strength_ratio"": 1.9596115106271235}, ""macd"": {""type"": ""macd"", ""peak1"": -13.698140069493135, ""peak2"": -2.1037653902867834, ""mode"": ""down""}}, ""context"": {""boundary_proximity"": NaN, ""rejection_speed"": 1.1369475288482824, ""window_span_norm"": 1.0}}"
2025-09-23 14:00:00+00:00,SIG.BEICHI.RANGE.UP,4198.29,1.6613602756526245,"{""zs_index"": 48, ""score"": 1.6613602756526245, ""evidences"": {""volume_price"": {""type"": ""volume_price"", ""price_new"": false, ""vol_weaker"": true, ""mom_weaker"": true}, ""momentum"": {""type"": ""momentum"", ""weaken_cnt"": 1, ""price_new"": false}, ""ratios"": {""volume_ratio"": 0.8941127762477716, ""atr_ratio"": 0.8024665214149822, ""speed_ratio"": 1.170793357139752, ""strength_ratio"": 6.675737475999618}, ""macd"": {""type"": ""macd"", ""peak1"": 3.8024447910998855, ""peak2"": -0.27816570877946134, ""mode"": ""up""}}, ""context"": {""boundary_proximity"": 1.0, ""rejection_speed"": 0.6622671260877072, ""window_span_norm"": 0.16}}"
2025-09-24 15:30:00+00:00,SIG.BEICHI.TREND.UP,4192.14,1.0108138906626212,"{""seg_idx"": [237, 238, 239], ""score"": 1.0108138906626212, ""evidences"": {""volume_price"": {""type"": ""volume_price"", ""price_new"": false, ""vol_weaker"": true, ""mom_weaker"": true}, ""momentum"": {""type"": ""momentum"", ""weaken_cnt"": 3, ""price_new"": false}, ""ratios"": {""volume_ratio"": 0.6777154256074336, ""atr_ratio"": 0.7386840365147607, ""speed_ratio"": 0.9771381022960646, ""strength_ratio"": 0.49082713997257427}, ""macd"": {""type"": ""macd"", ""peak1"": 8.266055161248044, ""peak2"": 4.395673908200992, ""mode"": ""up""}}, ""context"": {""boundary_proximity"": NaN, ""rejection_speed"": 0.28468981777103525, ""window_span_norm"": 0.6000000000000001}}"
2025-09-25 11:15:00+00:00,SIG.BEICHI.TREND.DOWN,4007.43,2.1997770626850364,"{""seg_idx"": [238, 239, 240], ""score"": 2.1997770626850364, ""evidences"": {""volume_price"": {""type"": ""volume_price"", ""price_new"": true, ""vol_weaker"": false, ""mom_weaker"": true}, ""momentum"": {""type"": ""momentum"", ""weaken_cnt"": 1, ""price_new"": true}, ""ratios"": {""volume_ratio"": 1.4485552797661003, ""atr_ratio"": 1.0670631075935477, ""speed_ratio"": 1.3217951339194485, ""strength_ratio"": 0.6279327337235361}, ""macd"": {""type"": ""macd"", ""peak1"": -2.1037653902867834, ""peak2"": -6.373925811449283, ""mode"": ""down""}}, ""context"": {""boundary_proximity"": NaN, ""rejection_speed"": 0.379628437808394, ""window_span_norm"": 0.9299999999999999}}"
2025-10-03 03:15:00+00:00,SIG.BEICHI.TREND.UP,4530.12,3.34,"{""seg_idx"": [245, 246, 247], ""score"": 3.34, ""evidences"": {""volume_price"": {""type"": ""volume_price"", ""price_new"": true, ""vol_weaker"": true, ""mom_weaker"": true}, ""momentum"": {""type"": ""momentum"", ""weaken_cnt"": 3, ""price_new"": true}, ""ratios"": {""volume_ratio"": 0.6733286418051322, ""atr_ratio"": 1.1479614083800223, ""speed_ratio"": 0.845311587136214, ""strength_ratio"": 0.5589382299532382}, ""macd"": {""type"": ""macd"", ""peak1"": 18.412904892813266, ""peak2"": 5.64128169873948, ""mode"": ""up""}}, ""context"": {""boundary_proximity"": NaN, ""rejection_speed"": 1.0831521739130616, ""window_span_norm"": 0.85}}"
2025-10-03 16:30:00+00:00,SIG.BEICHI.TREND.UP,4581.03,3.3360000000000003,"{""seg_idx"": [247, 248, 249], ""score"": 3.3360000000000003, ""evidences"": {""volume_price"": {""type"": ""volume_price"", ""price_new"": true, ""vol_weaker"": false, ""mom_weaker"": true}, ""momentum"": {""type"": ""momentum"", ""weaken_cnt"": 2, ""price_new"": true}, ""ratios"": {""volume_ratio"": 1.0366462932754772, ""atr_ratio"": 0.8219770999889732, ""speed_ratio"": 1.173769277839156, ""strength_ratio"": 1.2106764602754958}, ""macd"": {""type"": ""macd"", ""peak1"": 5.64128169873948, ""peak2"": 10.997324307645538, ""mode"": ""up""}}, ""context"": {""boundary_proximity"": NaN, ""rejection_speed"": 1.3187510435798935, ""window_span_norm"": 0.8400000000000001}}"
2025-10-06 20:00:00+00:00,SIG.BEICHI.TREND.UP,4718.0,3.166342693795194,"{""seg_idx"": [250, 251, 252], ""score"": 3.166342693795194, ""evidences"": {""volume_price"": {""type"": ""volume_price"", ""price_new"": true, ""vol_weaker"": true, ""mom_weaker"": true}, ""momentum"": {""type"": ""momentum"", ""weaken_cnt"": 2, ""price_new"": true}, ""ratios"": {""volume_ratio"": 0.7027792829078645, ""atr_ratio"": 1.0158402307387007, ""speed_ratio"": 0.9550283995528976, ""strength_ratio"": 0.9239097090862893}, ""macd"": {""type"": ""macd"", ""peak1"": 7.91863887199297, ""peak2"": 7.34648611916888, ""mode"": ""up""}}, ""context"": {""boundary_proximity"": NaN, ""rejection_speed"": 0.7439044896586567, ""window_span_norm"": 0.8}}"
