ts,etype,price,score,payload
2025-03-29 02:15:00+00:00,SIG.BEICHI.RANGE.UP,1906.4,1.587216028349453,"{""zs_index"": 0, ""score"": 1.587216028349453, ""evidences"": {""volume_price"": {""type"": ""volume_price"", ""price_new"": false, ""vol_weaker"": true, ""mom_weaker"": true}, ""momentum"": {""type"": ""momentum"", ""weaken_cnt"": 4, ""price_new"": false}, ""ratios"": {""volume_ratio"": 0.33403761237734325, ""atr_ratio"": 0.6922129754329922, ""speed_ratio"": 0.7107531798858455, ""strength_ratio"": 0.16884454017935224}, ""macd"": {""type"": ""macd"", ""peak1"": 3.576264190604732, ""peak2"": 2.075598951742329, ""mode"": ""up""}}, ""context"": {""boundary_proximity"": 1.0, ""rejection_speed"": 0.4920267139157549, ""window_span_norm"": 0.23}}"
2025-03-31 15:00:00+00:00,SIG.BEICHI.RANGE.UP,1840.36,1.4922638861820277,"{""zs_index"": 1, ""score"": 1.4922638861820277, ""evidences"": {""volume_price"": {""type"": ""volume_price"", ""price_new"": true, ""vol_weaker"": false, ""mom_weaker"": false}, ""momentum"": {""type"": ""momentum"", ""weaken_cnt"": 0, ""price_new"": true}, ""ratios"": {""volume_ratio"": 1.4808624968873696, ""atr_ratio"": 1.724406529904952, ""speed_ratio"": 1.0636290538729356, ""strength_ratio"": 2.3934778628718365}, ""macd"": {""type"": ""macd"", ""peak1"": 4.121924926641426, ""peak2"": 2.45469716007824, ""mode"": ""up""}}, ""context"": {""boundary_proximity"": 1.0, ""rejection_speed"": 0.4437731436367127, ""window_span_norm"": 0.065}}"
2025-04-02 20:15:00+00:00,SIG.BEICHI.RANGE.UP,1898.68,2.662506566604127,"{""zs_index"": 2, ""score"": 2.662506566604127, ""evidences"": {""volume_price"": {""type"": ""volume_price"", ""price_new"": true, ""vol_weaker"": false, ""mom_weaker"": true}, ""momentum"": {""type"": ""momentum"", ""weaken_cnt"": 1, ""price_new"": true}, ""ratios"": {""volume_ratio"": 3.954121242495218, ""atr_ratio"": 1.0740677938098087, ""speed_ratio"": 3.1027047786250352, ""strength_ratio"": 0.2033848105443864}, ""macd"": {""type"": ""macd"", ""peak1"": 3.6515957805459642, ""peak2"": 4.4247687460762615, ""mode"": ""up""}}, ""context"": {""boundary_proximity"": 1.0, ""rejection_speed"": 0.670844277673545, ""window_span_norm"": 0.15}}"
2025-04-04 09:45:00+00:00,SIG.BEICHI.RANGE.UP,1829.41,1.6280778330190346,"{""zs_index"": 3, ""score"": 1.6280778330190346, ""evidences"": {""volume_price"": {""type"": ""volume_price"", ""price_new"": false, ""vol_weaker"": false, ""mom_weaker"": true}, ""momentum"": {""type"": ""momentum"", ""weaken_cnt"": 2, ""price_new"": false}, ""ratios"": {""volume_ratio"": 1.0996973260854264, ""atr_ratio"": 0.8626866460322768, ""speed_ratio"": 0.5573350416399798, ""strength_ratio"": 18.179722079258436}, ""macd"": {""type"": ""macd"", ""peak1"": 4.307450282740888, ""peak2"": 2.941193674650993, ""mode"": ""up""}}, ""context"": {""boundary_proximity"": 1.0, ""rejection_speed"": 0.6034630550317246, ""window_span_norm"": 0.165}}"
2025-04-11 05:45:00+00:00,SIG.BEICHI.RANGE.DOWN,1549.19,1.426230769230762,"{""zs_index"": 6, ""score"": 1.426230769230762, ""evidences"": {""volume_price"": {""type"": ""volume_price"", ""price_new"": false, ""vol_weaker"": true, ""mom_weaker"": true}, ""momentum"": {""type"": ""momentum"", ""weaken_cnt"": 2, ""price_new"": false}, ""ratios"": {""volume_ratio"": 0.4139432408262409, ""atr_ratio"": 0.5820510639937114, ""speed_ratio"": 0.4611556082929518, ""strength_ratio"": 31.73096267130079}, ""macd"": {""type"": ""macd"", ""peak1"": -8.54621055859058, ""peak2"": 0.2335968762982814, ""mode"": ""down""}}, ""context"": {""boundary_proximity"": 1.0, ""rejection_speed"": 0.18038461538460357, ""window_span_norm"": 0.295}}"
2025-04-12 14:30:00+00:00,SIG.BEICHI.RANGE.UP,1654.59,3.5398531312917245,"{""zs_index"": 6, ""score"": 3.5398531312917245, ""evidences"": {""volume_price"": {""type"": ""volume_price"", ""price_new"": true, ""vol_weaker"": false, ""mom_weaker"": true}, ""momentum"": {""type"": ""momentum"", ""weaken_cnt"": 2, ""price_new"": true}, ""ratios"": {""volume_ratio"": 1.5798572184729092, ""atr_ratio"": 0.9979355924739676, ""speed_ratio"": 0.9795878035008468, ""strength_ratio"": 724.1311064351064}, ""macd"": {""type"": ""macd"", ""peak1"": 1.882417314916947, ""peak2"": 5.018032295485591, ""mode"": ""up""}}, ""context"": {""boundary_proximity"": 1.0, ""rejection_speed"": 0.6297552188195408, ""window_span_norm"": 0.405}}"
2025-04-15 14:00:00+00:00,SIG.BEICHI.RANGE.UP,1630.6,3.732,"{""zs_index"": 7, ""score"": 3.732, ""evidences"": {""volume_price"": {""type"": ""volume_price"", ""price_new"": true, ""vol_weaker"": false, ""mom_weaker"": true}, ""momentum"": {""type"": ""momentum"", ""weaken_cnt"": 4, ""price_new"": true}, ""ratios"": {""volume_ratio"": 1.0554785940522662, ""atr_ratio"": 0.7402755533788471, ""speed_ratio"": 0.9680036344756051, ""strength_ratio"": 0.1278847500583732}, ""macd"": {""type"": ""macd"", ""peak1"": 0.6464244576492799, ""peak2"": 1.6788554644534903, ""mode"": ""up""}}, ""context"": {""boundary_proximity"": 1.0, ""rejection_speed"": 1.5314277973449004, ""window_span_norm"": 0.33}}"
2025-04-16 00:15:00+00:00,SIG.BEICHI.RANGE.DOWN,1592.82,1.5685063602790288,"{""zs_index"": 7, ""score"": 1.5685063602790288, ""evidences"": {""volume_price"": {""type"": ""volume_price"", ""price_new"": false, ""vol_weaker"": true, ""mom_weaker"": true}, ""momentum"": {""type"": ""momentum"", ""weaken_cnt"": 4, ""price_new"": false}, ""ratios"": {""volume_ratio"": 0.5019267831894917, ""atr_ratio"": 0.33303041728108773, ""speed_ratio"": 0.6312123155869162, ""strength_ratio"": 0.9255224731931138}, ""macd"": {""type"": ""macd"", ""peak1"": -3.6795351942039227, ""peak2"": -1.1390808064842926, ""mode"": ""down""}}, ""context"": {""boundary_proximity"": 1.0, ""rejection_speed"": 0.46417726713171464, ""window_span_norm"": 0.225}}"
2025-04-18 07:15:00+00:00,SIG.BEICHI.RANGE.DOWN,1581.83,0.8351786094620018,"{""zs_index"": 8, ""score"": 0.8351786094620018, ""evidences"": {""volume_price"": {""type"": ""volume_price"", ""price_new"": false, ""vol_weaker"": true, ""mom_weaker"": true}, ""momentum"": {""type"": ""momentum"", ""weaken_cnt"": 4, ""price_new"": false}, ""ratios"": {""volume_ratio"": 0.17809737143324986, ""atr_ratio"": 0.1383136026301312, ""speed_ratio"": 0.18332635106828846, ""strength_ratio"": 0.1995607984857269}, ""macd"": {""type"": ""macd"", ""peak1"": -3.4020451007574644, ""peak2"": -0.37836785147476215, ""mode"": ""down""}}, ""context"": {""boundary_proximity"": 0.13838916508651988, ""rejection_speed"": 0.18690851735014988, ""window_span_norm"": 0.1}}"
2025-05-07 22:15:00+00:00,SIG.BEICHI.RANGE.DOWN,1810.41,1.8561202661626426,"{""zs_index"": 11, ""score"": 1.8561202661626426, ""evidences"": {""volume_price"": {""type"": ""volume_price"", ""price_new"": false, ""vol_weaker"": false, ""mom_weaker"": false}, ""momentum"": {""type"": ""momentum"", ""weaken_cnt"": 0, ""price_new"": false}, ""ratios"": {""volume_ratio"": 1.309175526268835, ""atr_ratio"": 1.4476650426134696, ""speed_ratio"": 1.1585415290372976, ""strength_ratio"": 64.40003847736591}, ""macd"": {""type"": ""macd"", ""peak1"": -2.6595099549788186, ""peak2"": -2.19669705223837, ""mode"": ""down""}}, ""context"": {""boundary_proximity"": 0.8873576860521117, ""rejection_speed"": 0.8328427575522925, ""window_span_norm"": 0.56}}"
2025-05-13 04:45:00+00:00,SIG.BEICHI.RANGE.DOWN,2455.59,3.069742469746336,"{""zs_index"": 13, ""score"": 3.069742469746336, ""evidences"": {""volume_price"": {""type"": ""volume_price"", ""price_new"": true, ""vol_weaker"": true, ""mom_weaker"": true}, ""momentum"": {""type"": ""momentum"", ""weaken_cnt"": 2, ""price_new"": true}, ""ratios"": {""volume_ratio"": 0.4004259260165277, ""atr_ratio"": 0.6851267193809267, ""speed_ratio"": 1.0880668627147692, ""strength_ratio"": 0.5054356571384394}, ""macd"": {""type"": ""macd"", ""peak1"": -5.577266307121022, ""peak2"": -3.883418666733669, ""mode"": ""down""}}, ""context"": {""boundary_proximity"": 0.11989860583013534, ""rejection_speed"": 0.9296721770804247, ""window_span_norm"": 0.1}}"
2025-05-16 12:00:00+00:00,SIG.BEICHI.RANGE.UP,2615.56,0.795193123163082,"{""zs_index"": 14, ""score"": 0.795193123163082, ""evidences"": {""volume_price"": {""type"": ""volume_price"", ""price_new"": false, ""vol_weaker"": false, ""mom_weaker"": true}, ""momentum"": {""type"": ""momentum"", ""weaken_cnt"": 2, ""price_new"": false}, ""ratios"": {""volume_ratio"": 1.1705406825419082, ""atr_ratio"": 0.7851851258193201, ""speed_ratio"": 0.5750936329588021, ""strength_ratio"": 3.329594211503889}, ""macd"": {""type"": ""macd"", ""peak1"": 4.222929008343914, ""peak2"": 2.671174112487787, ""mode"": ""up""}}, ""context"": {""boundary_proximity"": 0.14267743964394286, ""rejection_speed"": 0.13931109896119379, ""window_span_norm"": 0.065}}"
2025-05-17 05:45:00+00:00,SIG.BEICHI.RANGE.DOWN,2479.96,2.8840000000000003,"{""zs_index"": 14, ""score"": 2.8840000000000003, ""evidences"": {""volume_price"": {""type"": ""volume_price"", ""price_new"": true, ""vol_weaker"": false, ""mom_weaker"": true}, ""momentum"": {""type"": ""momentum"", ""weaken_cnt"": 1, ""price_new"": true}, ""ratios"": {""volume_ratio"": 1.4160448177751288, ""atr_ratio"": 0.716771666906102, ""speed_ratio"": 1.1712855324565132, ""strength_ratio"": 4.0720239687652136}, ""macd"": {""type"": ""macd"", ""peak1"": -5.019956069826623, ""peak2"": -6.154061154812688, ""mode"": ""down""}}, ""context"": {""boundary_proximity"": 1.0, ""rejection_speed"": 1.2964342735497405, ""window_span_norm"": 0.21}}"
2025-05-20 19:30:00+00:00,SIG.BEICHI.RANGE.DOWN,2487.69,1.824717791411039,"{""zs_index"": 15, ""score"": 1.824717791411039, ""evidences"": {""volume_price"": {""type"": ""volume_price"", ""price_new"": true, ""vol_weaker"": false, ""mom_weaker"": false}, ""momentum"": {""type"": ""momentum"", ""weaken_cnt"": 0, ""price_new"": true}, ""ratios"": {""volume_ratio"": 1.621838300842402, ""atr_ratio"": 1.6155066054384921, ""speed_ratio"": 2.1172161172160955, ""strength_ratio"": 2.0574532641676004}, ""macd"": {""type"": ""macd"", ""peak1"": -3.3715282543745086, ""peak2"": -0.9799941350876269, ""mode"": ""down""}}, ""context"": {""boundary_proximity"": 1.0, ""rejection_speed"": 0.9611963190183984, ""window_span_norm"": 0.12}}"
2025-05-27 02:45:00+00:00,SIG.BEICHI.RANGE.DOWN,2535.61,3.285685924034465,"{""zs_index"": 17, ""score"": 3.285685924034465, ""evidences"": {""volume_price"": {""type"": ""volume_price"", ""price_new"": true, ""vol_weaker"": false, ""mom_weaker"": true}, ""momentum"": {""type"": ""momentum"", ""weaken_cnt"": 2, ""price_new"": true}, ""ratios"": {""volume_ratio"": 1.998116498744263, ""atr_ratio"": 1.5698447546691419, ""speed_ratio"": 1.1801794177386271, ""strength_ratio"": 0.7840542390555556}, ""macd"": {""type"": ""macd"", ""peak1"": -1.8049525143360992, ""peak2"": -4.317343196382101, ""mode"": ""down""}}, ""context"": {""boundary_proximity"": 1.0, ""rejection_speed"": 0.41280987339077546, ""window_span_norm"": 0.095}}"
2025-06-04 17:30:00+00:00,SIG.BEICHI.RANGE.UP,2636.26,2.3217056251866364,"{""zs_index"": 19, ""score"": 2.3217056251866364, ""evidences"": {""volume_price"": {""type"": ""volume_price"", ""price_new"": true, ""vol_weaker"": false, ""mom_weaker"": true}, ""momentum"": {""type"": ""momentum"", ""weaken_cnt"": 1, ""price_new"": true}, ""ratios"": {""volume_ratio"": 2.786407415314582, ""atr_ratio"": 2.2688091013329355, ""speed_ratio"": 2.649163897815826, ""strength_ratio"": 0.6627305391068209}, ""macd"": {""type"": ""macd"", ""peak1"": 0.9018025447464977, ""peak2"": 5.789736632349818, ""mode"": ""up""}}, ""context"": {""boundary_proximity"": 0.11950937531106043, ""rejection_speed"": 1.1659681018997183, ""window_span_norm"": 0.125}}"
2025-06-09 09:45:00+00:00,SIG.BEICHI.RANGE.DOWN,2509.29,3.728,"{""zs_index"": 20, ""score"": 3.728, ""evidences"": {""volume_price"": {""type"": ""volume_price"", ""price_new"": true, ""vol_weaker"": false, ""mom_weaker"": true}, ""momentum"": {""type"": ""momentum"", ""weaken_cnt"": 3, ""price_new"": true}, ""ratios"": {""volume_ratio"": 1.0547993048309228, ""atr_ratio"": 0.9811567074417704, ""speed_ratio"": 0.9663190463190496, ""strength_ratio"": 0.5139916767357552}, ""macd"": {""type"": ""macd"", ""peak1"": -2.3284790521152807, ""peak2"": -3.6949048886295164, ""mode"": ""down""}}, ""context"": {""boundary_proximity"": 1.0, ""rejection_speed"": 1.5140469237740248, ""window_span_norm"": 0.32}}"
2025-06-20 13:30:00+00:00,SIG.BEICHI.RANGE.UP,2548.97,1.9349573459715708,"{""zs_index"": 22, ""score"": 1.9349573459715708, ""evidences"": {""volume_price"": {""type"": ""volume_price"", ""price_new"": false, ""vol_weaker"": true, ""mom_weaker"": true}, ""momentum"": {""type"": ""momentum"", ""weaken_cnt"": 3, ""price_new"": false}, ""ratios"": {""volume_ratio"": 0.7158359640315163, ""atr_ratio"": 0.7229122876706822, ""speed_ratio"": 0.8341027120600182, ""strength_ratio"": 1.3553056427048427}, ""macd"": {""type"": ""macd"", ""peak1"": 6.532742735056342, ""peak2"": 5.22863410518479, ""mode"": ""up""}}, ""context"": {""boundary_proximity"": 1.0, ""rejection_speed"": 0.9482622432859514, ""window_span_norm"": 0.415}}"
2025-06-24 05:45:00+00:00,SIG.BEICHI.RANGE.UP,2420.01,3.611352883675473,"{""zs_index"": 23, ""score"": 3.611352883675473, ""evidences"": {""volume_price"": {""type"": ""volume_price"", ""price_new"": true, ""vol_weaker"": true, ""mom_weaker"": true}, ""momentum"": {""type"": ""momentum"", ""weaken_cnt"": 2, ""price_new"": true}, ""ratios"": {""volume_ratio"": 0.6737612965142298, ""atr_ratio"": 0.5532918312290175, ""speed_ratio"": 0.6871835831899742, ""strength_ratio"": 1.2648900164032244}, ""macd"": {""type"": ""macd"", ""peak1"": 4.95829279831206, ""peak2"": 7.978076025259435, ""mode"": ""up""}}, ""context"": {""boundary_proximity"": 1.0, ""rejection_speed"": 0.8222548061257887, ""window_span_norm"": 0.295}}"
2025-06-27 19:45:00+00:00,SIG.BEICHI.RANGE.DOWN,2412.67,1.1939813834848463,"{""zs_index"": 24, ""score"": 1.1939813834848463, ""evidences"": {""volume_price"": {""type"": ""volume_price"", ""price_new"": false, ""vol_weaker"": true, ""mom_weaker"": true}, ""momentum"": {""type"": ""momentum"", ""weaken_cnt"": 2, ""price_new"": false}, ""ratios"": {""volume_ratio"": 0.4417043149040002, ""atr_ratio"": 0.6293388421066014, ""speed_ratio"": 0.6375165625591698, ""strength_ratio"": 4.249646232375384}, ""macd"": {""type"": ""macd"", ""peak1"": -4.456410124180403, ""peak2"": -3.5245270739258494, ""mode"": ""down""}}, ""context"": {""boundary_proximity"": 0.3462903008926749, ""rejection_speed"": 0.5870120049154021, ""window_span_norm"": 0.085}}"
2025-06-29 10:15:00+00:00,SIG.BEICHI.RANGE.UP,2454.71,3.866,"{""zs_index"": 24, ""score"": 3.866, ""evidences"": {""volume_price"": {""type"": ""volume_price"", ""price_new"": true, ""vol_weaker"": true, ""mom_weaker"": true}, ""momentum"": {""type"": ""momentum"", ""weaken_cnt"": 2, ""price_new"": true}, ""ratios"": {""volume_ratio"": 0.7166928745843668, ""atr_ratio"": 0.6235999392561735, ""speed_ratio"": 0.9090575474149029, ""strength_ratio"": 3.5904420451684147}, ""macd"": {""type"": ""macd"", ""peak1"": 3.2897740246627745, ""peak2"": 1.5678666491395905, ""mode"": ""up""}}, ""context"": {""boundary_proximity"": 1.0, ""rejection_speed"": 1.017317487266561, ""window_span_norm"": 0.665}}"
2025-07-02 04:30:00+00:00,SIG.BEICHI.RANGE.DOWN,2435.32,2.27456815206318,"{""zs_index"": 25, ""score"": 2.27456815206318, ""evidences"": {""volume_price"": {""type"": ""volume_price"", ""price_new"": true, ""vol_weaker"": false, ""mom_weaker"": true}, ""momentum"": {""type"": ""momentum"", ""weaken_cnt"": 1, ""price_new"": true}, ""ratios"": {""volume_ratio"": 1.4602682366753672, ""atr_ratio"": 1.9231315521327985, ""speed_ratio"": 1.02526042636668, ""strength_ratio"": 0.24732043776047904}, ""macd"": {""type"": ""macd"", ""peak1"": -0.8111041431822028, ""peak2"": -1.9179003318221923, ""mode"": ""down""}}, ""context"": {""boundary_proximity"": 0.23120333036169882, ""rejection_speed"": 0.6730769230769346, ""window_span_norm"": 0.33}}"
2025-07-08 10:15:00+00:00,SIG.BEICHI.RANGE.DOWN,2558.99,2.848176480195404,"{""zs_index"": 26, ""score"": 2.848176480195404, ""evidences"": {""volume_price"": {""type"": ""volume_price"", ""price_new"": true, ""vol_weaker"": true, ""mom_weaker"": true}, ""momentum"": {""type"": ""momentum"", ""weaken_cnt"": 1, ""price_new"": true}, ""ratios"": {""volume_ratio"": 0.7234097764222126, ""atr_ratio"": 1.1425470154900161, ""speed_ratio"": 1.0245606236899298, ""strength_ratio"": 0.1790547616846317}, ""macd"": {""type"": ""macd"", ""peak1"": -1.9538360910911767, ""peak2"": -2.1204760508762774, ""mode"": ""down""}}, ""context"": {""boundary_proximity"": 0.7802941336590059, ""rejection_speed"": 1.1243815441260332, ""window_span_norm"": 0.45}}"
2025-07-09 05:45:00+00:00,SIG.BEICHI.RANGE.UP,2628.21,3.716,"{""zs_index"": 26, ""score"": 3.716, ""evidences"": {""volume_price"": {""type"": ""volume_price"", ""price_new"": true, ""vol_weaker"": true, ""mom_weaker"": true}, ""momentum"": {""type"": ""momentum"", ""weaken_cnt"": 3, ""price_new"": true}, ""ratios"": {""volume_ratio"": 0.4269424656090626, ""atr_ratio"": 0.4661098875223718, ""speed_ratio"": 0.690936552596561, ""strength_ratio"": 0.14882241305268118}, ""macd"": {""type"": ""macd"", ""peak1"": 5.955231175892869, ""peak2"": 4.758034648344745, ""mode"": ""up""}}, ""context"": {""boundary_proximity"": 1.0, ""rejection_speed"": 2.3758086354746517, ""window_span_norm"": 0.29}}"
2025-07-17 06:00:00+00:00,SIG.BEICHI.RANGE.DOWN,3373.5,2.473045115948755,"{""zs_index"": 28, ""score"": 2.473045115948755, ""evidences"": {""volume_price"": {""type"": ""volume_price"", ""price_new"": true, ""vol_weaker"": false, ""mom_weaker"": true}, ""momentum"": {""type"": ""momentum"", ""weaken_cnt"": 1, ""price_new"": true}, ""ratios"": {""volume_ratio"": 1.0699952426308632, ""atr_ratio"": 1.2568433070439695, ""speed_ratio"": 1.9352912921155019, ""strength_ratio"": 0.21575246132206838}, ""macd"": {""type"": ""macd"", ""peak1"": -9.03903402326403, ""peak2"": -7.793323567817515, ""mode"": ""down""}}, ""context"": {""boundary_proximity"": 0.8543584341913757, ""rejection_speed"": 0.5073834257232159, ""window_span_norm"": 0.14}}"
2025-07-18 05:45:00+00:00,SIG.BEICHI.RANGE.UP,3669.9,2.89,"{""zs_index"": 28, ""score"": 2.89, ""evidences"": {""volume_price"": {""type"": ""volume_price"", ""price_new"": true, ""vol_weaker"": false, ""mom_weaker"": true}, ""momentum"": {""type"": ""momentum"", ""weaken_cnt"": 1, ""price_new"": true}, ""ratios"": {""volume_ratio"": 2.007706051265483, ""atr_ratio"": 1.5462329854651278, ""speed_ratio"": 3.450653370013757, ""strength_ratio"": 0.7312004256611049}, ""macd"": {""type"": ""macd"", ""peak1"": 4.4727051047273125, ""peak2"": 12.564744841116099, ""mode"": ""up""}}, ""context"": {""boundary_proximity"": 1.0, ""rejection_speed"": 1.380406187519734, ""window_span_norm"": 0.225}}"
2025-07-20 03:45:00+00:00,SIG.BEICHI.RANGE.UP,3658.01,3.649519812479075,"{""zs_index"": 29, ""score"": 3.649519812479075, ""evidences"": {""volume_price"": {""type"": ""volume_price"", ""price_new"": true, ""vol_weaker"": true, ""mom_weaker"": true}, ""momentum"": {""type"": ""momentum"", ""weaken_cnt"": 2, ""price_new"": true}, ""ratios"": {""volume_ratio"": 0.7752326188155229, ""atr_ratio"": 0.8750034275748709, ""speed_ratio"": 0.7876572411568634, ""strength_ratio"": 21.597079048535324}, ""macd"": {""type"": ""macd"", ""peak1"": 4.088543905213041, ""peak2"": 5.425756844234424, ""mode"": ""up""}}, ""context"": {""boundary_proximity"": 1.0, ""rejection_speed"": 0.9625330207984584, ""window_span_norm"": 0.18}}"
2025-07-22 00:30:00+00:00,SIG.BEICHI.RANGE.UP,3748.45,1.5050839805421024,"{""zs_index"": 30, ""score"": 1.5050839805421024, ""evidences"": {""volume_price"": {""type"": ""volume_price"", ""price_new"": false, ""vol_weaker"": true, ""mom_weaker"": true}, ""momentum"": {""type"": ""momentum"", ""weaken_cnt"": 3, ""price_new"": false}, ""ratios"": {""volume_ratio"": 0.42509210263284947, ""atr_ratio"": 0.9244158586045298, ""speed_ratio"": 0.8726134242604376, ""strength_ratio"": 3.8638810699593593}, ""macd"": {""type"": ""macd"", ""peak1"": 4.440163635358626, ""peak2"": 4.18662815058728, ""mode"": ""up""}}, ""context"": {""boundary_proximity"": 0.6586345381525861, ""rejection_speed"": 0.5765054294175846, ""window_span_norm"": 0.41}}"
2025-07-23 10:15:00+00:00,SIG.BEICHI.RANGE.DOWN,3657.79,2.328526280827045,"{""zs_index"": 30, ""score"": 2.328526280827045, ""evidences"": {""volume_price"": {""type"": ""volume_price"", ""price_new"": true, ""vol_weaker"": false, ""mom_weaker"": true}, ""momentum"": {""type"": ""momentum"", ""weaken_cnt"": 1, ""price_new"": true}, ""ratios"": {""volume_ratio"": 1.024687615788957, ""atr_ratio"": 0.711372287875024, ""speed_ratio"": 1.096893765290239, ""strength_ratio"": 23.93075593327342}, ""macd"": {""type"": ""macd"", ""peak1"": -3.5768506692524165, ""peak2"": -5.372222036710936, ""mode"": ""down""}}, ""context"": {""boundary_proximity"": 1.0, ""rejection_speed"": 0.05754380137840769, ""window_span_norm"": 0.235}}"
2025-07-25 17:45:00+00:00,SIG.BEICHI.RANGE.DOWN,3636.48,3.1074169499472526,"{""zs_index"": 31, ""score"": 3.1074169499472526, ""evidences"": {""volume_price"": {""type"": ""volume_price"", ""price_new"": true, ""vol_weaker"": false, ""mom_weaker"": true}, ""momentum"": {""type"": ""momentum"", ""weaken_cnt"": 3, ""price_new"": true}, ""ratios"": {""volume_ratio"": 1.046841695639662, ""atr_ratio"": 1.2040315416495955, ""speed_ratio"": 0.851162149566457, ""strength_ratio"": 0.12991113246691605}, ""macd"": {""type"": ""macd"", ""peak1"": 0.2914933397276087, ""peak2"": -12.105605841042163, ""mode"": ""down""}}, ""context"": {""boundary_proximity"": 1.0, ""rejection_speed"": 0.08902824991208802, ""window_span_norm"": 0.135}}"
2025-07-26 02:45:00+00:00,SIG.BEICHI.RANGE.UP,3742.67,3.226402715970078,"{""zs_index"": 31, ""score"": 3.226402715970078, ""evidences"": {""volume_price"": {""type"": ""volume_price"", ""price_new"": true, ""vol_weaker"": true, ""mom_weaker"": true}, ""momentum"": {""type"": ""momentum"", ""weaken_cnt"": 2, ""price_new"": true}, ""ratios"": {""volume_ratio"": 0.5367240862954589, ""atr_ratio"": 0.6202365692314982, ""speed_ratio"": 0.7781831187410532, ""strength_ratio"": 5.216389694497891}, ""macd"": {""type"": ""macd"", ""peak1"": 11.284849078100812, ""peak2"": 9.57568410149983, ""mode"": ""up""}}, ""context"": {""boundary_proximity"": 1.0, ""rejection_speed"": 0.21067119328346323, ""window_span_norm"": 0.25}}"
2025-07-31 12:45:00+00:00,SIG.BEICHI.RANGE.UP,3835.0,3.503021976140198,"{""zs_index"": 33, ""score"": 3.503021976140198, ""evidences"": {""volume_price"": {""type"": ""volume_price"", ""price_new"": true, ""vol_weaker"": false, ""mom_weaker"": true}, ""momentum"": {""type"": ""momentum"", ""weaken_cnt"": 2, ""price_new"": true}, ""ratios"": {""volume_ratio"": 1.1782177787383836, ""atr_ratio"": 1.022356601585309, ""speed_ratio"": 0.837553398058236, ""strength_ratio"": 0.2935671167602718}, ""macd"": {""type"": ""macd"", ""peak1"": 0.5675695826472973, ""peak2"": 9.206987160604399, ""mode"": ""up""}}, ""context"": {""boundary_proximity"": 1.0, ""rejection_speed"": 0.6417032935669968, ""window_span_norm"": 0.295}}"
2025-08-06 18:00:00+00:00,SIG.BEICHI.RANGE.UP,3695.88,1.8479999999999999,"{""zs_index"": 34, ""score"": 1.8479999999999999, ""evidences"": {""volume_price"": {""type"": ""volume_price"", ""price_new"": true, ""vol_weaker"": false, ""mom_weaker"": false}, ""momentum"": {""type"": ""momentum"", ""weaken_cnt"": 0, ""price_new"": true}, ""ratios"": {""volume_ratio"": 1.2867776584435224, ""atr_ratio"": 1.4846455770976659, ""speed_ratio"": 1.0465064281721639, ""strength_ratio"": 5.836446507592734}, ""macd"": {""type"": ""macd"", ""peak1"": 7.286247582109761, ""peak2"": 6.478251486021188, ""mode"": ""up""}}, ""context"": {""boundary_proximity"": 1.0, ""rejection_speed"": 1.6411817102137822, ""window_span_norm"": 0.12}}"
2025-08-08 13:15:00+00:00,SIG.BEICHI.RANGE.DOWN,3912.79,2.056,"{""zs_index"": 35, ""score"": 2.056, ""evidences"": {""volume_price"": {""type"": ""volume_price"", ""price_new"": false, ""vol_weaker"": true, ""mom_weaker"": true}, ""momentum"": {""type"": ""momentum"", ""weaken_cnt"": 4, ""price_new"": false}, ""ratios"": {""volume_ratio"": 0.5313193600120287, ""atr_ratio"": 0.7607661675652487, ""speed_ratio"": 0.7427832072873521, ""strength_ratio"": 0.14239460900638515}, ""macd"": {""type"": ""macd"", ""peak1"": -7.240840252510381, ""peak2"": -4.016836384421179, ""mode"": ""down""}}, ""context"": {""boundary_proximity"": 1.0, ""rejection_speed"": 1.7642557393236402, ""window_span_norm"": 0.64}}"
2025-08-14 12:15:00+00:00,SIG.BEICHI.RANGE.UP,4714.13,2.50527963308012,"{""zs_index"": 37, ""score"": 2.50527963308012, ""evidences"": {""volume_price"": {""type"": ""volume_price"", ""price_new"": true, ""vol_weaker"": true, ""mom_weaker"": true}, ""momentum"": {""type"": ""momentum"", ""weaken_cnt"": 1, ""price_new"": true}, ""ratios"": {""volume_ratio"": 0.6802330790414521, ""atr_ratio"": 0.893535619150808, ""speed_ratio"": 1.0727408811219978, ""strength_ratio"": 1.1306319229469006}, ""macd"": {""type"": ""macd"", ""peak1"": 7.259958629835733, ""peak2"": 5.346861211577847, ""mode"": ""up""}}, ""context"": {""boundary_proximity"": 1.0, ""rejection_speed"": 0.16213272180019989, ""window_span_norm"": 0.52}}"
2025-08-19 00:00:00+00:00,SIG.BEICHI.RANGE.UP,4318.92,2.428356839925049,"{""zs_index"": 39, ""score"": 2.428356839925049, ""evidences"": {""volume_price"": {""type"": ""volume_price"", ""price_new"": true, ""vol_weaker"": true, ""mom_weaker"": false}, ""momentum"": {""type"": ""momentum"", ""weaken_cnt"": 0, ""price_new"": true}, ""ratios"": {""volume_ratio"": 0.8895200568717075, ""atr_ratio"": 1.1830729792999057, ""speed_ratio"": 1.467602557441749, ""strength_ratio"": 2.0710655102702424}, ""macd"": {""type"": ""macd"", ""peak1"": 2.610621642395209, ""peak2"": 2.9119439986526423, ""mode"": ""up""}}, ""context"": {""boundary_proximity"": 1.0, ""rejection_speed"": 0.23059473320841525, ""window_span_norm"": 0.225}}"
2025-08-20 14:15:00+00:00,SIG.BEICHI.RANGE.DOWN,4159.69,1.659638406537281,"{""zs_index"": 40, ""score"": 1.659638406537281, ""evidences"": {""volume_price"": {""type"": ""volume_price"", ""price_new"": false, ""vol_weaker"": false, ""mom_weaker"": false}, ""momentum"": {""type"": ""momentum"", ""weaken_cnt"": 0, ""price_new"": false}, ""ratios"": {""volume_ratio"": 1.7111424032748965, ""atr_ratio"": 1.5631217847926377, ""speed_ratio"": 1.9662189358815618, ""strength_ratio"": 6.729987265054556}, ""macd"": {""type"": ""macd"", ""peak1"": -10.126688504613817, ""peak2"": -9.480569890530184, ""mode"": ""down""}}, ""context"": {""boundary_proximity"": 1.0, ""rejection_speed"": 0.5427306775621351, ""window_span_norm"": 0.335}}"
2025-08-27 18:30:00+00:00,SIG.BEICHI.RANGE.UP,4611.46,3.6461642569096333,"{""zs_index"": 42, ""score"": 3.6461642569096333, ""evidences"": {""volume_price"": {""type"": ""volume_price"", ""price_new"": true, ""vol_weaker"": true, ""mom_weaker"": true}, ""momentum"": {""type"": ""momentum"", ""weaken_cnt"": 3, ""price_new"": true}, ""ratios"": {""volume_ratio"": 0.6104984076711221, ""atr_ratio"": 0.7550818745109641, ""speed_ratio"": 1.0385902954052102, ""strength_ratio"": 0.23882670930906028}, ""macd"": {""type"": ""macd"", ""peak1"": 6.605403380315755, ""peak2"": 4.441287428957345, ""mode"": ""up""}}, ""context"": {""boundary_proximity"": 0.9836070948493889, ""rejection_speed"": 1.3778642898610065, ""window_span_norm"": 0.14}}"
2025-08-31 19:30:00+00:00,SIG.BEICHI.RANGE.UP,4476.82,3.048296890088312,"{""zs_index"": 43, ""score"": 3.048296890088312, ""evidences"": {""volume_price"": {""type"": ""volume_price"", ""price_new"": true, ""vol_weaker"": true, ""mom_weaker"": true}, ""momentum"": {""type"": ""momentum"", ""weaken_cnt"": 2, ""price_new"": true}, ""ratios"": {""volume_ratio"": 0.3778272346129082, ""atr_ratio"": 0.549618814035526, ""speed_ratio"": 0.8750190635961895, ""strength_ratio"": 2.2389449308724854}, ""macd"": {""type"": ""macd"", ""peak1"": 1.3280584771934976, ""peak2"": 0.5059619300272038, ""mode"": ""up""}}, ""context"": {""boundary_proximity"": 0.8024376499958222, ""rejection_speed"": 0.1980571668180314, ""window_span_norm"": 0.12}}"
2025-09-04 06:45:00+00:00,SIG.BEICHI.RANGE.DOWN,4365.01,1.7185018253932518,"{""zs_index"": 43, ""score"": 1.7185018253932518, ""evidences"": {""volume_price"": {""type"": ""volume_price"", ""price_new"": false, ""vol_weaker"": false, ""mom_weaker"": true}, ""momentum"": {""type"": ""momentum"", ""weaken_cnt"": 2, ""price_new"": false}, ""ratios"": {""volume_ratio"": 1.3140238583670503, ""atr_ratio"": 0.8342863934240216, ""speed_ratio"": 0.6853261916208848, ""strength_ratio"": 99.54811753275878}, ""macd"": {""type"": ""macd"", ""peak1"": -12.511587668728975, ""peak2"": -7.203502770359335, ""mode"": ""down""}}, ""context"": {""boundary_proximity"": 1.0, ""rejection_speed"": 0.19750304232208668, ""window_span_norm"": 1.0}}"
2025-09-10 01:45:00+00:00,SIG.BEICHI.RANGE.DOWN,4302.78,1.1590664281640004,"{""zs_index"": 44, ""score"": 1.1590664281640004, ""evidences"": {""volume_price"": {""type"": ""volume_price"", ""price_new"": false, ""vol_weaker"": true, ""mom_weaker"": true}, ""momentum"": {""type"": ""momentum"", ""weaken_cnt"": 3, ""price_new"": false}, ""ratios"": {""volume_ratio"": 0.631482252094891, ""atr_ratio"": 0.8022782503130423, ""speed_ratio"": 0.9726380006350849, ""strength_ratio"": 1.6245640416941722}, ""macd"": {""type"": ""macd"", ""peak1"": -7.893181405254397, ""peak2"": -2.092477233458941, ""mode"": ""down""}}, ""context"": {""boundary_proximity"": 0.7472144533311018, ""rejection_speed"": 0.07456292694223209, ""window_span_norm"": 0.165}}"
2025-09-12 06:00:00+00:00,SIG.BEICHI.RANGE.UP,4547.41,3.874,"{""zs_index"": 44, ""score"": 3.874, ""evidences"": {""volume_price"": {""type"": ""volume_price"", ""price_new"": true, ""vol_weaker"": true, ""mom_weaker"": true}, ""momentum"": {""type"": ""momentum"", ""weaken_cnt"": 2, ""price_new"": true}, ""ratios"": {""volume_ratio"": 0.407687766296641, ""atr_ratio"": 0.5309797034851622, ""speed_ratio"": 0.6468164188752425, ""strength_ratio"": 3.290276910264319}, ""macd"": {""type"": ""macd"", ""peak1"": 9.02391768784082, ""peak2"": 8.437495110924942, ""mode"": ""up""}}, ""context"": {""boundary_proximity"": 1.0, ""rejection_speed"": 1.427937915742754, ""window_span_norm"": 0.685}}"
2025-09-14 11:00:00+00:00,SIG.BEICHI.RANGE.UP,4663.06,1.591045087307791,"{""zs_index"": 45, ""score"": 1.591045087307791, ""evidences"": {""volume_price"": {""type"": ""volume_price"", ""price_new"": false, ""vol_weaker"": true, ""mom_weaker"": true}, ""momentum"": {""type"": ""momentum"", ""weaken_cnt"": 2, ""price_new"": false}, ""ratios"": {""volume_ratio"": 0.5931880076999888, ""atr_ratio"": 0.8606254079656999, ""speed_ratio"": 0.7219300442441013, ""strength_ratio"": 23.277482269509214}, ""macd"": {""type"": ""macd"", ""peak1"": 5.074674031998988, ""peak2"": 0.667444116613124, ""mode"": ""up""}}, ""context"": {""boundary_proximity"": 1.0, ""rejection_speed"": 0.4517418121796519, ""window_span_norm"": 0.3}}"
2025-09-15 15:30:00+00:00,SIG.BEICHI.RANGE.DOWN,4480.41,3.634874805319282,"{""zs_index"": 45, ""score"": 3.634874805319282, ""evidences"": {""volume_price"": {""type"": ""volume_price"", ""price_new"": true, ""vol_weaker"": false, ""mom_weaker"": true}, ""momentum"": {""type"": ""momentum"", ""weaken_cnt"": 2, ""price_new"": true}, ""ratios"": {""volume_ratio"": 1.3893386174796685, ""atr_ratio"": 1.393748896498834, ""speed_ratio"": 0.9444738988580806, ""strength_ratio"": 0.9207126233422425}, ""macd"": {""type"": ""macd"", ""peak1"": -1.0493397106862041, ""peak2"": -14.682973091216809, ""mode"": ""down""}}, ""context"": {""boundary_proximity"": 1.0, ""rejection_speed"": 0.8914580088654696, ""window_span_norm"": 0.25}}"
2025-09-16 19:30:00+00:00,SIG.BEICHI.RANGE.DOWN,4482.16,0.9076853940766284,"{""zs_index"": 46, ""score"": 0.9076853940766284, ""evidences"": {""volume_price"": {""type"": ""volume_price"", ""price_new"": false, ""vol_weaker"": true, ""mom_weaker"": true}, ""momentum"": {""type"": ""momentum"", ""weaken_cnt"": 4, ""price_new"": false}, ""ratios"": {""volume_ratio"": 0.2045005366011888, ""atr_ratio"": 0.4158592802284797, ""speed_ratio"": 0.6568702290076448, ""strength_ratio"": 0.9318978015719294}, ""macd"": {""type"": ""macd"", ""peak1"": -6.6538295517696024, ""peak2"": 1.8544027521550528, ""mode"": ""down""}}, ""context"": {""boundary_proximity"": 0.3310547848410852, ""rejection_speed"": 0.11508753861996211, ""window_span_norm"": 0.1}}"
2025-09-22 06:45:00+00:00,SIG.BEICHI.RANGE.DOWN,4192.12,3.625001751477084,"{""zs_index"": 47, ""score"": 3.625001751477084, ""evidences"": {""volume_price"": {""type"": ""volume_price"", ""price_new"": true, ""vol_weaker"": true, ""mom_weaker"": true}, ""momentum"": {""type"": ""momentum"", ""weaken_cnt"": 2, ""price_new"": true}, ""ratios"": {""volume_ratio"": 0.3314531466558351, ""atr_ratio"": 0.32083961866618205, ""speed_ratio"": 0.3398342311396079, ""strength_ratio"": 1.238838822947756}, ""macd"": {""type"": ""macd"", ""peak1"": -2.8540859239523213, ""peak2"": -13.698140069493135, ""mode"": ""down""}}, ""context"": {""boundary_proximity"": 1.0, ""rejection_speed"": 0.37500291912847333, ""window_span_norm"": 1.0}}"
2025-09-23 14:00:00+00:00,SIG.BEICHI.RANGE.UP,4198.29,1.6613602756526245,"{""zs_index"": 48, ""score"": 1.6613602756526245, ""evidences"": {""volume_price"": {""type"": ""volume_price"", ""price_new"": false, ""vol_weaker"": true, ""mom_weaker"": true}, ""momentum"": {""type"": ""momentum"", ""weaken_cnt"": 1, ""price_new"": false}, ""ratios"": {""volume_ratio"": 0.8941127762477716, ""atr_ratio"": 0.8024665214149822, ""speed_ratio"": 1.170793357139752, ""strength_ratio"": 6.675737475999618}, ""macd"": {""type"": ""macd"", ""peak1"": 3.8024447910998855, ""peak2"": -0.27816570877946134, ""mode"": ""up""}}, ""context"": {""boundary_proximity"": 1.0, ""rejection_speed"": 0.6622671260877072, ""window_span_norm"": 0.16}}"
