ts,etype,price,score,payload
2025-04-02 21:00:00+00:00,SIG.BEICHI.RANGE.UP,1867.12,2.024,"{""zs_index"": 0, ""score"": 2.024, ""evidences"": {""volume_price"": {""type"": ""volume_price"", ""price_new"": false, ""vol_weaker"": false, ""mom_weaker"": true}, ""momentum"": {""type"": ""momentum"", ""weaken_cnt"": 2, ""price_new"": false}, ""ratios"": {""volume_ratio"": 1.296740582642259, ""atr_ratio"": 1.084440250824197, ""speed_ratio"": 1.138631107076403, ""strength_ratio"": 0.0757321482313614}, ""macd"": {""type"": ""macd"", ""peak1"": 7.135523591112236, ""peak2"": 5.61728840405099, ""mode"": ""up""}}, ""context"": {""boundary_proximity"": 1.0, ""rejection_speed"": 1.5811168857637892, ""window_span_norm"": 0.56}}"
2025-04-14 11:00:00+00:00,SIG.BEICHI.RANGE.UP,1675.32,3.638,"{""zs_index"": 1, ""score"": 3.638, ""evidences"": {""volume_price"": {""type"": ""volume_price"", ""price_new"": true, ""vol_weaker"": true, ""mom_weaker"": true}, ""momentum"": {""type"": ""momentum"", ""weaken_cnt"": 2, ""price_new"": true}, ""ratios"": {""volume_ratio"": 0.6656440732051915, ""atr_ratio"": 0.7064949207275536, ""speed_ratio"": 0.5564389370179499, ""strength_ratio"": 31.393325136597444}, ""macd"": {""type"": ""macd"", ""peak1"": 0.21599103294085664, ""peak2"": 6.52469844574144, ""mode"": ""up""}}, ""context"": {""boundary_proximity"": 1.0, ""rejection_speed"": 1.5132746394436634, ""window_span_norm"": 0.095}}"
2025-06-20 13:00:00+00:00,SIG.BEICHI.RANGE.UP,2536.29,1.71315857557059,"{""zs_index"": 4, ""score"": 1.71315857557059, ""evidences"": {""volume_price"": {""type"": ""volume_price"", ""price_new"": false, ""vol_weaker"": true, ""mom_weaker"": true}, ""momentum"": {""type"": ""momentum"", ""weaken_cnt"": 2, ""price_new"": false}, ""ratios"": {""volume_ratio"": 0.6782592944035186, ""atr_ratio"": 0.79360331285088, ""speed_ratio"": 0.35057459463529217, ""strength_ratio"": 22.133298859187384}, ""macd"": {""type"": ""macd"", ""peak1"": 9.437320781498668, ""peak2"": 4.776487509237752, ""mode"": ""up""}}, ""context"": {""boundary_proximity"": 1.0, ""rejection_speed"": 0.69526429261765, ""window_span_norm"": 0.24}}"
2025-06-24 12:00:00+00:00,SIG.BEICHI.RANGE.DOWN,2414.29,1.0587893496654495,"{""zs_index"": 5, ""score"": 1.0587893496654495, ""evidences"": {""volume_price"": {""type"": ""volume_price"", ""price_new"": false, ""vol_weaker"": true, ""mom_weaker"": true}, ""momentum"": {""type"": ""momentum"", ""weaken_cnt"": 2, ""price_new"": false}, ""ratios"": {""volume_ratio"": 0.7976010176573729, ""atr_ratio"": 0.9859062757674699, ""speed_ratio"": 0.4036525497147088, ""strength_ratio"": 50.01641690204566}, ""macd"": {""type"": ""macd"", ""peak1"": -12.930524808513681, ""peak2"": -2.1547759325208773, ""mode"": ""down""}}, ""context"": {""boundary_proximity"": 0.530341189692945, ""rejection_speed"": 0.010974393082804361, ""window_span_norm"": 0.335}}"
2025-07-31 13:00:00+00:00,SIG.BEICHI.RANGE.UP,3807.57,3.371849775191761,"{""zs_index"": 8, ""score"": 3.371849775191761, ""evidences"": {""volume_price"": {""type"": ""volume_price"", ""price_new"": true, ""vol_weaker"": false, ""mom_weaker"": true}, ""momentum"": {""type"": ""momentum"", ""weaken_cnt"": 2, ""price_new"": true}, ""ratios"": {""volume_ratio"": 1.3632995443328233, ""atr_ratio"": 1.0359149597627848, ""speed_ratio"": 1.495232097876963, ""strength_ratio"": 0.2469856769249515}, ""macd"": {""type"": ""macd"", ""peak1"": 5.3941058849919585, ""peak2"": 11.310188890930306, ""mode"": ""up""}}, ""context"": {""boundary_proximity"": 0.5464162919862687, ""rejection_speed"": 1.3145879563485987, ""window_span_norm"": 0.11}}"
2025-08-04 11:00:00+00:00,SIG.BEICHI.RANGE.DOWN,3555.7,1.510495863904703,"{""zs_index"": 9, ""score"": 1.510495863904703, ""evidences"": {""volume_price"": {""type"": ""volume_price"", ""price_new"": false, ""vol_weaker"": true, ""mom_weaker"": true}, ""momentum"": {""type"": ""momentum"", ""weaken_cnt"": 3, ""price_new"": false}, ""ratios"": {""volume_ratio"": 0.6110979155647801, ""atr_ratio"": 0.6232897683218168, ""speed_ratio"": 0.4699151492629705, ""strength_ratio"": 1.306276860146492}, ""macd"": {""type"": ""macd"", ""peak1"": -8.64491388177953, ""peak2"": 1.03230041543776, ""mode"": ""down""}}, ""context"": {""boundary_proximity"": 0.9037607547356833, ""rejection_speed"": 0.39706568510548884, ""window_span_norm"": 0.325}}"
2025-08-11 04:00:00+00:00,SIG.BEICHI.RANGE.UP,4319.4,2.588284644194748,"{""zs_index"": 9, ""score"": 2.588284644194748, ""evidences"": {""volume_price"": {""type"": ""volume_price"", ""price_new"": true, ""vol_weaker"": false, ""mom_weaker"": true}, ""momentum"": {""type"": ""momentum"", ""weaken_cnt"": 1, ""price_new"": true}, ""ratios"": {""volume_ratio"": 1.302671137961766, ""atr_ratio"": 1.701502645556807, ""speed_ratio"": 1.4183628437074878, ""strength_ratio"": 0.4841536804533752}, ""macd"": {""type"": ""macd"", ""peak1"": 8.597803924724909, ""peak2"": 17.992954839251095, ""mode"": ""up""}}, ""context"": {""boundary_proximity"": 1.0, ""rejection_speed"": 0.2871410736579129, ""window_span_norm"": 0.54}}"
2025-09-05 06:00:00+00:00,SIG.BEICHI.RANGE.DOWN,4332.66,2.2914560114923908,"{""zs_index"": 10, ""score"": 2.2914560114923908, ""evidences"": {""volume_price"": {""type"": ""volume_price"", ""price_new"": true, ""vol_weaker"": true, ""mom_weaker"": false}, ""momentum"": {""type"": ""momentum"", ""weaken_cnt"": 0, ""price_new"": true}, ""ratios"": {""volume_ratio"": 0.7549151132848272, ""atr_ratio"": 1.3046830637574476, ""speed_ratio"": 1.5151504374422182, ""strength_ratio"": 4.50821821678474}, ""macd"": {""type"": ""macd"", ""peak1"": -14.529244470222277, ""peak2"": -14.863838107439602, ""mode"": ""down""}}, ""context"": {""boundary_proximity"": 1.0, ""rejection_speed"": 0.06909335248731815, ""window_span_norm"": 0.125}}"
2025-09-10 11:00:00+00:00,SIG.BEICHI.RANGE.DOWN,4331.31,3.263882081179203,"{""zs_index"": 11, ""score"": 3.263882081179203, ""evidences"": {""volume_price"": {""type"": ""volume_price"", ""price_new"": true, ""vol_weaker"": false, ""mom_weaker"": true}, ""momentum"": {""type"": ""momentum"", ""weaken_cnt"": 2, ""price_new"": true}, ""ratios"": {""volume_ratio"": 1.2659502308328772, ""atr_ratio"": 0.897210505077278, ""speed_ratio"": 0.6252598380044415, ""strength_ratio"": 1.2318073958475884}, ""macd"": {""type"": ""macd"", ""peak1"": -4.6269008068329125, ""peak2"": -7.4870206140296425, ""mode"": ""down""}}, ""context"": {""boundary_proximity"": 1.0, ""rejection_speed"": 0.31980346863200515, ""window_span_norm"": 0.18}}"
2025-09-13 04:00:00+00:00,SIG.BEICHI.RANGE.UP,4743.1,3.68076345840131,"{""zs_index"": 11, ""score"": 3.68076345840131, ""evidences"": {""volume_price"": {""type"": ""volume_price"", ""price_new"": true, ""vol_weaker"": true, ""mom_weaker"": true}, ""momentum"": {""type"": ""momentum"", ""weaken_cnt"": 2, ""price_new"": true}, ""ratios"": {""volume_ratio"": 0.5336374766117927, ""atr_ratio"": 0.5665239069222301, ""speed_ratio"": 0.720738128434344, ""strength_ratio"": 2.390924023381691}, ""macd"": {""type"": ""macd"", ""peak1"": 16.567553211690353, ""peak2"": 11.996577092461266, ""mode"": ""up""}}, ""context"": {""boundary_proximity"": 1.0, ""rejection_speed"": 0.9412724306688498, ""window_span_norm"": 0.29}}"
