ts,etype,price,score,payload
2025-04-07 07:00:00+00:00,SIG.BEICHI.TREND.DOWN,1460.15,2.6,"{""seg_idx"": [0, 1, 2], ""score"": 2.6, ""evidences"": {""volume_price"": {""type"": ""volume_price"", ""price_new"": true, ""vol_weaker"": false, ""mom_weaker"": true}, ""momentum"": {""type"": ""momentum"", ""weaken_cnt"": 1, ""price_new"": true}, ""ratios"": {""volume_ratio"": 1.6978863701796596, ""atr_ratio"": 1.3717620958079708, ""speed_ratio"": 1.5786304101287052, ""strength_ratio"": 0.9647731186886778}, ""macd"": {""type"": ""macd"", ""peak1"": -10.573101855439045, ""peak2"": -21.714939878873, ""mode"": ""down""}}, ""context"": {""boundary_proximity"": NaN, ""rejection_speed"": 1.5811569922144417, ""window_span_norm"": 1.0}}"
2025-04-14 11:00:00+00:00,SIG.BEICHI.TREND.UP,1675.32,3.136,"{""seg_idx"": [4, 5, 6], ""score"": 3.136, ""evidences"": {""volume_price"": {""type"": ""volume_price"", ""price_new"": true, ""vol_weaker"": true, ""mom_weaker"": true}, ""momentum"": {""type"": ""momentum"", ""weaken_cnt"": 4, ""price_new"": true}, ""ratios"": {""volume_ratio"": 0.31406219748135245, ""atr_ratio"": 0.7275523592164183, ""speed_ratio"": 0.5266972482784846, ""strength_ratio"": 0.9802408995369908}, ""macd"": {""type"": ""macd"", ""peak1"": 25.961597763332037, ""peak2"": 6.52469844574144, ""mode"": ""up""}}, ""context"": {""boundary_proximity"": NaN, ""rejection_speed"": 1.5438938110537752, ""window_span_norm"": 0.34}}"
2025-04-27 01:00:00+00:00,SIG.BEICHI.TREND.UP,1804.6,2.5162589928057626,"{""seg_idx"": [9, 10, 11], ""score"": 2.5162589928057626, ""evidences"": {""volume_price"": {""type"": ""volume_price"", ""price_new"": true, ""vol_weaker"": false, ""mom_weaker"": true}, ""momentum"": {""type"": ""momentum"", ""weaken_cnt"": 1, ""price_new"": true}, ""ratios"": {""volume_ratio"": 2.383549528441597, ""atr_ratio"": 2.2349020774127015, ""speed_ratio"": 2.503604275416354, ""strength_ratio"": 0.35351038739882995}, ""macd"": {""type"": ""macd"", ""peak1"": 1.274367758712743, ""peak2"": 3.606302771150329, ""mode"": ""up""}}, ""context"": {""boundary_proximity"": NaN, ""rejection_speed"": 0.993764988009604, ""window_span_norm"": 0.8}}"
2025-05-16 11:00:00+00:00,SIG.BEICHI.TREND.UP,2620.83,1.9317404412116563,"{""seg_idx"": [17, 18, 19], ""score"": 1.9317404412116563, ""evidences"": {""volume_price"": {""type"": ""volume_price"", ""price_new"": true, ""vol_weaker"": false, ""mom_weaker"": true}, ""momentum"": {""type"": ""momentum"", ""weaken_cnt"": 1, ""price_new"": true}, ""ratios"": {""volume_ratio"": 1.3237445895269435, ""atr_ratio"": 2.1582583011080776, ""speed_ratio"": 1.519680906896199, ""strength_ratio"": 0.6170368106837135}, ""macd"": {""type"": ""macd"", ""peak1"": 8.143987232047737, ""peak2"": 7.941390424736648, ""mode"": ""up""}}, ""context"": {""boundary_proximity"": NaN, ""rejection_speed"": 0.31956740201942735, ""window_span_norm"": 0.35}}"
2025-05-20 05:00:00+00:00,SIG.BEICHI.TREND.UP,2559.29,1.0929574342299697,"{""seg_idx"": [18, 19, 20], ""score"": 1.0929574342299697, ""evidences"": {""volume_price"": {""type"": ""volume_price"", ""price_new"": false, ""vol_weaker"": true, ""mom_weaker"": true}, ""momentum"": {""type"": ""momentum"", ""weaken_cnt"": 2, ""price_new"": false}, ""ratios"": {""volume_ratio"": 0.6868942264437576, ""atr_ratio"": 1.015838585487211, ""speed_ratio"": 0.9401559848390764, ""strength_ratio"": 1.3577865299424878}, ""macd"": {""type"": ""macd"", ""peak1"": 19.76746881186608, ""peak2"": 15.55393300607216, ""mode"": ""up""}}, ""context"": {""boundary_proximity"": NaN, ""rejection_speed"": 0.15492905704994955, ""window_span_norm"": 1.0}}"
2025-05-22 09:00:00+00:00,SIG.BEICHI.TREND.UP,2664.99,3.0405716995586003,"{""seg_idx"": [19, 20, 21], ""score"": 3.0405716995586003, ""evidences"": {""volume_price"": {""type"": ""volume_price"", ""price_new"": true, ""vol_weaker"": false, ""mom_weaker"": true}, ""momentum"": {""type"": ""momentum"", ""weaken_cnt"": 2, ""price_new"": true}, ""ratios"": {""volume_ratio"": 1.717745291553764, ""atr_ratio"": 0.9500323751775116, ""speed_ratio"": 1.1815456134344702, ""strength_ratio"": 0.8718523379596503}, ""macd"": {""type"": ""macd"", ""peak1"": 7.941390424736648, ""peak2"": 10.394637585488885, ""mode"": ""up""}}, ""context"": {""boundary_proximity"": NaN, ""rejection_speed"": 0.7609528325976667, ""window_span_norm"": 0.45999999999999996}}"
2025-05-31 21:00:00+00:00,SIG.BEICHI.TREND.UP,2543.21,1.129072658090232,"{""seg_idx"": [25, 26, 27], ""score"": 1.129072658090232, ""evidences"": {""volume_price"": {""type"": ""volume_price"", ""price_new"": false, ""vol_weaker"": true, ""mom_weaker"": true}, ""momentum"": {""type"": ""momentum"", ""weaken_cnt"": 3, ""price_new"": false}, ""ratios"": {""volume_ratio"": 0.46140186504577063, ""atr_ratio"": 0.8330552706249196, ""speed_ratio"": 0.5649679567906394, ""strength_ratio"": 1.2492874181008924}, ""macd"": {""type"": ""macd"", ""peak1"": 13.143965691878728, ""peak2"": 6.636853257572536, ""mode"": ""up""}}, ""context"": {""boundary_proximity"": NaN, ""rejection_speed"": 0.36845443015038654, ""window_span_norm"": 0.77}}"
2025-06-08 13:00:00+00:00,SIG.BEICHI.TREND.UP,2508.78,1.1765497630331774,"{""seg_idx"": [28, 29, 30], ""score"": 1.1765497630331774, ""evidences"": {""volume_price"": {""type"": ""volume_price"", ""price_new"": false, ""vol_weaker"": true, ""mom_weaker"": true}, ""momentum"": {""type"": ""momentum"", ""weaken_cnt"": 4, ""price_new"": false}, ""ratios"": {""volume_ratio"": 0.6914542988826397, ""atr_ratio"": 0.7407421358899322, ""speed_ratio"": 0.4770022641184053, ""strength_ratio"": 0.43872337828994035}, ""macd"": {""type"": ""macd"", ""peak1"": 12.908086816431936, ""peak2"": 12.563194299943426, ""mode"": ""up""}}, ""context"": {""boundary_proximity"": NaN, ""rejection_speed"": 0.40758293838862886, ""window_span_norm"": 0.83}}"
2025-06-21 23:00:00+00:00,SIG.BEICHI.TREND.DOWN,2295.73,2.887393213883164,"{""seg_idx"": [33, 34, 35], ""score"": 2.887393213883164, ""evidences"": {""volume_price"": {""type"": ""volume_price"", ""price_new"": true, ""vol_weaker"": true, ""mom_weaker"": true}, ""momentum"": {""type"": ""momentum"", ""weaken_cnt"": 2, ""price_new"": true}, ""ratios"": {""volume_ratio"": 0.8216590149177047, ""atr_ratio"": 0.776602825426236, ""speed_ratio"": 0.8589815815718971, ""strength_ratio"": 1.2728919919289294}, ""macd"": {""type"": ""macd"", ""peak1"": -12.674610300077031, ""peak2"": -14.613950471713084, ""mode"": ""down""}}, ""context"": {""boundary_proximity"": NaN, ""rejection_speed"": 0.3789886898052734, ""window_span_norm"": 0.65}}"
2025-06-25 16:00:00+00:00,SIG.BEICHI.TREND.DOWN,2410.53,1.3729006278415177,"{""seg_idx"": [35, 36, 37], ""score"": 1.3729006278415177, ""evidences"": {""volume_price"": {""type"": ""volume_price"", ""price_new"": false, ""vol_weaker"": true, ""mom_weaker"": true}, ""momentum"": {""type"": ""momentum"", ""weaken_cnt"": 4, ""price_new"": false}, ""ratios"": {""volume_ratio"": 0.7800176828313189, ""atr_ratio"": 0.8269052645025606, ""speed_ratio"": 0.5778096801815448, ""strength_ratio"": 0.7329378040465395}, ""macd"": {""type"": ""macd"", ""peak1"": -14.613950471713084, ""peak2"": -6.820205293608538, ""mode"": ""down""}}, ""context"": {""boundary_proximity"": NaN, ""rejection_speed"": 0.9348343797358629, ""window_span_norm"": 0.53}}"
2025-06-26 03:00:00+00:00,SIG.BEICHI.TREND.UP,2488.78,3.188,"{""seg_idx"": [36, 37, 38], ""score"": 3.188, ""evidences"": {""volume_price"": {""type"": ""volume_price"", ""price_new"": true, ""vol_weaker"": true, ""mom_weaker"": true}, ""momentum"": {""type"": ""momentum"", ""weaken_cnt"": 3, ""price_new"": true}, ""ratios"": {""volume_ratio"": 0.71845634957518, ""atr_ratio"": 0.5400347004401422, ""speed_ratio"": 0.8581637985404049, ""strength_ratio"": 1.2257047273776158}, ""macd"": {""type"": ""macd"", ""peak1"": 17.33294645503078, ""peak2"": 6.173718080787937, ""mode"": ""up""}}, ""context"": {""boundary_proximity"": NaN, ""rejection_speed"": 1.17714209862615, ""window_span_norm"": 0.47}}"
2025-07-07 16:00:00+00:00,SIG.BEICHI.TREND.DOWN,2524.21,1.0875312192813205,"{""seg_idx"": [41, 42, 43], ""score"": 1.0875312192813205, ""evidences"": {""volume_price"": {""type"": ""volume_price"", ""price_new"": false, ""vol_weaker"": false, ""mom_weaker"": false}, ""momentum"": {""type"": ""momentum"", ""weaken_cnt"": 1, ""price_new"": false}, ""ratios"": {""volume_ratio"": 1.1204408905032524, ""atr_ratio"": 1.202761510884799, ""speed_ratio"": 1.3795908152412009, ""strength_ratio"": 1.1972349473486523}, ""macd"": {""type"": ""macd"", ""peak1"": -8.512246361383935, ""peak2"": -6.841481071363582, ""mode"": ""down""}}, ""context"": {""boundary_proximity"": NaN, ""rejection_speed"": 0.37921869880220105, ""window_span_norm"": 0.65}}"
2025-07-13 15:00:00+00:00,SIG.BEICHI.TREND.UP,2992.43,0.8671658303185888,"{""seg_idx"": [45, 46, 47], ""score"": 0.8671658303185888, ""evidences"": {""volume_price"": {""type"": ""volume_price"", ""price_new"": false, ""vol_weaker"": true, ""mom_weaker"": true}, ""momentum"": {""type"": ""momentum"", ""weaken_cnt"": 4, ""price_new"": false}, ""ratios"": {""volume_ratio"": 0.26943898880916456, ""atr_ratio"": 0.4777553358927511, ""speed_ratio"": 0.3104976617575209, ""strength_ratio"": 0.7509836079681673}, ""macd"": {""type"": ""macd"", ""peak1"": 14.400923183124469, ""peak2"": 4.65885282880467, ""mode"": ""up""}}, ""context"": {""boundary_proximity"": NaN, ""rejection_speed"": 0.15194305053098142, ""window_span_norm"": 0.44}}"
2025-07-15 04:00:00+00:00,SIG.BEICHI.TREND.DOWN,2968.32,0.9441628959275941,"{""seg_idx"": [46, 47, 48], ""score"": 0.9441628959275941, ""evidences"": {""volume_price"": {""type"": ""volume_price"", ""price_new"": false, ""vol_weaker"": false, ""mom_weaker"": true}, ""momentum"": {""type"": ""momentum"", ""weaken_cnt"": 2, ""price_new"": false}, ""ratios"": {""volume_ratio"": 1.314609411653059, ""atr_ratio"": 1.1161346005809465, ""speed_ratio"": 1.0841327669015612, ""strength_ratio"": 0.8744366074861034}, ""macd"": {""type"": ""macd"", ""peak1"": -11.977442168786553, ""peak2"": -8.679074028566554, ""mode"": ""down""}}, ""context"": {""boundary_proximity"": NaN, ""rejection_speed"": 0.20693815987932362, ""window_span_norm"": 0.55}}"
2025-08-11 04:00:00+00:00,SIG.BEICHI.TREND.UP,4319.4,2.1722846441947476,"{""seg_idx"": [55, 56, 57], ""score"": 2.1722846441947476, ""evidences"": {""volume_price"": {""type"": ""volume_price"", ""price_new"": true, ""vol_weaker"": false, ""mom_weaker"": true}, ""momentum"": {""type"": ""momentum"", ""weaken_cnt"": 1, ""price_new"": true}, ""ratios"": {""volume_ratio"": 1.5064643613396225, ""atr_ratio"": 1.2832713010333705, ""speed_ratio"": 1.663040567679747, ""strength_ratio"": 0.5900892821187479}, ""macd"": {""type"": ""macd"", ""peak1"": 12.650821219420394, ""peak2"": 17.992954839251095, ""mode"": ""up""}}, ""context"": {""boundary_proximity"": NaN, ""rejection_speed"": 0.2871410736579129, ""window_span_norm"": 1.0}}"
2025-08-17 11:00:00+00:00,SIG.BEICHI.TREND.UP,4551.68,2.944223535733475,"{""seg_idx"": [57, 58, 59], ""score"": 2.944223535733475, ""evidences"": {""volume_price"": {""type"": ""volume_price"", ""price_new"": true, ""vol_weaker"": true, ""mom_weaker"": true}, ""momentum"": {""type"": ""momentum"", ""weaken_cnt"": 2, ""price_new"": true}, ""ratios"": {""volume_ratio"": 0.8509837807120849, ""atr_ratio"": 0.8786992220868068, ""speed_ratio"": 1.2318228841702714, ""strength_ratio"": 2.1033491216857287}, ""macd"": {""type"": ""macd"", ""peak1"": 17.992954839251095, ""peak2"": 17.510944326181047, ""mode"": ""up""}}, ""context"": {""boundary_proximity"": NaN, ""rejection_speed"": 0.24037255955579198, ""window_span_norm"": 1.0}}"
2025-08-24 19:00:00+00:00,SIG.BEICHI.TREND.UP,4813.04,2.468,"{""seg_idx"": [59, 60, 61], ""score"": 2.468, ""evidences"": {""volume_price"": {""type"": ""volume_price"", ""price_new"": true, ""vol_weaker"": false, ""mom_weaker"": true}, ""momentum"": {""type"": ""momentum"", ""weaken_cnt"": 1, ""price_new"": true}, ""ratios"": {""volume_ratio"": 1.8744690636064911, ""atr_ratio"": 1.8018911459876685, ""speed_ratio"": 1.2219298623991721, ""strength_ratio"": 0.5806301244716485}, ""macd"": {""type"": ""macd"", ""peak1"": 17.510944326181047, ""peak2"": 57.912084549820875, ""mode"": ""up""}}, ""context"": {""boundary_proximity"": NaN, ""rejection_speed"": 1.722884996475549, ""window_span_norm"": 0.67}}"
2025-08-31 13:00:00+00:00,SIG.BEICHI.TREND.UP,4471.25,0.9071702141341311,"{""seg_idx"": [62, 63, 64], ""score"": 0.9071702141341311, ""evidences"": {""volume_price"": {""type"": ""volume_price"", ""price_new"": false, ""vol_weaker"": true, ""mom_weaker"": true}, ""momentum"": {""type"": ""momentum"", ""weaken_cnt"": 3, ""price_new"": false}, ""ratios"": {""volume_ratio"": 0.4819967411399959, ""atr_ratio"": 0.5289731693620766, ""speed_ratio"": 0.900497171238599, ""strength_ratio"": 1.1682357735594764}, ""macd"": {""type"": ""macd"", ""peak1"": 25.74102166085622, ""peak2"": 14.603211633856017, ""mode"": ""up""}}, ""context"": {""boundary_proximity"": NaN, ""rejection_speed"": 0.17195035689021845, ""window_span_norm"": 0.51}}"
2025-09-08 15:00:00+00:00,SIG.BEICHI.TREND.UP,4371.64,1.556,"{""seg_idx"": [64, 65, 66], ""score"": 1.556, ""evidences"": {""volume_price"": {""type"": ""volume_price"", ""price_new"": false, ""vol_weaker"": true, ""mom_weaker"": true}, ""momentum"": {""type"": ""momentum"", ""weaken_cnt"": 4, ""price_new"": false}, ""ratios"": {""volume_ratio"": 0.6878037112019592, ""atr_ratio"": 0.724669915722356, ""speed_ratio"": 0.5002969811115056, ""strength_ratio"": 0.3112291300998118}, ""macd"": {""type"": ""macd"", ""peak1"": 14.603211633856017, ""peak2"": 6.306222039054588, ""mode"": ""up""}}, ""context"": {""boundary_proximity"": NaN, ""rejection_speed"": 1.901858932102846, ""window_span_norm"": 0.8899999999999999}}"
2025-09-30 17:00:00+00:00,SIG.BEICHI.TREND.DOWN,4100.73,1.250299322700465,"{""seg_idx"": [72, 73, 74], ""score"": 1.250299322700465, ""evidences"": {""volume_price"": {""type"": ""volume_price"", ""price_new"": false, ""vol_weaker"": true, ""mom_weaker"": true}, ""momentum"": {""type"": ""momentum"", ""weaken_cnt"": 3, ""price_new"": false}, ""ratios"": {""volume_ratio"": 0.518683891488394, ""atr_ratio"": 0.5702966838268575, ""speed_ratio"": 0.45094340236683605, ""strength_ratio"": 2.473763450470934}, ""macd"": {""type"": ""macd"", ""peak1"": -16.63681623750546, ""peak2"": -12.289194317797392, ""mode"": ""down""}}, ""context"": {""boundary_proximity"": NaN, ""rejection_speed"": 0.650498871167442, ""window_span_norm"": 0.65}}"
2025-10-03 03:00:00+00:00,SIG.BEICHI.TREND.UP,4500.59,1.4246883100851746,"{""seg_idx"": [73, 74, 75], ""score"": 1.4246883100851746, ""evidences"": {""volume_price"": {""type"": ""volume_price"", ""price_new"": true, ""vol_weaker"": false, ""mom_weaker"": false}, ""momentum"": {""type"": ""momentum"", ""weaken_cnt"": 1, ""price_new"": true}, ""ratios"": {""volume_ratio"": 1.5979746793199274, ""atr_ratio"": 1.2963239081313362, ""speed_ratio"": 1.4001070104742064, ""strength_ratio"": 1.1983667263557745}, ""macd"": {""type"": ""macd"", ""peak1"": 18.506979676251056, ""peak2"": 5.395790225521246, ""mode"": ""up""}}, ""context"": {""boundary_proximity"": NaN, ""rejection_speed"": 0.7078138501419576, ""window_span_norm"": 1.0}}"
