ts,etype,price,score,payload
2025-04-03 13:00:00+00:00,SIG.BEICHI.RANGE.DOWN,1772.61,2.902,"{""zs_index"": 1, ""score"": 2.902, ""evidences"": {""volume_price"": {""type"": ""volume_price"", ""price_new"": true, ""vol_weaker"": false, ""mom_weaker"": true}, ""momentum"": {""type"": ""momentum"", ""weaken_cnt"": 1, ""price_new"": true}, ""ratios"": {""volume_ratio"": 2.1814377733118344, ""atr_ratio"": 2.030819255564779, ""speed_ratio"": 1.7012654958677556, ""strength_ratio"": 0.5900713117242832}, ""macd"": {""type"": ""macd"", ""peak1"": -2.5130062787478726, ""peak2"": -12.036314628006327, ""mode"": ""down""}}, ""context"": {""boundary_proximity"": 1.0, ""rejection_speed"": 1.0675176352032298, ""window_span_norm"": 0.255}}"
2025-04-05 11:00:00+00:00,SIG.BEICHI.RANGE.UP,1810.75,1.3845600033674361,"{""zs_index"": 2, ""score"": 1.3845600033674361, ""evidences"": {""volume_price"": {""type"": ""volume_price"", ""price_new"": false, ""vol_weaker"": true, ""mom_weaker"": true}, ""momentum"": {""type"": ""momentum"", ""weaken_cnt"": 4, ""price_new"": false}, ""ratios"": {""volume_ratio"": 0.7054460617464186, ""atr_ratio"": 0.5096214102180388, ""speed_ratio"": 0.7605541854054991, ""strength_ratio"": 0.3754604107774602}, ""macd"": {""type"": ""macd"", ""peak1"": 2.354875736912179, ""peak2"": 0.3767287605056866, ""mode"": ""up""}}, ""context"": {""boundary_proximity"": 0.21426667227906038, ""rejection_speed"": 1.3357400722021913, ""window_span_norm"": 0.14}}"
2025-04-12 15:30:00+00:00,SIG.BEICHI.RANGE.UP,1655.87,1.3808036410923272,"{""zs_index"": 3, ""score"": 1.3808036410923272, ""evidences"": {""volume_price"": {""type"": ""volume_price"", ""price_new"": false, ""vol_weaker"": true, ""mom_weaker"": true}, ""momentum"": {""type"": ""momentum"", ""weaken_cnt"": 2, ""price_new"": false}, ""ratios"": {""volume_ratio"": 0.6195353937450881, ""atr_ratio"": 0.5265819593967727, ""speed_ratio"": 0.6859892294529206, ""strength_ratio"": 5.3759928839504845}, ""macd"": {""type"": ""macd"", ""peak1"": 19.414794976282824, ""peak2"": 6.733790937693165, ""mode"": ""up""}}, ""context"": {""boundary_proximity"": 1.0, ""rejection_speed"": 0.13133940182054515, ""window_span_norm"": 0.255}}"
2025-04-22 01:00:00+00:00,SIG.BEICHI.RANGE.DOWN,1578.06,3.1866409789117327,"{""zs_index"": 4, ""score"": 3.1866409789117327, ""evidences"": {""volume_price"": {""type"": ""volume_price"", ""price_new"": true, ""vol_weaker"": false, ""mom_weaker"": true}, ""momentum"": {""type"": ""momentum"", ""weaken_cnt"": 2, ""price_new"": true}, ""ratios"": {""volume_ratio"": 2.0519962031453947, ""atr_ratio"": 1.0149388065316205, ""speed_ratio"": 2.151444977878164, ""strength_ratio"": 0.026375519902482335}, ""macd"": {""type"": ""macd"", ""peak1"": -3.4458627970704834, ""peak2"": -7.491735134049829, ""mode"": ""down""}}, ""context"": {""boundary_proximity"": 1.0, ""rejection_speed"": 0.19773496485288808, ""window_span_norm"": 0.17}}"
2025-04-30 19:30:00+00:00,SIG.BEICHI.RANGE.DOWN,1786.69,2.407946553776956,"{""zs_index"": 5, ""score"": 2.407946553776956, ""evidences"": {""volume_price"": {""type"": ""volume_price"", ""price_new"": true, ""vol_weaker"": false, ""mom_weaker"": true}, ""momentum"": {""type"": ""momentum"", ""weaken_cnt"": 1, ""price_new"": true}, ""ratios"": {""volume_ratio"": 1.1047860063236292, ""atr_ratio"": 1.306973265040324, ""speed_ratio"": 0.9746093750000073, ""strength_ratio"": 1.3671766884504613}, ""macd"": {""type"": ""macd"", ""peak1"": -5.990948262973747, ""peak2"": -5.386597397154487, ""mode"": ""down""}}, ""context"": {""boundary_proximity"": 1.0, ""rejection_speed"": 0.25991092296159307, ""window_span_norm"": 0.13}}"
2025-05-01 13:00:00+00:00,SIG.BEICHI.RANGE.UP,1851.48,2.561494717215663,"{""zs_index"": 5, ""score"": 2.561494717215663, ""evidences"": {""volume_price"": {""type"": ""volume_price"", ""price_new"": true, ""vol_weaker"": false, ""mom_weaker"": true}, ""momentum"": {""type"": ""momentum"", ""weaken_cnt"": 1, ""price_new"": true}, ""ratios"": {""volume_ratio"": 1.3966322405750051, ""atr_ratio"": 0.8060520170753229, ""speed_ratio"": 1.2804208065458795, ""strength_ratio"": 114.52142583805976}, ""macd"": {""type"": ""macd"", ""peak1"": 3.0221220961365187, ""peak2"": 3.14182374722869, ""mode"": ""up""}}, ""context"": {""boundary_proximity"": 1.0, ""rejection_speed"": 0.46915786202610466, ""window_span_norm"": 0.2}}"
2025-05-25 21:30:00+00:00,SIG.BEICHI.RANGE.DOWN,2515.19,3.467674870859922,"{""zs_index"": 9, ""score"": 3.467674870859922, ""evidences"": {""volume_price"": {""type"": ""volume_price"", ""price_new"": true, ""vol_weaker"": true, ""mom_weaker"": true}, ""momentum"": {""type"": ""momentum"", ""weaken_cnt"": 2, ""price_new"": true}, ""ratios"": {""volume_ratio"": 0.6216888859362134, ""atr_ratio"": 0.6806585324395491, ""speed_ratio"": 1.027270076577223, ""strength_ratio"": 0.6494281860214943}, ""macd"": {""type"": ""macd"", ""peak1"": -0.6604712605324075, ""peak2"": -5.3892494020792, ""mode"": ""down""}}, ""context"": {""boundary_proximity"": 1.0, ""rejection_speed"": 0.6161247847665373, ""window_span_norm"": 0.245}}"
2025-06-04 17:00:00+00:00,SIG.BEICHI.RANGE.UP,2642.42,2.422258006995398,"{""zs_index"": 10, ""score"": 2.422258006995398, ""evidences"": {""volume_price"": {""type"": ""volume_price"", ""price_new"": true, ""vol_weaker"": false, ""mom_weaker"": true}, ""momentum"": {""type"": ""momentum"", ""weaken_cnt"": 1, ""price_new"": true}, ""ratios"": {""volume_ratio"": 2.6231257485973885, ""atr_ratio"": 2.140653403352828, ""speed_ratio"": 3.7780104712042886, ""strength_ratio"": 0.6749584257204374}, ""macd"": {""type"": ""macd"", ""peak1"": 1.730683314749025, ""peak2"": 3.24552770615869, ""mode"": ""up""}}, ""context"": {""boundary_proximity"": 1.0, ""rejection_speed"": 0.3304300116589959, ""window_span_norm"": 0.06}}"
2025-06-07 02:30:00+00:00,SIG.BEICHI.RANGE.DOWN,2479.99,1.7436807147018647,"{""zs_index"": 11, ""score"": 1.7436807147018647, ""evidences"": {""volume_price"": {""type"": ""volume_price"", ""price_new"": false, ""vol_weaker"": true, ""mom_weaker"": true}, ""momentum"": {""type"": ""momentum"", ""weaken_cnt"": 3, ""price_new"": false}, ""ratios"": {""volume_ratio"": 0.3221927566314902, ""atr_ratio"": 0.38144633042675496, ""speed_ratio"": 0.5650227638665195, ""strength_ratio"": 2.202938620009497}, ""macd"": {""type"": ""macd"", ""peak1"": -17.82981089020091, ""peak2"": -3.6128936421882285, ""mode"": ""down""}}, ""context"": {""boundary_proximity"": 1.0, ""rejection_speed"": 0.7594678578364413, ""window_span_norm"": 0.22}}"
2025-06-20 13:00:00+00:00,SIG.BEICHI.RANGE.UP,2554.89,1.5600484747179248,"{""zs_index"": 13, ""score"": 1.5600484747179248, ""evidences"": {""volume_price"": {""type"": ""volume_price"", ""price_new"": false, ""vol_weaker"": true, ""mom_weaker"": true}, ""momentum"": {""type"": ""momentum"", ""weaken_cnt"": 2, ""price_new"": false}, ""ratios"": {""volume_ratio"": 0.6077295051129259, ""atr_ratio"": 0.7491255763901054, ""speed_ratio"": 0.5116355962299106, ""strength_ratio"": 14.771608907732299}, ""macd"": {""type"": ""macd"", ""peak1"": 6.299090444967888, ""peak2"": 4.555889153676152, ""mode"": ""up""}}, ""context"": {""boundary_proximity"": 1.0, ""rejection_speed"": 0.313414124529875, ""window_span_norm"": 0.43}}"
2025-07-02 02:00:00+00:00,SIG.BEICHI.RANGE.DOWN,2414.6,1.3113927910705845,"{""zs_index"": 14, ""score"": 1.3113927910705845, ""evidences"": {""volume_price"": {""type"": ""volume_price"", ""price_new"": false, ""vol_weaker"": true, ""mom_weaker"": true}, ""momentum"": {""type"": ""momentum"", ""weaken_cnt"": 2, ""price_new"": false}, ""ratios"": {""volume_ratio"": 0.9418032609316263, ""atr_ratio"": 0.781515208252587, ""speed_ratio"": 0.6548328481272384, ""strength_ratio"": 1.7267175846524536}, ""macd"": {""type"": ""macd"", ""peak1"": -4.531226069412969, ""peak2"": -1.0243212564833684, ""mode"": ""down""}}, ""context"": {""boundary_proximity"": 0.4662867723282196, ""rejection_speed"": 0.6527012127894213, ""window_span_norm"": 0.1}}"
2025-07-08 10:00:00+00:00,SIG.BEICHI.RANGE.DOWN,2558.99,2.764176480195404,"{""zs_index"": 15, ""score"": 2.764176480195404, ""evidences"": {""volume_price"": {""type"": ""volume_price"", ""price_new"": true, ""vol_weaker"": true, ""mom_weaker"": true}, ""momentum"": {""type"": ""momentum"", ""weaken_cnt"": 1, ""price_new"": true}, ""ratios"": {""volume_ratio"": 0.9199968694484572, ""atr_ratio"": 1.3656000167697009, ""speed_ratio"": 1.4486486486486594, ""strength_ratio"": 0.6957182064881838}, ""macd"": {""type"": ""macd"", ""peak1"": -3.7798188880113788, ""peak2"": -4.0904039540667165, ""mode"": ""down""}}, ""context"": {""boundary_proximity"": 0.7802941336590059, ""rejection_speed"": 1.12340350568128, ""window_span_norm"": 0.24}}"
2025-07-13 12:00:00+00:00,SIG.BEICHI.RANGE.DOWN,2965.2,3.012951082610684,"{""zs_index"": 16, ""score"": 3.012951082610684, ""evidences"": {""volume_price"": {""type"": ""volume_price"", ""price_new"": true, ""vol_weaker"": true, ""mom_weaker"": true}, ""momentum"": {""type"": ""momentum"", ""weaken_cnt"": 4, ""price_new"": true}, ""ratios"": {""volume_ratio"": 0.7974937892662983, ""atr_ratio"": 0.593326205377978, ""speed_ratio"": 0.7606559715812201, ""strength_ratio"": 0.1330458557698696}, ""macd"": {""type"": ""macd"", ""peak1"": -6.573929686463336, ""peak2"": -4.471563489112942, ""mode"": ""down""}}, ""context"": {""boundary_proximity"": 0.6005428605811228, ""rejection_speed"": 0.1910422771033503, ""window_span_norm"": 0.345}}"
2025-07-26 08:30:00+00:00,SIG.BEICHI.RANGE.UP,3762.73,3.672,"{""zs_index"": 18, ""score"": 3.672, ""evidences"": {""volume_price"": {""type"": ""volume_price"", ""price_new"": true, ""vol_weaker"": true, ""mom_weaker"": true}, ""momentum"": {""type"": ""momentum"", ""weaken_cnt"": 2, ""price_new"": true}, ""ratios"": {""volume_ratio"": 0.4727804590447118, ""atr_ratio"": 0.5823426313947706, ""speed_ratio"": 0.6306556748466169, ""strength_ratio"": 2.1329450662232006}, ""macd"": {""type"": ""macd"", ""peak1"": 12.357850059267996, ""peak2"": 9.166642775922197, ""mode"": ""up""}}, ""context"": {""boundary_proximity"": 1.0, ""rejection_speed"": 1.1260141888449051, ""window_span_norm"": 0.18}}"
2025-07-31 19:00:00+00:00,SIG.BEICHI.RANGE.UP,3754.27,2.0757069538090005,"{""zs_index"": 19, ""score"": 2.0757069538090005, ""evidences"": {""volume_price"": {""type"": ""volume_price"", ""price_new"": false, ""vol_weaker"": true, ""mom_weaker"": true}, ""momentum"": {""type"": ""momentum"", ""weaken_cnt"": 4, ""price_new"": false}, ""ratios"": {""volume_ratio"": 0.940701533566635, ""atr_ratio"": 0.8938760320717527, ""speed_ratio"": 0.8342779774301399, ""strength_ratio"": 0.5704072775832492}, ""macd"": {""type"": ""macd"", ""peak1"": 11.873314623551416, ""peak2"": 9.992137117135682, ""mode"": ""up""}}, ""context"": {""boundary_proximity"": 1.0, ""rejection_speed"": 0.7928449230150012, ""window_span_norm"": 1.0}}"
2025-08-01 00:30:00+00:00,SIG.BEICHI.RANGE.DOWN,3682.1,1.5034353725303489,"{""zs_index"": 19, ""score"": 1.5034353725303489, ""evidences"": {""volume_price"": {""type"": ""volume_price"", ""price_new"": true, ""vol_weaker"": false, ""mom_weaker"": false}, ""momentum"": {""type"": ""momentum"", ""weaken_cnt"": 0, ""price_new"": true}, ""ratios"": {""volume_ratio"": 2.725633716441437, ""atr_ratio"": 1.792084830600421, ""speed_ratio"": 1.558038190317745, ""strength_ratio"": 26.45911949685274}, ""macd"": {""type"": ""macd"", ""peak1"": -5.223387531998161, ""peak2"": -4.997512131616908, ""mode"": ""down""}}, ""context"": {""boundary_proximity"": 1.0, ""rejection_speed"": 0.4523922875505815, ""window_span_norm"": 0.08}}"
2025-08-06 15:00:00+00:00,SIG.BEICHI.RANGE.DOWN,3628.53,3.72,"{""zs_index"": 21, ""score"": 3.72, ""evidences"": {""volume_price"": {""type"": ""volume_price"", ""price_new"": true, ""vol_weaker"": true, ""mom_weaker"": true}, ""momentum"": {""type"": ""momentum"", ""weaken_cnt"": 4, ""price_new"": true}, ""ratios"": {""volume_ratio"": 0.8939903353477663, ""atr_ratio"": 0.8517756789423789, ""speed_ratio"": 0.8937255414558085, ""strength_ratio"": 0.0026455566729355743}, ""macd"": {""type"": ""macd"", ""peak1"": -8.975315917367043, ""peak2"": -10.07047155327579, ""mode"": ""down""}}, ""context"": {""boundary_proximity"": 1.0, ""rejection_speed"": 1.1566109645265426, ""window_span_norm"": 0.3}}"
2025-08-12 00:00:00+00:00,SIG.BEICHI.RANGE.DOWN,4243.1,1.6243876254488683,"{""zs_index"": 22, ""score"": 1.6243876254488683, ""evidences"": {""volume_price"": {""type"": ""volume_price"", ""price_new"": false, ""vol_weaker"": true, ""mom_weaker"": true}, ""momentum"": {""type"": ""momentum"", ""weaken_cnt"": 3, ""price_new"": false}, ""ratios"": {""volume_ratio"": 0.6681869527098486, ""atr_ratio"": 1.0374329778108793, ""speed_ratio"": 0.803160919540242, ""strength_ratio"": 0.18242814678512628}, ""macd"": {""type"": ""macd"", ""peak1"": -15.04099126451423, ""peak2"": -9.933468148585384, ""mode"": ""down""}}, ""context"": {""boundary_proximity"": 1.0, ""rejection_speed"": 0.6506460424147805, ""window_span_norm"": 0.085}}"
2025-08-17 16:00:00+00:00,SIG.BEICHI.RANGE.UP,4539.32,1.757200143729809,"{""zs_index"": 24, ""score"": 1.757200143729809, ""evidences"": {""volume_price"": {""type"": ""volume_price"", ""price_new"": false, ""vol_weaker"": true, ""mom_weaker"": true}, ""momentum"": {""type"": ""momentum"", ""weaken_cnt"": 3, ""price_new"": false}, ""ratios"": {""volume_ratio"": 0.7057104857425405, ""atr_ratio"": 1.0535487604362785, ""speed_ratio"": 0.6883169531331795, ""strength_ratio"": 0.7656959441889447}, ""macd"": {""type"": ""macd"", ""peak1"": 18.04221477946145, ""peak2"": 9.584766669349033, ""mode"": ""up""}}, ""context"": {""boundary_proximity"": 1.0, ""rejection_speed"": 0.7686669062163483, ""window_span_norm"": 0.24}}"
2025-08-22 01:30:00+00:00,SIG.BEICHI.RANGE.DOWN,4257.29,1.2897838110439392,"{""zs_index"": 25, ""score"": 1.2897838110439392, ""evidences"": {""volume_price"": {""type"": ""volume_price"", ""price_new"": false, ""vol_weaker"": true, ""mom_weaker"": true}, ""momentum"": {""type"": ""momentum"", ""weaken_cnt"": 2, ""price_new"": false}, ""ratios"": {""volume_ratio"": 0.4384402899163223, ""atr_ratio"": 0.8501004745011188, ""speed_ratio"": 0.5362135358970216, ""strength_ratio"": 7.062270890956315}, ""macd"": {""type"": ""macd"", ""peak1"": -13.040038318868616, ""peak2"": -5.801010968628161, ""mode"": ""down""}}, ""context"": {""boundary_proximity"": 0.48879294720164834, ""rejection_speed"": 0.4208467378715841, ""window_span_norm"": 0.36}}"
2025-08-24 19:00:00+00:00,SIG.BEICHI.RANGE.UP,4937.95,3.3108913905002546,"{""zs_index"": 25, ""score"": 3.3108913905002546, ""evidences"": {""volume_price"": {""type"": ""volume_price"", ""price_new"": true, ""vol_weaker"": true, ""mom_weaker"": true}, ""momentum"": {""type"": ""momentum"", ""weaken_cnt"": 2, ""price_new"": true}, ""ratios"": {""volume_ratio"": 0.8335410212630153, ""atr_ratio"": 1.2563022109064557, ""speed_ratio"": 0.6162773527878247, ""strength_ratio"": 0.24913705309651055}, ""macd"": {""type"": ""macd"", ""peak1"": -2.0574069083723914, ""peak2"": 52.20784739165347, ""mode"": ""up""}}, ""context"": {""boundary_proximity"": 1.0, ""rejection_speed"": 0.1348189841670911, ""window_span_norm"": 0.575}}"
2025-08-27 18:00:00+00:00,SIG.BEICHI.RANGE.UP,4621.91,1.3666947135344578,"{""zs_index"": 26, ""score"": 1.3666947135344578, ""evidences"": {""volume_price"": {""type"": ""volume_price"", ""price_new"": false, ""vol_weaker"": true, ""mom_weaker"": true}, ""momentum"": {""type"": ""momentum"", ""weaken_cnt"": 2, ""price_new"": false}, ""ratios"": {""volume_ratio"": 0.44345601148478586, ""atr_ratio"": 0.9580432153613181, ""speed_ratio"": 0.782602464889663, ""strength_ratio"": 4.857406678691615}, ""macd"": {""type"": ""macd"", ""peak1"": 13.114339160596089, ""peak2"": 4.034480137892281, ""mode"": ""up""}}, ""context"": {""boundary_proximity"": 1.0, ""rejection_speed"": 0.21782452255742965, ""window_span_norm"": 0.09}}"
2025-08-29 00:00:00+00:00,SIG.BEICHI.RANGE.UP,4509.91,1.6806217808449817,"{""zs_index"": 27, ""score"": 1.6806217808449817, ""evidences"": {""volume_price"": {""type"": ""volume_price"", ""price_new"": false, ""vol_weaker"": true, ""mom_weaker"": true}, ""momentum"": {""type"": ""momentum"", ""weaken_cnt"": 3, ""price_new"": false}, ""ratios"": {""volume_ratio"": 0.39384470208686173, ""atr_ratio"": 0.535810692746052, ""speed_ratio"": 0.4515840448083631, ""strength_ratio"": 43.840155966280044}, ""macd"": {""type"": ""macd"", ""peak1"": 15.402418555959345, ""peak2"": 6.229960814256238, ""mode"": ""up""}}, ""context"": {""boundary_proximity"": 1.0, ""rejection_speed"": 0.44436963474163627, ""window_span_norm"": 0.535}}"
2025-09-03 13:30:00+00:00,SIG.BEICHI.RANGE.DOWN,4419.29,3.842,"{""zs_index"": 27, ""score"": 3.842, ""evidences"": {""volume_price"": {""type"": ""volume_price"", ""price_new"": true, ""vol_weaker"": true, ""mom_weaker"": true}, ""momentum"": {""type"": ""momentum"", ""weaken_cnt"": 3, ""price_new"": true}, ""ratios"": {""volume_ratio"": 0.9722158294448799, ""atr_ratio"": 0.858652808306798, ""speed_ratio"": 1.2705387322974742, ""strength_ratio"": 0.11109737830107914}, ""macd"": {""type"": ""macd"", ""peak1"": -11.41398329821984, ""peak2"": -11.738919784153538, ""mode"": ""down""}}, ""context"": {""boundary_proximity"": 1.0, ""rejection_speed"": 2.290615843121538, ""window_span_norm"": 0.605}}"
2025-09-08 17:00:00+00:00,SIG.BEICHI.RANGE.UP,4340.93,1.8181878257012964,"{""zs_index"": 28, ""score"": 1.8181878257012964, ""evidences"": {""volume_price"": {""type"": ""volume_price"", ""price_new"": false, ""vol_weaker"": true, ""mom_weaker"": true}, ""momentum"": {""type"": ""momentum"", ""weaken_cnt"": 4, ""price_new"": false}, ""ratios"": {""volume_ratio"": 0.5865095841182745, ""atr_ratio"": 0.9138136262848058, ""speed_ratio"": 0.7096770226059537, ""strength_ratio"": 0.07552513150302313}, ""macd"": {""type"": ""macd"", ""peak1"": 11.08565276661463, ""peak2"": 6.041816157036658, ""mode"": ""up""}}, ""context"": {""boundary_proximity"": 1.0, ""rejection_speed"": 0.9569797095021607, ""window_span_norm"": 0.11}}"
2025-09-09 02:00:00+00:00,SIG.BEICHI.RANGE.DOWN,4284.82,3.226895863052789,"{""zs_index"": 28, ""score"": 3.226895863052789, ""evidences"": {""volume_price"": {""type"": ""volume_price"", ""price_new"": true, ""vol_weaker"": false, ""mom_weaker"": true}, ""momentum"": {""type"": ""momentum"", ""weaken_cnt"": 2, ""price_new"": true}, ""ratios"": {""volume_ratio"": 1.104765343090962, ""atr_ratio"": 0.8503963060742944, ""speed_ratio"": 0.625177204423026, ""strength_ratio"": 24.603933209649966}, ""macd"": {""type"": ""macd"", ""peak1"": -1.1425275972865785, ""peak2"": -3.2751045478201952, ""mode"": ""down""}}, ""context"": {""boundary_proximity"": 1.0, ""rejection_speed"": 0.28815977175464885, ""window_span_norm"": 0.135}}"
2025-09-19 14:30:00+00:00,SIG.BEICHI.RANGE.UP,4495.75,2.826715434241415,"{""zs_index"": 29, ""score"": 2.826715434241415, ""evidences"": {""volume_price"": {""type"": ""volume_price"", ""price_new"": true, ""vol_weaker"": false, ""mom_weaker"": true}, ""momentum"": {""type"": ""momentum"", ""weaken_cnt"": 1, ""price_new"": true}, ""ratios"": {""volume_ratio"": 1.5953012775655222, ""atr_ratio"": 1.4000436799415095, ""speed_ratio"": 1.5553037869107142, ""strength_ratio"": 0.21932084402317975}, ""macd"": {""type"": ""macd"", ""peak1"": -1.3200397453053452, ""peak2"": 12.076888288973429, ""mode"": ""up""}}, ""context"": {""boundary_proximity"": 0.7311923904023576, ""rejection_speed"": 1.831595959595959, ""window_span_norm"": 0.47}}"
2025-09-29 10:00:00+00:00,SIG.BEICHI.RANGE.UP,4132.99,3.3960198019801973,"{""zs_index"": 30, ""score"": 3.3960198019801973, ""evidences"": {""volume_price"": {""type"": ""volume_price"", ""price_new"": true, ""vol_weaker"": true, ""mom_weaker"": true}, ""momentum"": {""type"": ""momentum"", ""weaken_cnt"": 3, ""price_new"": true}, ""ratios"": {""volume_ratio"": 0.19545138630984307, ""atr_ratio"": 0.27806429334309696, ""speed_ratio"": 0.32058223042653056, ""strength_ratio"": 0.867166477327317}, ""macd"": {""type"": ""macd"", ""peak1"": 5.04260065269272, ""peak2"": 14.474799374760904, ""mode"": ""up""}}, ""context"": {""boundary_proximity"": 1.0, ""rejection_speed"": 0.19336633663366215, ""window_span_norm"": 0.7}}"
2025-10-07 15:00:00+00:00,SIG.BEICHI.RANGE.UP,4553.01,2.481545484617944,"{""zs_index"": 31, ""score"": 2.481545484617944, ""evidences"": {""volume_price"": {""type"": ""volume_price"", ""price_new"": true, ""vol_weaker"": true, ""mom_weaker"": true}, ""momentum"": {""type"": ""momentum"", ""weaken_cnt"": 1, ""price_new"": true}, ""ratios"": {""volume_ratio"": 0.6382242706428269, ""atr_ratio"": 0.7185126098876813, ""speed_ratio"": 1.3779582436895843, ""strength_ratio"": 3.069402295815336}, ""macd"": {""type"": ""macd"", ""peak1"": 9.598778848814757, ""peak2"": 10.495681723316014, ""mode"": ""up""}}, ""context"": {""boundary_proximity"": 0.22924247436323952, ""rejection_speed"": 2.0028497409326307, ""window_span_norm"": 0.36}}"
