ts,etype,price,score,payload
2025-03-29 17:00:00+00:00,SIG.BEICHI.TREND.DOWN,1818.3,3.384,"{""seg_idx"": [0, 1, 2], ""score"": 3.384, ""evidences"": {""volume_price"": {""type"": ""volume_price"", ""price_new"": true, ""vol_weaker"": true, ""mom_weaker"": true}, ""momentum"": {""type"": ""momentum"", ""weaken_cnt"": 2, ""price_new"": true}, ""ratios"": {""volume_ratio"": 0.8498466865447151, ""atr_ratio"": 1.1521239066851936, ""speed_ratio"": 0.873115249476054, ""strength_ratio"": 0.5413843919243414}, ""macd"": {""type"": ""macd"", ""peak1"": -5.95509671072366, ""peak2"": -9.763915524252427, ""mode"": ""down""}}, ""context"": {""boundary_proximity"": NaN, ""rejection_speed"": 1.1536927916352926, ""window_span_norm"": 0.9600000000000001}}"
2025-04-03 13:00:00+00:00,SIG.BEICHI.RANGE.DOWN,1772.61,2.902,"{""zs_index"": 1, ""score"": 2.902, ""evidences"": {""volume_price"": {""type"": ""volume_price"", ""price_new"": true, ""vol_weaker"": false, ""mom_weaker"": true}, ""momentum"": {""type"": ""momentum"", ""weaken_cnt"": 1, ""price_new"": true}, ""ratios"": {""volume_ratio"": 2.1814377733118344, ""atr_ratio"": 2.030819255564779, ""speed_ratio"": 1.7012654958677556, ""strength_ratio"": 0.5900713117242832}, ""macd"": {""type"": ""macd"", ""peak1"": -2.5130062787478726, ""peak2"": -12.036314628006327, ""mode"": ""down""}}, ""context"": {""boundary_proximity"": 1.0, ""rejection_speed"": 1.0675176352032298, ""window_span_norm"": 0.255}}"
2025-04-05 11:00:00+00:00,SIG.BEICHI.RANGE.UP,1810.75,1.3845600033674361,"{""zs_index"": 2, ""score"": 1.3845600033674361, ""evidences"": {""volume_price"": {""type"": ""volume_price"", ""price_new"": false, ""vol_weaker"": true, ""mom_weaker"": true}, ""momentum"": {""type"": ""momentum"", ""weaken_cnt"": 4, ""price_new"": false}, ""ratios"": {""volume_ratio"": 0.7054460617464186, ""atr_ratio"": 0.5096214102180388, ""speed_ratio"": 0.7605541854054991, ""strength_ratio"": 0.3754604107774602}, ""macd"": {""type"": ""macd"", ""peak1"": 2.354875736912179, ""peak2"": 0.3767287605056866, ""mode"": ""up""}}, ""context"": {""boundary_proximity"": 0.21426667227906038, ""rejection_speed"": 1.3357400722021913, ""window_span_norm"": 0.14}}"
2025-04-07 11:30:00+00:00,SIG.BEICHI.TREND.DOWN,1483.11,2.9247427854454204,"{""seg_idx"": [7, 8, 9], ""score"": 2.9247427854454204, ""evidences"": {""volume_price"": {""type"": ""volume_price"", ""price_new"": true, ""vol_weaker"": false, ""mom_weaker"": true}, ""momentum"": {""type"": ""momentum"", ""weaken_cnt"": 2, ""price_new"": true}, ""ratios"": {""volume_ratio"": 2.013025834144534, ""atr_ratio"": 0.9310381507334473, ""speed_ratio"": 1.576351575358747, ""strength_ratio"": 0.9460467275622138}, ""macd"": {""type"": ""macd"", ""peak1"": -12.036314628006327, ""peak2"": -15.803645594938708, ""mode"": ""down""}}, ""context"": {""boundary_proximity"": NaN, ""rejection_speed"": 0.24123797574236747, ""window_span_norm"": 0.95}}"
2025-04-12 15:30:00+00:00,SIG.BEICHI.RANGE.UP,1655.87,1.3808036410923272,"{""zs_index"": 3, ""score"": 1.3808036410923272, ""evidences"": {""volume_price"": {""type"": ""volume_price"", ""price_new"": false, ""vol_weaker"": true, ""mom_weaker"": true}, ""momentum"": {""type"": ""momentum"", ""weaken_cnt"": 2, ""price_new"": false}, ""ratios"": {""volume_ratio"": 0.6195353937450881, ""atr_ratio"": 0.5265819593967727, ""speed_ratio"": 0.6859892294529206, ""strength_ratio"": 5.3759928839504845}, ""macd"": {""type"": ""macd"", ""peak1"": 19.414794976282824, ""peak2"": 6.733790937693165, ""mode"": ""up""}}, ""context"": {""boundary_proximity"": 1.0, ""rejection_speed"": 0.13133940182054515, ""window_span_norm"": 0.255}}"
2025-04-14 11:00:00+00:00,SIG.BEICHI.TREND.UP,1675.87,2.549162846551447,"{""seg_idx"": [12, 13, 14], ""score"": 2.549162846551447, ""evidences"": {""volume_price"": {""type"": ""volume_price"", ""price_new"": true, ""vol_weaker"": false, ""mom_weaker"": true}, ""momentum"": {""type"": ""momentum"", ""weaken_cnt"": 1, ""price_new"": true}, ""ratios"": {""volume_ratio"": 1.476676811302398, ""atr_ratio"": 1.6466660124836092, ""speed_ratio"": 1.58946600410159, ""strength_ratio"": 0.7443251189272085}, ""macd"": {""type"": ""macd"", ""peak1"": 6.733790937693165, ""peak2"": 5.5553496334681, ""mode"": ""up""}}, ""context"": {""boundary_proximity"": NaN, ""rejection_speed"": 0.9619380775857451, ""window_span_norm"": 0.9299999999999999}}"
2025-04-19 04:30:00+00:00,SIG.BEICHI.TREND.UP,1603.47,3.15519303726847,"{""seg_idx"": [17, 18, 19], ""score"": 3.15519303726847, ""evidences"": {""volume_price"": {""type"": ""volume_price"", ""price_new"": true, ""vol_weaker"": true, ""mom_weaker"": true}, ""momentum"": {""type"": ""momentum"", ""weaken_cnt"": 3, ""price_new"": true}, ""ratios"": {""volume_ratio"": 0.37925105682554106, ""atr_ratio"": 0.2598687868528516, ""speed_ratio"": 0.40988668062810313, ""strength_ratio"": 2.1322854556732707}, ""macd"": {""type"": ""macd"", ""peak1"": 2.3141213365950715, ""peak2"": 1.5086960751249203, ""mode"": ""up""}}, ""context"": {""boundary_proximity"": NaN, ""rejection_speed"": 0.8919883954474492, ""window_span_norm"": 0.55}}"
2025-04-22 00:30:00+00:00,SIG.BEICHI.TREND.DOWN,1568.93,2.3400000000000003,"{""seg_idx"": [18, 19, 20], ""score"": 2.3400000000000003, ""evidences"": {""volume_price"": {""type"": ""volume_price"", ""price_new"": true, ""vol_weaker"": false, ""mom_weaker"": true}, ""momentum"": {""type"": ""momentum"", ""weaken_cnt"": 1, ""price_new"": true}, ""ratios"": {""volume_ratio"": 1.9199504974492783, ""atr_ratio"": 1.6911751224614804, ""speed_ratio"": 1.5160314579552323, ""strength_ratio"": 0.9292764578643359}, ""macd"": {""type"": ""macd"", ""peak1"": -3.0077258607248365, ""peak2"": -7.491735134049829, ""mode"": ""down""}}, ""context"": {""boundary_proximity"": NaN, ""rejection_speed"": 1.0902437239259137, ""window_span_norm"": 0.35}}"
2025-04-22 01:00:00+00:00,SIG.BEICHI.RANGE.DOWN,1578.06,3.1866409789117327,"{""zs_index"": 4, ""score"": 3.1866409789117327, ""evidences"": {""volume_price"": {""type"": ""volume_price"", ""price_new"": true, ""vol_weaker"": false, ""mom_weaker"": true}, ""momentum"": {""type"": ""momentum"", ""weaken_cnt"": 2, ""price_new"": true}, ""ratios"": {""volume_ratio"": 2.0519962031453947, ""atr_ratio"": 1.0149388065316205, ""speed_ratio"": 2.151444977878164, ""strength_ratio"": 0.026375519902482335}, ""macd"": {""type"": ""macd"", ""peak1"": -3.4458627970704834, ""peak2"": -7.491735134049829, ""mode"": ""down""}}, ""context"": {""boundary_proximity"": 1.0, ""rejection_speed"": 0.19773496485288808, ""window_span_norm"": 0.17}}"
2025-04-24 08:30:00+00:00,SIG.BEICHI.TREND.DOWN,1734.91,1.3599999999999999,"{""seg_idx"": [20, 21, 22], ""score"": 1.3599999999999999, ""evidences"": {""volume_price"": {""type"": ""volume_price"", ""price_new"": false, ""vol_weaker"": true, ""mom_weaker"": true}, ""momentum"": {""type"": ""momentum"", ""weaken_cnt"": 3, ""price_new"": false}, ""ratios"": {""volume_ratio"": 0.6964585838725368, ""atr_ratio"": 0.934006938560173, ""speed_ratio"": 1.32942577159081, ""strength_ratio"": 0.8089394764288719}, ""macd"": {""type"": ""macd"", ""peak1"": -7.491735134049829, ""peak2"": -4.490801789520553, ""mode"": ""down""}}, ""context"": {""boundary_proximity"": NaN, ""rejection_speed"": 1.4505729267818936, ""window_span_norm"": 0.4}}"
2025-04-25 01:00:00+00:00,SIG.BEICHI.TREND.UP,1768.64,1.1156624670377941,"{""seg_idx"": [21, 22, 23], ""score"": 1.1156624670377941, ""evidences"": {""volume_price"": {""type"": ""volume_price"", ""price_new"": false, ""vol_weaker"": true, ""mom_weaker"": true}, ""momentum"": {""type"": ""momentum"", ""weaken_cnt"": 4, ""price_new"": false}, ""ratios"": {""volume_ratio"": 0.4043275350443572, ""atr_ratio"": 0.7506128113942184, ""speed_ratio"": 0.47287970919811706, ""strength_ratio"": 0.4313335211803659}, ""macd"": {""type"": ""macd"", ""peak1"": 7.942129330600828, ""peak2"": 3.7466068307958684, ""mode"": ""up""}}, ""context"": {""boundary_proximity"": NaN, ""rejection_speed"": 0.33943744506299, ""window_span_norm"": 0.78}}"
2025-04-29 10:00:00+00:00,SIG.BEICHI.TREND.UP,1833.38,1.084854465270123,"{""seg_idx"": [23, 24, 25], ""score"": 1.084854465270123, ""evidences"": {""volume_price"": {""type"": ""volume_price"", ""price_new"": true, ""vol_weaker"": false, ""mom_weaker"": false}, ""momentum"": {""type"": ""momentum"", ""weaken_cnt"": 0, ""price_new"": true}, ""ratios"": {""volume_ratio"": 1.019548279155249, ""atr_ratio"": 1.0562083699150848, ""speed_ratio"": 1.0263391723787745, ""strength_ratio"": 1.9740213284925965}, ""macd"": {""type"": ""macd"", ""peak1"": 3.7466068307958684, ""peak2"": 3.186721700791132, ""mode"": ""up""}}, ""context"": {""boundary_proximity"": NaN, ""rejection_speed"": 0.3347574421168717, ""window_span_norm"": 0.71}}"
2025-04-30 19:30:00+00:00,SIG.BEICHI.RANGE.DOWN,1786.69,2.407946553776956,"{""zs_index"": 5, ""score"": 2.407946553776956, ""evidences"": {""volume_price"": {""type"": ""volume_price"", ""price_new"": true, ""vol_weaker"": false, ""mom_weaker"": true}, ""momentum"": {""type"": ""momentum"", ""weaken_cnt"": 1, ""price_new"": true}, ""ratios"": {""volume_ratio"": 1.1047860063236292, ""atr_ratio"": 1.306973265040324, ""speed_ratio"": 0.9746093750000073, ""strength_ratio"": 1.3671766884504613}, ""macd"": {""type"": ""macd"", ""peak1"": -5.990948262973747, ""peak2"": -5.386597397154487, ""mode"": ""down""}}, ""context"": {""boundary_proximity"": 1.0, ""rejection_speed"": 0.25991092296159307, ""window_span_norm"": 0.13}}"
2025-05-01 13:00:00+00:00,SIG.BEICHI.RANGE.UP,1851.48,2.561494717215663,"{""zs_index"": 5, ""score"": 2.561494717215663, ""evidences"": {""volume_price"": {""type"": ""volume_price"", ""price_new"": true, ""vol_weaker"": false, ""mom_weaker"": true}, ""momentum"": {""type"": ""momentum"", ""weaken_cnt"": 1, ""price_new"": true}, ""ratios"": {""volume_ratio"": 1.3966322405750051, ""atr_ratio"": 0.8060520170753229, ""speed_ratio"": 1.2804208065458795, ""strength_ratio"": 114.52142583805976}, ""macd"": {""type"": ""macd"", ""peak1"": 3.0221220961365187, ""peak2"": 3.14182374722869, ""mode"": ""up""}}, ""context"": {""boundary_proximity"": 1.0, ""rejection_speed"": 0.46915786202610466, ""window_span_norm"": 0.2}}"
2025-05-01 13:00:00+00:00,SIG.BEICHI.TREND.UP,1851.48,2.0936072507552885,"{""seg_idx"": [24, 25, 26], ""score"": 2.0936072507552885, ""evidences"": {""volume_price"": {""type"": ""volume_price"", ""price_new"": true, ""vol_weaker"": false, ""mom_weaker"": true}, ""momentum"": {""type"": ""momentum"", ""weaken_cnt"": 1, ""price_new"": true}, ""ratios"": {""volume_ratio"": 1.3049562664128922, ""atr_ratio"": 0.7925039988428054, ""speed_ratio"": 1.054719949097715, ""strength_ratio"": 2.4407181163571394}, ""macd"": {""type"": ""macd"", ""peak1"": 0.2649617371859394, ""peak2"": 3.268988208799601, ""mode"": ""up""}}, ""context"": {""boundary_proximity"": NaN, ""rejection_speed"": 0.5160120845921472, ""window_span_norm"": 0.45999999999999996}}"
2025-05-12 09:00:00+00:00,SIG.BEICHI.TREND.UP,2569.67,3.259407045692361,"{""seg_idx"": [29, 30, 31], ""score"": 3.259407045692361, ""evidences"": {""volume_price"": {""type"": ""volume_price"", ""price_new"": true, ""vol_weaker"": true, ""mom_weaker"": true}, ""momentum"": {""type"": ""momentum"", ""weaken_cnt"": 4, ""price_new"": true}, ""ratios"": {""volume_ratio"": 0.6428894835646126, ""atr_ratio"": 0.899384427133925, ""speed_ratio"": 0.947771237363989, ""strength_ratio"": 0.6212341584813041}, ""macd"": {""type"": ""macd"", ""peak1"": 14.57297545798155, ""peak2"": 5.882425302495763, ""mode"": ""up""}}, ""context"": {""boundary_proximity"": NaN, ""rejection_speed"": 0.7656784094872688, ""window_span_norm"": 1.0}}"
2025-05-16 11:00:00+00:00,SIG.BEICHI.TREND.UP,2625.43,1.2301516202556642,"{""seg_idx"": [32, 33, 34], ""score"": 1.2301516202556642, ""evidences"": {""volume_price"": {""type"": ""volume_price"", ""price_new"": false, ""vol_weaker"": true, ""mom_weaker"": true}, ""momentum"": {""type"": ""momentum"", ""weaken_cnt"": 4, ""price_new"": false}, ""ratios"": {""volume_ratio"": 0.5342058973357132, ""atr_ratio"": 0.9770467942301259, ""speed_ratio"": 0.7606846275527168, ""strength_ratio"": 0.4815877755138127}, ""macd"": {""type"": ""macd"", ""peak1"": 13.303714125282816, ""peak2"": 5.195991212790724, ""mode"": ""up""}}, ""context"": {""boundary_proximity"": NaN, ""rejection_speed"": 0.6169193670927737, ""window_span_norm"": 0.65}}"
2025-05-17 13:30:00+00:00,SIG.BEICHI.TREND.DOWN,2461.5,2.3367292716445247,"{""seg_idx"": [33, 34, 35], ""score"": 2.3367292716445247, ""evidences"": {""volume_price"": {""type"": ""volume_price"", ""price_new"": true, ""vol_weaker"": false, ""mom_weaker"": true}, ""momentum"": {""type"": ""momentum"", ""weaken_cnt"": 1, ""price_new"": true}, ""ratios"": {""volume_ratio"": 1.0704452000620692, ""atr_ratio"": 1.0977080460446955, ""speed_ratio"": 0.758883456401659, ""strength_ratio"": 1.4081500483406677}, ""macd"": {""type"": ""macd"", ""peak1"": -5.650394266076168, ""peak2"": -9.77415497822036, ""mode"": ""down""}}, ""context"": {""boundary_proximity"": NaN, ""rejection_speed"": 0.6945487860742074, ""window_span_norm"": 0.8}}"
2025-05-21 06:30:00+00:00,SIG.BEICHI.TREND.UP,2597.68,2.7786753679533374,"{""seg_idx"": [37, 38, 39], ""score"": 2.7786753679533374, ""evidences"": {""volume_price"": {""type"": ""volume_price"", ""price_new"": true, ""vol_weaker"": true, ""mom_weaker"": true}, ""momentum"": {""type"": ""momentum"", ""weaken_cnt"": 4, ""price_new"": true}, ""ratios"": {""volume_ratio"": 0.7693722011937981, ""atr_ratio"": 0.8890183109536489, ""speed_ratio"": 0.7783528129574507, ""strength_ratio"": 0.8339564432768971}, ""macd"": {""type"": ""macd"", ""peak1"": 13.489727217674307, ""peak2"": 7.198191947979076, ""mode"": ""up""}}, ""context"": {""boundary_proximity"": NaN, ""rejection_speed"": 0.19779227992222942, ""window_span_norm"": 0.6499999999999999}}"
2025-05-23 03:30:00+00:00,SIG.BEICHI.TREND.UP,2722.0,3.0958154251812737,"{""seg_idx"": [39, 40, 41], ""score"": 3.0958154251812737, ""evidences"": {""volume_price"": {""type"": ""volume_price"", ""price_new"": true, ""vol_weaker"": true, ""mom_weaker"": true}, ""momentum"": {""type"": ""momentum"", ""weaken_cnt"": 4, ""price_new"": true}, ""ratios"": {""volume_ratio"": 0.9662214805563041, ""atr_ratio"": 0.9687384456388237, ""speed_ratio"": 0.9771051594636078, ""strength_ratio"": 0.7957517259141973}, ""macd"": {""type"": ""macd"", ""peak1"": 7.198191947979076, ""peak2"": 6.9432865585302554, ""mode"": ""up""}}, ""context"": {""boundary_proximity"": NaN, ""rejection_speed"": 0.7330257086354571, ""window_span_norm"": 0.6399999999999999}}"
2025-05-25 21:30:00+00:00,SIG.BEICHI.RANGE.DOWN,2515.19,3.467674870859922,"{""zs_index"": 9, ""score"": 3.467674870859922, ""evidences"": {""volume_price"": {""type"": ""volume_price"", ""price_new"": true, ""vol_weaker"": true, ""mom_weaker"": true}, ""momentum"": {""type"": ""momentum"", ""weaken_cnt"": 2, ""price_new"": true}, ""ratios"": {""volume_ratio"": 0.6216888859362134, ""atr_ratio"": 0.6806585324395491, ""speed_ratio"": 1.027270076577223, ""strength_ratio"": 0.6494281860214943}, ""macd"": {""type"": ""macd"", ""peak1"": -0.6604712605324075, ""peak2"": -5.3892494020792, ""mode"": ""down""}}, ""context"": {""boundary_proximity"": 1.0, ""rejection_speed"": 0.6161247847665373, ""window_span_norm"": 0.245}}"
2025-05-26 07:00:00+00:00,SIG.BEICHI.TREND.UP,2581.89,1.2747898383371854,"{""seg_idx"": [41, 42, 43], ""score"": 1.2747898383371854, ""evidences"": {""volume_price"": {""type"": ""volume_price"", ""price_new"": false, ""vol_weaker"": true, ""mom_weaker"": true}, ""momentum"": {""type"": ""momentum"", ""weaken_cnt"": 2, ""price_new"": false}, ""ratios"": {""volume_ratio"": 0.5236940421341028, ""atr_ratio"": 0.7745362450732757, ""speed_ratio"": 0.752522263057463, ""strength_ratio"": 1.3799728702764507}, ""macd"": {""type"": ""macd"", ""peak1"": 6.9432865585302554, ""peak2"": 4.512478810531333, ""mode"": ""up""}}, ""context"": {""boundary_proximity"": NaN, ""rejection_speed"": 0.7113163972286426, ""window_span_norm"": 0.62}}"
2025-06-03 15:00:00+00:00,SIG.BEICHI.TREND.UP,2642.58,1.2741998001047055,"{""seg_idx"": [45, 46, 47], ""score"": 1.2741998001047055, ""evidences"": {""volume_price"": {""type"": ""volume_price"", ""price_new"": false, ""vol_weaker"": true, ""mom_weaker"": true}, ""momentum"": {""type"": ""momentum"", ""weaken_cnt"": 3, ""price_new"": false}, ""ratios"": {""volume_ratio"": 0.5657843214068079, ""atr_ratio"": 0.817600670612325, ""speed_ratio"": 0.5649086259122834, ""strength_ratio"": 0.5278339092199126}, ""macd"": {""type"": ""macd"", ""peak1"": 11.699489419141381, ""peak2"": 7.510386902012204, ""mode"": ""up""}}, ""context"": {""boundary_proximity"": NaN, ""rejection_speed"": 0.6369996668411758, ""window_span_norm"": 0.73}}"
2025-06-03 22:00:00+00:00,SIG.BEICHI.TREND.DOWN,2600.68,1.202670427832629,"{""seg_idx"": [46, 47, 48], ""score"": 1.202670427832629, ""evidences"": {""volume_price"": {""type"": ""volume_price"", ""price_new"": false, ""vol_weaker"": true, ""mom_weaker"": true}, ""momentum"": {""type"": ""momentum"", ""weaken_cnt"": 4, ""price_new"": false}, ""ratios"": {""volume_ratio"": 0.5558913371713352, ""atr_ratio"": 0.8335246285347616, ""speed_ratio"": 0.9650902039626622, ""strength_ratio"": 0.8747860329768591}, ""macd"": {""type"": ""macd"", ""peak1"": -11.681840029289926, ""peak2"": -3.867544871971514, ""mode"": ""down""}}, ""context"": {""boundary_proximity"": NaN, ""rejection_speed"": 0.6044507130543818, ""window_span_norm"": 0.6}}"
2025-06-04 10:00:00+00:00,SIG.BEICHI.TREND.UP,2638.95,1.070721677375711,"{""seg_idx"": [47, 48, 49], ""score"": 1.070721677375711, ""evidences"": {""volume_price"": {""type"": ""volume_price"", ""price_new"": false, ""vol_weaker"": true, ""mom_weaker"": true}, ""momentum"": {""type"": ""momentum"", ""weaken_cnt"": 4, ""price_new"": false}, ""ratios"": {""volume_ratio"": 0.6934826077775207, ""atr_ratio"": 0.8924107747121446, ""speed_ratio"": 0.7081976493422482, ""strength_ratio"": 0.7997360615773262}, ""macd"": {""type"": ""macd"", ""peak1"": 7.510386902012204, ""peak2"": 3.4791999704133296, ""mode"": ""up""}}, ""context"": {""boundary_proximity"": NaN, ""rejection_speed"": 0.2312027956261847, ""window_span_norm"": 0.83}}"
2025-06-04 17:00:00+00:00,SIG.BEICHI.RANGE.UP,2642.42,2.422258006995398,"{""zs_index"": 10, ""score"": 2.422258006995398, ""evidences"": {""volume_price"": {""type"": ""volume_price"", ""price_new"": true, ""vol_weaker"": false, ""mom_weaker"": true}, ""momentum"": {""type"": ""momentum"", ""weaken_cnt"": 1, ""price_new"": true}, ""ratios"": {""volume_ratio"": 2.6231257485973885, ""atr_ratio"": 2.140653403352828, ""speed_ratio"": 3.7780104712042886, ""strength_ratio"": 0.6749584257204374}, ""macd"": {""type"": ""macd"", ""peak1"": 1.730683314749025, ""peak2"": 3.24552770615869, ""mode"": ""up""}}, ""context"": {""boundary_proximity"": 1.0, ""rejection_speed"": 0.3304300116589959, ""window_span_norm"": 0.06}}"
2025-06-07 00:00:00+00:00,SIG.BEICHI.TREND.DOWN,2467.11,1.3671874257929582,"{""seg_idx"": [50, 51, 52], ""score"": 1.3671874257929582, ""evidences"": {""volume_price"": {""type"": ""volume_price"", ""price_new"": true, ""vol_weaker"": false, ""mom_weaker"": false}, ""momentum"": {""type"": ""momentum"", ""weaken_cnt"": 1, ""price_new"": true}, ""ratios"": {""volume_ratio"": 1.1654902478902076, ""atr_ratio"": 1.2338022330578415, ""speed_ratio"": 1.0581118206793683, ""strength_ratio"": 1.5929724424307348}, ""macd"": {""type"": ""macd"", ""peak1"": -4.367230049743441, ""peak2"": -3.6128936421882285, ""mode"": ""down""}}, ""context"": {""boundary_proximity"": NaN, ""rejection_speed"": 0.9253123763215971, ""window_span_norm"": 0.53}}"
2025-06-07 02:30:00+00:00,SIG.BEICHI.RANGE.DOWN,2479.99,1.7436807147018647,"{""zs_index"": 11, ""score"": 1.7436807147018647, ""evidences"": {""volume_price"": {""type"": ""volume_price"", ""price_new"": false, ""vol_weaker"": true, ""mom_weaker"": true}, ""momentum"": {""type"": ""momentum"", ""weaken_cnt"": 3, ""price_new"": false}, ""ratios"": {""volume_ratio"": 0.3221927566314902, ""atr_ratio"": 0.38144633042675496, ""speed_ratio"": 0.5650227638665195, ""strength_ratio"": 2.202938620009497}, ""macd"": {""type"": ""macd"", ""peak1"": -17.82981089020091, ""peak2"": -3.6128936421882285, ""mode"": ""down""}}, ""context"": {""boundary_proximity"": 1.0, ""rejection_speed"": 0.7594678578364413, ""window_span_norm"": 0.22}}"
2025-06-18 05:30:00+00:00,SIG.BEICHI.TREND.UP,2537.1,0.9018336449596716,"{""seg_idx"": [59, 60, 61], ""score"": 0.9018336449596716, ""evidences"": {""volume_price"": {""type"": ""volume_price"", ""price_new"": false, ""vol_weaker"": true, ""mom_weaker"": true}, ""momentum"": {""type"": ""momentum"", ""weaken_cnt"": 2, ""price_new"": false}, ""ratios"": {""volume_ratio"": 0.8599325017272503, ""atr_ratio"": 1.2306550114381387, ""speed_ratio"": 1.143472463923315, ""strength_ratio"": 0.6373011440829551}, ""macd"": {""type"": ""macd"", ""peak1"": 6.299090444967888, ""peak2"": 5.63036849636077, ""mode"": ""up""}}, ""context"": {""boundary_proximity"": NaN, ""rejection_speed"": 0.009722741599452599, ""window_span_norm"": 0.74}}"
2025-06-20 13:00:00+00:00,SIG.BEICHI.RANGE.UP,2554.89,1.5600484747179248,"{""zs_index"": 13, ""score"": 1.5600484747179248, ""evidences"": {""volume_price"": {""type"": ""volume_price"", ""price_new"": false, ""vol_weaker"": true, ""mom_weaker"": true}, ""momentum"": {""type"": ""momentum"", ""weaken_cnt"": 2, ""price_new"": false}, ""ratios"": {""volume_ratio"": 0.6077295051129259, ""atr_ratio"": 0.7491255763901054, ""speed_ratio"": 0.5116355962299106, ""strength_ratio"": 14.771608907732299}, ""macd"": {""type"": ""macd"", ""peak1"": 6.299090444967888, ""peak2"": 4.555889153676152, ""mode"": ""up""}}, ""context"": {""boundary_proximity"": 1.0, ""rejection_speed"": 0.313414124529875, ""window_span_norm"": 0.43}}"
2025-06-29 11:30:00+00:00,SIG.BEICHI.TREND.UP,2462.25,3.2875900720576587,"{""seg_idx"": [64, 65, 66], ""score"": 3.2875900720576587, ""evidences"": {""volume_price"": {""type"": ""volume_price"", ""price_new"": true, ""vol_weaker"": true, ""mom_weaker"": true}, ""momentum"": {""type"": ""momentum"", ""weaken_cnt"": 4, ""price_new"": true}, ""ratios"": {""volume_ratio"": 0.3022304873016155, ""atr_ratio"": 0.27905842991449853, ""speed_ratio"": 0.2852444084606817, ""strength_ratio"": 0.6911640214271879}, ""macd"": {""type"": ""macd"", ""peak1"": 10.692137683941937, ""peak2"": 2.47187934376826, ""mode"": ""up""}}, ""context"": {""boundary_proximity"": NaN, ""rejection_speed"": 0.812650120096098, ""window_span_norm"": 1.0}}"
2025-07-02 02:00:00+00:00,SIG.BEICHI.RANGE.DOWN,2414.6,1.3113927910705845,"{""zs_index"": 14, ""score"": 1.3113927910705845, ""evidences"": {""volume_price"": {""type"": ""volume_price"", ""price_new"": false, ""vol_weaker"": true, ""mom_weaker"": true}, ""momentum"": {""type"": ""momentum"", ""weaken_cnt"": 2, ""price_new"": false}, ""ratios"": {""volume_ratio"": 0.9418032609316263, ""atr_ratio"": 0.781515208252587, ""speed_ratio"": 0.6548328481272384, ""strength_ratio"": 1.7267175846524536}, ""macd"": {""type"": ""macd"", ""peak1"": -4.531226069412969, ""peak2"": -1.0243212564833684, ""mode"": ""down""}}, ""context"": {""boundary_proximity"": 0.4662867723282196, ""rejection_speed"": 0.6527012127894213, ""window_span_norm"": 0.1}}"
2025-07-06 14:00:00+00:00,SIG.BEICHI.TREND.UP,2558.05,1.6,"{""seg_idx"": [69, 70, 71], ""score"": 1.6, ""evidences"": {""volume_price"": {""type"": ""volume_price"", ""price_new"": false, ""vol_weaker"": true, ""mom_weaker"": true}, ""momentum"": {""type"": ""momentum"", ""weaken_cnt"": 4, ""price_new"": false}, ""ratios"": {""volume_ratio"": 0.3212865721882484, ""atr_ratio"": 0.5509391336352376, ""speed_ratio"": 0.5994778508170939, ""strength_ratio"": 0.8768267892839167}, ""macd"": {""type"": ""macd"", ""peak1"": 12.89001215580383, ""peak2"": 4.871293943684277, ""mode"": ""up""}}, ""context"": {""boundary_proximity"": NaN, ""rejection_speed"": 2.356234096692126, ""window_span_norm"": 1.0}}"
2025-07-07 16:30:00+00:00,SIG.BEICHI.TREND.DOWN,2524.21,1.191995055624224,"{""seg_idx"": [70, 71, 72], ""score"": 1.191995055624224, ""evidences"": {""volume_price"": {""type"": ""volume_price"", ""price_new"": false, ""vol_weaker"": true, ""mom_weaker"": true}, ""momentum"": {""type"": ""momentum"", ""weaken_cnt"": 4, ""price_new"": false}, ""ratios"": {""volume_ratio"": 0.7348162124280294, ""atr_ratio"": 0.8717733665462041, ""speed_ratio"": 0.9164904534934993, ""strength_ratio"": 0.6365966231703268}, ""macd"": {""type"": ""macd"", ""peak1"": -5.079960050165909, ""peak2"": -4.0904039540667165, ""mode"": ""down""}}, ""context"": {""boundary_proximity"": NaN, ""rejection_speed"": 0.5933250927070401, ""window_span_norm"": 0.5900000000000001}}"
2025-07-08 10:00:00+00:00,SIG.BEICHI.RANGE.DOWN,2558.99,2.764176480195404,"{""zs_index"": 15, ""score"": 2.764176480195404, ""evidences"": {""volume_price"": {""type"": ""volume_price"", ""price_new"": true, ""vol_weaker"": true, ""mom_weaker"": true}, ""momentum"": {""type"": ""momentum"", ""weaken_cnt"": 1, ""price_new"": true}, ""ratios"": {""volume_ratio"": 0.9199968694484572, ""atr_ratio"": 1.3656000167697009, ""speed_ratio"": 1.4486486486486594, ""strength_ratio"": 0.6957182064881838}, ""macd"": {""type"": ""macd"", ""peak1"": -3.7798188880113788, ""peak2"": -4.0904039540667165, ""mode"": ""down""}}, ""context"": {""boundary_proximity"": 0.7802941336590059, ""rejection_speed"": 1.12340350568128, ""window_span_norm"": 0.24}}"
2025-07-08 11:30:00+00:00,SIG.BEICHI.TREND.UP,2575.15,1.496,"{""seg_idx"": [71, 72, 73], ""score"": 1.496, ""evidences"": {""volume_price"": {""type"": ""volume_price"", ""price_new"": true, ""vol_weaker"": false, ""mom_weaker"": false}, ""momentum"": {""type"": ""momentum"", ""weaken_cnt"": 1, ""price_new"": true}, ""ratios"": {""volume_ratio"": 1.2815555379561723, ""atr_ratio"": 1.3168349148834986, ""speed_ratio"": 1.3972028226393263, ""strength_ratio"": 1.011817405742314}, ""macd"": {""type"": ""macd"", ""peak1"": 4.871293943684277, ""peak2"": 3.0651335039445797, ""mode"": ""up""}}, ""context"": {""boundary_proximity"": NaN, ""rejection_speed"": 1.012287334593608, ""window_span_norm"": 0.74}}"
2025-07-13 12:00:00+00:00,SIG.BEICHI.RANGE.DOWN,2965.2,3.012951082610684,"{""zs_index"": 16, ""score"": 3.012951082610684, ""evidences"": {""volume_price"": {""type"": ""volume_price"", ""price_new"": true, ""vol_weaker"": true, ""mom_weaker"": true}, ""momentum"": {""type"": ""momentum"", ""weaken_cnt"": 4, ""price_new"": true}, ""ratios"": {""volume_ratio"": 0.7974937892662983, ""atr_ratio"": 0.593326205377978, ""speed_ratio"": 0.7606559715812201, ""strength_ratio"": 0.1330458557698696}, ""macd"": {""type"": ""macd"", ""peak1"": -6.573929686463336, ""peak2"": -4.471563489112942, ""mode"": ""down""}}, ""context"": {""boundary_proximity"": 0.6005428605811228, ""rejection_speed"": 0.1910422771033503, ""window_span_norm"": 0.345}}"
2025-07-13 14:00:00+00:00,SIG.BEICHI.TREND.UP,3006.87,3.316,"{""seg_idx"": [75, 76, 77], ""score"": 3.316, ""evidences"": {""volume_price"": {""type"": ""volume_price"", ""price_new"": true, ""vol_weaker"": true, ""mom_weaker"": true}, ""momentum"": {""type"": ""momentum"", ""weaken_cnt"": 4, ""price_new"": true}, ""ratios"": {""volume_ratio"": 0.3394257804709525, ""atr_ratio"": 0.6769241477932691, ""speed_ratio"": 0.5705534266572944, ""strength_ratio"": 0.8222024696607052}, ""macd"": {""type"": ""macd"", ""peak1"": 10.082715405186452, ""peak2"": 4.470656044207232, ""mode"": ""up""}}, ""context"": {""boundary_proximity"": NaN, ""rejection_speed"": 2.0998856271444972, ""window_span_norm"": 0.79}}"
2025-07-14 11:00:00+00:00,SIG.BEICHI.TREND.UP,3063.15,2.7233103320691963,"{""seg_idx"": [76, 77, 78], ""score"": 2.7233103320691963, ""evidences"": {""volume_price"": {""type"": ""volume_price"", ""price_new"": true, ""vol_weaker"": true, ""mom_weaker"": true}, ""momentum"": {""type"": ""momentum"", ""weaken_cnt"": 4, ""price_new"": true}, ""ratios"": {""volume_ratio"": 0.8655932797133873, ""atr_ratio"": 0.9955884282113202, ""speed_ratio"": 0.7356856386185784, ""strength_ratio"": 0.9483744560504872}, ""macd"": {""type"": ""macd"", ""peak1"": 17.65317439666339, ""peak2"": 8.258182115636828, ""mode"": ""up""}}, ""context"": {""boundary_proximity"": NaN, ""rejection_speed"": 0.1588505534486606, ""window_span_norm"": 0.5700000000000001}}"
2025-07-15 18:00:00+00:00,SIG.BEICHI.TREND.UP,3078.22,2.6610231056401963,"{""seg_idx"": [78, 79, 80], ""score"": 2.6610231056401963, ""evidences"": {""volume_price"": {""type"": ""volume_price"", ""price_new"": true, ""vol_weaker"": true, ""mom_weaker"": true}, ""momentum"": {""type"": ""momentum"", ""weaken_cnt"": 2, ""price_new"": true}, ""ratios"": {""volume_ratio"": 0.8578392276105782, ""atr_ratio"": 0.9125688665517, ""speed_ratio"": 1.2414036159847777, ""strength_ratio"": 0.7510171129275449}, ""macd"": {""type"": ""macd"", ""peak1"": 8.258182115636828, ""peak2"": 9.84270463715809, ""mode"": ""up""}}, ""context"": {""boundary_proximity"": NaN, ""rejection_speed"": 0.10170517606699375, ""window_span_norm"": 0.5}}"
2025-07-20 16:30:00+00:00,SIG.BEICHI.TREND.UP,3809.19,3.3208778840742794,"{""seg_idx"": [81, 82, 83], ""score"": 3.3208778840742794, ""evidences"": {""volume_price"": {""type"": ""volume_price"", ""price_new"": true, ""vol_weaker"": true, ""mom_weaker"": true}, ""momentum"": {""type"": ""momentum"", ""weaken_cnt"": 3, ""price_new"": true}, ""ratios"": {""volume_ratio"": 0.6871637190373787, ""atr_ratio"": 0.8500707085477559, ""speed_ratio"": 0.8982260706986085, ""strength_ratio"": 1.205769043768115}, ""macd"": {""type"": ""macd"", ""peak1"": 14.157720527649772, ""peak2"": 7.7365364719230385, ""mode"": ""up""}}, ""context"": {""boundary_proximity"": NaN, ""rejection_speed"": 0.8681298067904659, ""window_span_norm"": 1.0}}"
2025-07-26 08:30:00+00:00,SIG.BEICHI.TREND.UP,3762.73,3.24,"{""seg_idx"": [86, 87, 88], ""score"": 3.24, ""evidences"": {""volume_price"": {""type"": ""volume_price"", ""price_new"": true, ""vol_weaker"": true, ""mom_weaker"": true}, ""momentum"": {""type"": ""momentum"", ""weaken_cnt"": 3, ""price_new"": true}, ""ratios"": {""volume_ratio"": 0.4467361546665936, ""atr_ratio"": 0.5838862223684177, ""speed_ratio"": 0.48381497763869724, ""strength_ratio"": 1.1401732061205239}, ""macd"": {""type"": ""macd"", ""peak1"": 12.524537868241113, ""peak2"": 9.166642775922197, ""mode"": ""up""}}, ""context"": {""boundary_proximity"": NaN, ""rejection_speed"": 1.1260141888449051, ""window_span_norm"": 0.6}}"
2025-07-26 08:30:00+00:00,SIG.BEICHI.RANGE.UP,3762.73,3.672,"{""zs_index"": 18, ""score"": 3.672, ""evidences"": {""volume_price"": {""type"": ""volume_price"", ""price_new"": true, ""vol_weaker"": true, ""mom_weaker"": true}, ""momentum"": {""type"": ""momentum"", ""weaken_cnt"": 2, ""price_new"": true}, ""ratios"": {""volume_ratio"": 0.4727804590447118, ""atr_ratio"": 0.5823426313947706, ""speed_ratio"": 0.6306556748466169, ""strength_ratio"": 2.1329450662232006}, ""macd"": {""type"": ""macd"", ""peak1"": 12.357850059267996, ""peak2"": 9.166642775922197, ""mode"": ""up""}}, ""context"": {""boundary_proximity"": 1.0, ""rejection_speed"": 1.1260141888449051, ""window_span_norm"": 0.18}}"
2025-07-29 02:30:00+00:00,SIG.BEICHI.TREND.DOWN,3759.13,0.8527140163419233,"{""seg_idx"": [87, 88, 89], ""score"": 0.8527140163419233, ""evidences"": {""volume_price"": {""type"": ""volume_price"", ""price_new"": false, ""vol_weaker"": true, ""mom_weaker"": true}, ""momentum"": {""type"": ""momentum"", ""weaken_cnt"": 2, ""price_new"": false}, ""ratios"": {""volume_ratio"": 0.8273876406834959, ""atr_ratio"": 1.01065017363408, ""speed_ratio"": 0.9073099608191295, ""strength_ratio"": 0.5805188000955555}, ""macd"": {""type"": ""macd"", ""peak1"": -15.120259954882574, ""peak2"": -13.789353788635166, ""mode"": ""down""}}, ""context"": {""boundary_proximity"": NaN, ""rejection_speed"": 0.00785669390320554, ""window_span_norm"": 0.62}}"
2025-07-30 07:00:00+00:00,SIG.BEICHI.TREND.UP,3829.13,2.866131427000284,"{""seg_idx"": [88, 89, 90], ""score"": 2.866131427000284, ""evidences"": {""volume_price"": {""type"": ""volume_price"", ""price_new"": true, ""vol_weaker"": true, ""mom_weaker"": true}, ""momentum"": {""type"": ""momentum"", ""weaken_cnt"": 3, ""price_new"": true}, ""ratios"": {""volume_ratio"": 0.9989874249438461, ""atr_ratio"": 1.1570160988492373, ""speed_ratio"": 0.869127811709516, ""strength_ratio"": 0.8152709752402332}, ""macd"": {""type"": ""macd"", ""peak1"": 9.166642775922197, ""peak2"": 6.477516900152943, ""mode"": ""up""}}, ""context"": {""boundary_proximity"": NaN, ""rejection_speed"": 0.34355237833380675, ""window_span_norm"": 0.6499999999999999}}"
2025-07-31 19:00:00+00:00,SIG.BEICHI.RANGE.UP,3754.27,2.0757069538090005,"{""zs_index"": 19, ""score"": 2.0757069538090005, ""evidences"": {""volume_price"": {""type"": ""volume_price"", ""price_new"": false, ""vol_weaker"": true, ""mom_weaker"": true}, ""momentum"": {""type"": ""momentum"", ""weaken_cnt"": 4, ""price_new"": false}, ""ratios"": {""volume_ratio"": 0.940701533566635, ""atr_ratio"": 0.8938760320717527, ""speed_ratio"": 0.8342779774301399, ""strength_ratio"": 0.5704072775832492}, ""macd"": {""type"": ""macd"", ""peak1"": 11.873314623551416, ""peak2"": 9.992137117135682, ""mode"": ""up""}}, ""context"": {""boundary_proximity"": 1.0, ""rejection_speed"": 0.7928449230150012, ""window_span_norm"": 1.0}}"
2025-08-01 00:30:00+00:00,SIG.BEICHI.RANGE.DOWN,3682.1,1.5034353725303489,"{""zs_index"": 19, ""score"": 1.5034353725303489, ""evidences"": {""volume_price"": {""type"": ""volume_price"", ""price_new"": true, ""vol_weaker"": false, ""mom_weaker"": false}, ""momentum"": {""type"": ""momentum"", ""weaken_cnt"": 0, ""price_new"": true}, ""ratios"": {""volume_ratio"": 2.725633716441437, ""atr_ratio"": 1.792084830600421, ""speed_ratio"": 1.558038190317745, ""strength_ratio"": 26.45911949685274}, ""macd"": {""type"": ""macd"", ""peak1"": -5.223387531998161, ""peak2"": -4.997512131616908, ""mode"": ""down""}}, ""context"": {""boundary_proximity"": 1.0, ""rejection_speed"": 0.4523922875505815, ""window_span_norm"": 0.08}}"
2025-08-01 00:30:00+00:00,SIG.BEICHI.TREND.DOWN,3682.1,3.0292620590187944,"{""seg_idx"": [89, 90, 91], ""score"": 3.0292620590187944, ""evidences"": {""volume_price"": {""type"": ""volume_price"", ""price_new"": true, ""vol_weaker"": true, ""mom_weaker"": true}, ""momentum"": {""type"": ""momentum"", ""weaken_cnt"": 2, ""price_new"": true}, ""ratios"": {""volume_ratio"": 0.9381907107902884, ""atr_ratio"": 0.7846011259506499, ""speed_ratio"": 0.7688999107231491, ""strength_ratio"": 1.690521460384023}, ""macd"": {""type"": ""macd"", ""peak1"": -13.789353788635166, ""peak2"": -12.023212455574722, ""mode"": ""down""}}, ""context"": {""boundary_proximity"": NaN, ""rejection_speed"": 0.5221034316979906, ""window_span_norm"": 0.79}}"
2025-08-02 23:00:00+00:00,SIG.BEICHI.TREND.DOWN,3375.09,2.8963100084491877,"{""seg_idx"": [91, 92, 93], ""score"": 2.8963100084491877, ""evidences"": {""volume_price"": {""type"": ""volume_price"", ""price_new"": true, ""vol_weaker"": true, ""mom_weaker"": true}, ""momentum"": {""type"": ""momentum"", ""weaken_cnt"": 2, ""price_new"": true}, ""ratios"": {""volume_ratio"": 0.9731198554844535, ""atr_ratio"": 1.24302885240078, ""speed_ratio"": 1.9350027125954528, ""strength_ratio"": 0.5682423897082877}, ""macd"": {""type"": ""macd"", ""peak1"": -12.023212455574722, ""peak2"": -9.444423866823552, ""mode"": ""down""}}, ""context"": {""boundary_proximity"": NaN, ""rejection_speed"": 0.42718334741531283, ""window_span_norm"": 0.6}}"
2025-08-06 15:00:00+00:00,SIG.BEICHI.RANGE.DOWN,3628.53,3.72,"{""zs_index"": 21, ""score"": 3.72, ""evidences"": {""volume_price"": {""type"": ""volume_price"", ""price_new"": true, ""vol_weaker"": true, ""mom_weaker"": true}, ""momentum"": {""type"": ""momentum"", ""weaken_cnt"": 4, ""price_new"": true}, ""ratios"": {""volume_ratio"": 0.8939903353477663, ""atr_ratio"": 0.8517756789423789, ""speed_ratio"": 0.8937255414558085, ""strength_ratio"": 0.0026455566729355743}, ""macd"": {""type"": ""macd"", ""peak1"": -8.975315917367043, ""peak2"": -10.07047155327579, ""mode"": ""down""}}, ""context"": {""boundary_proximity"": 1.0, ""rejection_speed"": 1.1566109645265426, ""window_span_norm"": 0.3}}"
2025-08-07 01:30:00+00:00,SIG.BEICHI.TREND.UP,3667.55,2.927523204375441,"{""seg_idx"": [94, 95, 96], ""score"": 2.927523204375441, ""evidences"": {""volume_price"": {""type"": ""volume_price"", ""price_new"": true, ""vol_weaker"": false, ""mom_weaker"": true}, ""momentum"": {""type"": ""momentum"", ""weaken_cnt"": 2, ""price_new"": true}, ""ratios"": {""volume_ratio"": 1.295147483978107, ""atr_ratio"": 1.1719187170194885, ""speed_ratio"": 1.3410844005092524, ""strength_ratio"": 0.6125886334649819}, ""macd"": {""type"": ""macd"", ""peak1"": 9.157374647847558, ""peak2"": 6.620062639342548, ""mode"": ""up""}}, ""context"": {""boundary_proximity"": NaN, ""rejection_speed"": 0.35920534062573545, ""window_span_norm"": 0.78}}"
2025-08-11 02:00:00+00:00,SIG.BEICHI.TREND.UP,4311.41,2.380350537894347,"{""seg_idx"": [95, 96, 97], ""score"": 2.380350537894347, ""evidences"": {""volume_price"": {""type"": ""volume_price"", ""price_new"": true, ""vol_weaker"": false, ""mom_weaker"": true}, ""momentum"": {""type"": ""momentum"", ""weaken_cnt"": 1, ""price_new"": true}, ""ratios"": {""volume_ratio"": 1.320565553178509, ""atr_ratio"": 1.2315944369408403, ""speed_ratio"": 1.1692683298247548, ""strength_ratio"": 0.5317656828020879}, ""macd"": {""type"": ""macd"", ""peak1"": 10.12802859705041, ""peak2"": 13.643592019714383, ""mode"": ""up""}}, ""context"": {""boundary_proximity"": NaN, ""rejection_speed"": 0.6339175631572443, ""window_span_norm"": 1.0}}"
2025-08-12 00:00:00+00:00,SIG.BEICHI.RANGE.DOWN,4243.1,1.6243876254488683,"{""zs_index"": 22, ""score"": 1.6243876254488683, ""evidences"": {""volume_price"": {""type"": ""volume_price"", ""price_new"": false, ""vol_weaker"": true, ""mom_weaker"": true}, ""momentum"": {""type"": ""momentum"", ""weaken_cnt"": 3, ""price_new"": false}, ""ratios"": {""volume_ratio"": 0.6681869527098486, ""atr_ratio"": 1.0374329778108793, ""speed_ratio"": 0.803160919540242, ""strength_ratio"": 0.18242814678512628}, ""macd"": {""type"": ""macd"", ""peak1"": -15.04099126451423, ""peak2"": -9.933468148585384, ""mode"": ""down""}}, ""context"": {""boundary_proximity"": 1.0, ""rejection_speed"": 0.6506460424147805, ""window_span_norm"": 0.085}}"
2025-08-12 08:30:00+00:00,SIG.BEICHI.TREND.UP,4310.65,2.921253374017136,"{""seg_idx"": [97, 98, 99], ""score"": 2.921253374017136, ""evidences"": {""volume_price"": {""type"": ""volume_price"", ""price_new"": true, ""vol_weaker"": true, ""mom_weaker"": true}, ""momentum"": {""type"": ""momentum"", ""weaken_cnt"": 3, ""price_new"": true}, ""ratios"": {""volume_ratio"": 0.6780864718536425, ""atr_ratio"": 0.9884567201710166, ""speed_ratio"": 0.8743110576980436, ""strength_ratio"": 1.4913313516331674}, ""macd"": {""type"": ""macd"", ""peak1"": 13.643592019714383, ""peak2"": 7.012301738776761, ""mode"": ""up""}}, ""context"": {""boundary_proximity"": NaN, ""rejection_speed"": 0.20208895669522703, ""window_span_norm"": 1.0}}"
2025-08-14 04:00:00+00:00,SIG.BEICHI.TREND.UP,4775.08,2.0366752289067827,"{""seg_idx"": [99, 100, 101], ""score"": 2.0366752289067827, ""evidences"": {""volume_price"": {""type"": ""volume_price"", ""price_new"": true, ""vol_weaker"": false, ""mom_weaker"": true}, ""momentum"": {""type"": ""momentum"", ""weaken_cnt"": 1, ""price_new"": true}, ""ratios"": {""volume_ratio"": 1.9548649042361814, ""atr_ratio"": 1.6292958936482689, ""speed_ratio"": 1.4709746516725375, ""strength_ratio"": 0.7800238511037136}, ""macd"": {""type"": ""macd"", ""peak1"": 7.012301738776761, ""peak2"": 1.4101319981395086, ""mode"": ""up""}}, ""context"": {""boundary_proximity"": NaN, ""rejection_speed"": 0.40779204817797116, ""window_span_norm"": 0.48}}"
2025-08-15 20:00:00+00:00,SIG.BEICHI.TREND.DOWN,4418.05,2.7322288776953414,"{""seg_idx"": [102, 103, 104], ""score"": 2.7322288776953414, ""evidences"": {""volume_price"": {""type"": ""volume_price"", ""price_new"": true, ""vol_weaker"": true, ""mom_weaker"": true}, ""momentum"": {""type"": ""momentum"", ""weaken_cnt"": 3, ""price_new"": true}, ""ratios"": {""volume_ratio"": 0.799063749030863, ""atr_ratio"": 1.4474120749095511, ""speed_ratio"": 0.9935123400594222, ""strength_ratio"": 0.8621115062454263}, ""macd"": {""type"": ""macd"", ""peak1"": -22.17567592331937, ""peak2"": -26.176809707236696, ""mode"": ""down""}}, ""context"": {""boundary_proximity"": NaN, ""rejection_speed"": 0.2937147961589022, ""window_span_norm"": 0.39}}"
2025-08-17 16:00:00+00:00,SIG.BEICHI.RANGE.UP,4539.32,1.757200143729809,"{""zs_index"": 24, ""score"": 1.757200143729809, ""evidences"": {""volume_price"": {""type"": ""volume_price"", ""price_new"": false, ""vol_weaker"": true, ""mom_weaker"": true}, ""momentum"": {""type"": ""momentum"", ""weaken_cnt"": 3, ""price_new"": false}, ""ratios"": {""volume_ratio"": 0.7057104857425405, ""atr_ratio"": 1.0535487604362785, ""speed_ratio"": 0.6883169531331795, ""strength_ratio"": 0.7656959441889447}, ""macd"": {""type"": ""macd"", ""peak1"": 18.04221477946145, ""peak2"": 9.584766669349033, ""mode"": ""up""}}, ""context"": {""boundary_proximity"": 1.0, ""rejection_speed"": 0.7686669062163483, ""window_span_norm"": 0.24}}"
2025-08-18 09:00:00+00:00,SIG.BEICHI.TREND.DOWN,4236.06,3.168,"{""seg_idx"": [104, 105, 106], ""score"": 3.168, ""evidences"": {""volume_price"": {""type"": ""volume_price"", ""price_new"": true, ""vol_weaker"": true, ""mom_weaker"": true}, ""momentum"": {""type"": ""momentum"", ""weaken_cnt"": 2, ""price_new"": true}, ""ratios"": {""volume_ratio"": 0.8279948361237296, ""atr_ratio"": 0.9090502323003018, ""speed_ratio"": 0.9108499532850418, ""strength_ratio"": 1.2998799394211222}, ""macd"": {""type"": ""macd"", ""peak1"": -26.176809707236696, ""peak2"": -18.941829515786928, ""mode"": ""down""}}, ""context"": {""boundary_proximity"": NaN, ""rejection_speed"": 1.160476796830781, ""window_span_norm"": 0.42000000000000004}}"
2025-08-19 04:00:00+00:00,SIG.BEICHI.TREND.DOWN,4205.03,3.176,"{""seg_idx"": [106, 107, 108], ""score"": 3.176, ""evidences"": {""volume_price"": {""type"": ""volume_price"", ""price_new"": true, ""vol_weaker"": true, ""mom_weaker"": true}, ""momentum"": {""type"": ""momentum"", ""weaken_cnt"": 4, ""price_new"": true}, ""ratios"": {""volume_ratio"": 0.585471617682073, ""atr_ratio"": 0.8429122768400898, ""speed_ratio"": 0.921750872060316, ""strength_ratio"": 0.5250984430610439}, ""macd"": {""type"": ""macd"", ""peak1"": -18.941829515786928, ""peak2"": -13.695829133352424, ""mode"": ""down""}}, ""context"": {""boundary_proximity"": NaN, ""rejection_speed"": 1.3812195453398577, ""window_span_norm"": 0.44}}"
2025-08-20 22:30:00+00:00,SIG.BEICHI.TREND.UP,4366.0,1.0497610177192147,"{""seg_idx"": [107, 108, 109], ""score"": 1.0497610177192147, ""evidences"": {""volume_price"": {""type"": ""volume_price"", ""price_new"": true, ""vol_weaker"": false, ""mom_weaker"": false}, ""momentum"": {""type"": ""momentum"", ""weaken_cnt"": 0, ""price_new"": true}, ""ratios"": {""volume_ratio"": 1.1584449269941024, ""atr_ratio"": 1.391674097505544, ""speed_ratio"": 1.1743762693547468, ""strength_ratio"": 1.8013764269598724}, ""macd"": {""type"": ""macd"", ""peak1"": 16.009745299622537, ""peak2"": 13.882733865364074, ""mode"": ""up""}}, ""context"": {""boundary_proximity"": NaN, ""rejection_speed"": 0.5429350295320244, ""window_span_norm"": 0.31}}"
2025-08-21 17:00:00+00:00,SIG.BEICHI.TREND.DOWN,4224.35,1.1146224223061174,"{""seg_idx"": [108, 109, 110], ""score"": 1.1146224223061174, ""evidences"": {""volume_price"": {""type"": ""volume_price"", ""price_new"": false, ""vol_weaker"": true, ""mom_weaker"": true}, ""momentum"": {""type"": ""momentum"", ""weaken_cnt"": 3, ""price_new"": false}, ""ratios"": {""volume_ratio"": 0.8031982460048896, ""atr_ratio"": 0.9031289727656818, ""speed_ratio"": 0.8030447802165165, ""strength_ratio"": 0.7245180301017352}, ""macd"": {""type"": ""macd"", ""peak1"": -13.695829133352424, ""peak2"": -10.2024299840744, ""mode"": ""down""}}, ""context"": {""boundary_proximity"": NaN, ""rejection_speed"": 0.4577040371768622, ""window_span_norm"": 0.6}}"
2025-08-22 01:30:00+00:00,SIG.BEICHI.RANGE.DOWN,4257.29,1.2897838110439392,"{""zs_index"": 25, ""score"": 1.2897838110439392, ""evidences"": {""volume_price"": {""type"": ""volume_price"", ""price_new"": false, ""vol_weaker"": true, ""mom_weaker"": true}, ""momentum"": {""type"": ""momentum"", ""weaken_cnt"": 2, ""price_new"": false}, ""ratios"": {""volume_ratio"": 0.4384402899163223, ""atr_ratio"": 0.8501004745011188, ""speed_ratio"": 0.5362135358970216, ""strength_ratio"": 7.062270890956315}, ""macd"": {""type"": ""macd"", ""peak1"": -13.040038318868616, ""peak2"": -5.801010968628161, ""mode"": ""down""}}, ""context"": {""boundary_proximity"": 0.48879294720164834, ""rejection_speed"": 0.4208467378715841, ""window_span_norm"": 0.36}}"
2025-08-22 08:30:00+00:00,SIG.BEICHI.TREND.UP,4328.93,0.7642352595782153,"{""seg_idx"": [109, 110, 111], ""score"": 0.7642352595782153, ""evidences"": {""volume_price"": {""type"": ""volume_price"", ""price_new"": false, ""vol_weaker"": true, ""mom_weaker"": true}, ""momentum"": {""type"": ""momentum"", ""weaken_cnt"": 4, ""price_new"": false}, ""ratios"": {""volume_ratio"": 0.5219539320412456, ""atr_ratio"": 0.4693026305519737, ""speed_ratio"": 0.5143619620610652, ""strength_ratio"": 0.922301236912315}, ""macd"": {""type"": ""macd"", ""peak1"": 13.882733865364074, ""peak2"": 7.7039347332067525, ""mode"": ""up""}}, ""context"": {""boundary_proximity"": NaN, ""rejection_speed"": 0.02705876596369201, ""window_span_norm"": 0.37}}"
2025-08-24 19:00:00+00:00,SIG.BEICHI.RANGE.UP,4937.95,3.3108913905002546,"{""zs_index"": 25, ""score"": 3.3108913905002546, ""evidences"": {""volume_price"": {""type"": ""volume_price"", ""price_new"": true, ""vol_weaker"": true, ""mom_weaker"": true}, ""momentum"": {""type"": ""momentum"", ""weaken_cnt"": 2, ""price_new"": true}, ""ratios"": {""volume_ratio"": 0.8335410212630153, ""atr_ratio"": 1.2563022109064557, ""speed_ratio"": 0.6162773527878247, ""strength_ratio"": 0.24913705309651055}, ""macd"": {""type"": ""macd"", ""peak1"": -2.0574069083723914, ""peak2"": 52.20784739165347, ""mode"": ""up""}}, ""context"": {""boundary_proximity"": 1.0, ""rejection_speed"": 0.1348189841670911, ""window_span_norm"": 0.575}}"
2025-08-26 23:00:00+00:00,SIG.BEICHI.TREND.UP,4602.0,1.3078363906590398,"{""seg_idx"": [112, 113, 114], ""score"": 1.3078363906590398, ""evidences"": {""volume_price"": {""type"": ""volume_price"", ""price_new"": false, ""vol_weaker"": false, ""mom_weaker"": false}, ""momentum"": {""type"": ""momentum"", ""weaken_cnt"": 1, ""price_new"": false}, ""ratios"": {""volume_ratio"": 1.1605315133798333, ""atr_ratio"": 1.3097374253845975, ""speed_ratio"": 1.087396069790946, ""strength_ratio"": 1.219768969550193}, ""macd"": {""type"": ""macd"", ""peak1"": 52.20784739165347, ""peak2"": 15.402418555959345, ""mode"": ""up""}}, ""context"": {""boundary_proximity"": NaN, ""rejection_speed"": 0.5130606510983995, ""window_span_norm"": 1.0}}"
2025-08-27 18:00:00+00:00,SIG.BEICHI.RANGE.UP,4621.91,1.3666947135344578,"{""zs_index"": 26, ""score"": 1.3666947135344578, ""evidences"": {""volume_price"": {""type"": ""volume_price"", ""price_new"": false, ""vol_weaker"": true, ""mom_weaker"": true}, ""momentum"": {""type"": ""momentum"", ""weaken_cnt"": 2, ""price_new"": false}, ""ratios"": {""volume_ratio"": 0.44345601148478586, ""atr_ratio"": 0.9580432153613181, ""speed_ratio"": 0.782602464889663, ""strength_ratio"": 4.857406678691615}, ""macd"": {""type"": ""macd"", ""peak1"": 13.114339160596089, ""peak2"": 4.034480137892281, ""mode"": ""up""}}, ""context"": {""boundary_proximity"": 1.0, ""rejection_speed"": 0.21782452255742965, ""window_span_norm"": 0.09}}"
2025-08-28 20:00:00+00:00,SIG.BEICHI.TREND.DOWN,4461.59,2.7903770639231564,"{""seg_idx"": [113, 114, 115], ""score"": 2.7903770639231564, ""evidences"": {""volume_price"": {""type"": ""volume_price"", ""price_new"": true, ""vol_weaker"": true, ""mom_weaker"": true}, ""momentum"": {""type"": ""momentum"", ""weaken_cnt"": 2, ""price_new"": true}, ""ratios"": {""volume_ratio"": 0.7658948714521561, ""atr_ratio"": 1.194839542291371, ""speed_ratio"": 1.2088945586309225, ""strength_ratio"": 0.5502774468170126}, ""macd"": {""type"": ""macd"", ""peak1"": -14.0565694695274, ""peak2"": -13.422369128830898, ""mode"": ""down""}}, ""context"": {""boundary_proximity"": NaN, ""rejection_speed"": 0.4706284398719274, ""window_span_norm"": 0.27}}"
2025-08-29 00:00:00+00:00,SIG.BEICHI.RANGE.UP,4509.91,1.6806217808449817,"{""zs_index"": 27, ""score"": 1.6806217808449817, ""evidences"": {""volume_price"": {""type"": ""volume_price"", ""price_new"": false, ""vol_weaker"": true, ""mom_weaker"": true}, ""momentum"": {""type"": ""momentum"", ""weaken_cnt"": 3, ""price_new"": false}, ""ratios"": {""volume_ratio"": 0.39384470208686173, ""atr_ratio"": 0.535810692746052, ""speed_ratio"": 0.4515840448083631, ""strength_ratio"": 43.840155966280044}, ""macd"": {""type"": ""macd"", ""peak1"": 15.402418555959345, ""peak2"": 6.229960814256238, ""mode"": ""up""}}, ""context"": {""boundary_proximity"": 1.0, ""rejection_speed"": 0.44436963474163627, ""window_span_norm"": 0.535}}"
2025-09-01 00:30:00+00:00,SIG.BEICHI.TREND.DOWN,4396.49,2.622817073170729,"{""seg_idx"": [115, 116, 117], ""score"": 2.622817073170729, ""evidences"": {""volume_price"": {""type"": ""volume_price"", ""price_new"": true, ""vol_weaker"": true, ""mom_weaker"": true}, ""momentum"": {""type"": ""momentum"", ""weaken_cnt"": 3, ""price_new"": true}, ""ratios"": {""volume_ratio"": 0.44665951997762104, ""atr_ratio"": 0.4942774669629014, ""speed_ratio"": 0.6205030048571689, ""strength_ratio"": 1.2795428589715152}, ""macd"": {""type"": ""macd"", ""peak1"": -13.422369128830898, ""peak2"": -11.41398329821984, ""mode"": ""down""}}, ""context"": {""boundary_proximity"": NaN, ""rejection_speed"": 0.18469512195121476, ""window_span_norm"": 0.28}}"
2025-09-01 17:30:00+00:00,SIG.BEICHI.TREND.DOWN,4323.16,3.164,"{""seg_idx"": [116, 117, 118], ""score"": 3.164, ""evidences"": {""volume_price"": {""type"": ""volume_price"", ""price_new"": true, ""vol_weaker"": true, ""mom_weaker"": true}, ""momentum"": {""type"": ""momentum"", ""weaken_cnt"": 3, ""price_new"": true}, ""ratios"": {""volume_ratio"": 0.6964774527671694, ""atr_ratio"": 0.9732252775621852, ""speed_ratio"": 0.9848720026046157, ""strength_ratio"": 1.192136398317382}, ""macd"": {""type"": ""macd"", ""peak1"": -13.447970450924469, ""peak2"": -8.536833199301862, ""mode"": ""down""}}, ""context"": {""boundary_proximity"": NaN, ""rejection_speed"": 1.2117056314453982, ""window_span_norm"": 0.41000000000000003}}"
2025-09-03 13:30:00+00:00,SIG.BEICHI.RANGE.DOWN,4419.29,3.842,"{""zs_index"": 27, ""score"": 3.842, ""evidences"": {""volume_price"": {""type"": ""volume_price"", ""price_new"": true, ""vol_weaker"": true, ""mom_weaker"": true}, ""momentum"": {""type"": ""momentum"", ""weaken_cnt"": 3, ""price_new"": true}, ""ratios"": {""volume_ratio"": 0.9722158294448799, ""atr_ratio"": 0.858652808306798, ""speed_ratio"": 1.2705387322974742, ""strength_ratio"": 0.11109737830107914}, ""macd"": {""type"": ""macd"", ""peak1"": -11.41398329821984, ""peak2"": -11.738919784153538, ""mode"": ""down""}}, ""context"": {""boundary_proximity"": 1.0, ""rejection_speed"": 2.290615843121538, ""window_span_norm"": 0.605}}"
2025-09-08 10:30:00+00:00,SIG.BEICHI.TREND.UP,4328.69,1.1423762376237399,"{""seg_idx"": [120, 121, 122], ""score"": 1.1423762376237399, ""evidences"": {""volume_price"": {""type"": ""volume_price"", ""price_new"": false, ""vol_weaker"": true, ""mom_weaker"": true}, ""momentum"": {""type"": ""momentum"", ""weaken_cnt"": 4, ""price_new"": false}, ""ratios"": {""volume_ratio"": 0.925274485178099, ""atr_ratio"": 0.7348836415946184, ""speed_ratio"": 0.5507701804102024, ""strength_ratio"": 0.8881438292649717}, ""macd"": {""type"": ""macd"", ""peak1"": 11.08565276661463, ""peak2"": 3.2497876995932478, ""mode"": ""up""}}, ""context"": {""boundary_proximity"": NaN, ""rejection_speed"": 0.6039603960395666, ""window_span_norm"": 0.45}}"
2025-09-08 17:00:00+00:00,SIG.BEICHI.RANGE.UP,4340.93,1.8181878257012964,"{""zs_index"": 28, ""score"": 1.8181878257012964, ""evidences"": {""volume_price"": {""type"": ""volume_price"", ""price_new"": false, ""vol_weaker"": true, ""mom_weaker"": true}, ""momentum"": {""type"": ""momentum"", ""weaken_cnt"": 4, ""price_new"": false}, ""ratios"": {""volume_ratio"": 0.5865095841182745, ""atr_ratio"": 0.9138136262848058, ""speed_ratio"": 0.7096770226059537, ""strength_ratio"": 0.07552513150302313}, ""macd"": {""type"": ""macd"", ""peak1"": 11.08565276661463, ""peak2"": 6.041816157036658, ""mode"": ""up""}}, ""context"": {""boundary_proximity"": 1.0, ""rejection_speed"": 0.9569797095021607, ""window_span_norm"": 0.11}}"
2025-09-09 02:00:00+00:00,SIG.BEICHI.TREND.DOWN,4284.82,1.0780132259228148,"{""seg_idx"": [121, 122, 123], ""score"": 1.0780132259228148, ""evidences"": {""volume_price"": {""type"": ""volume_price"", ""price_new"": false, ""vol_weaker"": true, ""mom_weaker"": true}, ""momentum"": {""type"": ""momentum"", ""weaken_cnt"": 3, ""price_new"": false}, ""ratios"": {""volume_ratio"": 0.813313679608623, ""atr_ratio"": 0.9520166555429093, ""speed_ratio"": 0.9487874465049909, ""strength_ratio"": 1.1552525356369676}, ""macd"": {""type"": ""macd"", ""peak1"": -19.04430155330142, ""peak2"": -7.629896806485867, ""mode"": ""down""}}, ""context"": {""boundary_proximity"": NaN, ""rejection_speed"": 0.2833553765380245, ""window_span_norm"": 0.77}}"
2025-09-09 02:00:00+00:00,SIG.BEICHI.RANGE.DOWN,4284.82,3.226895863052789,"{""zs_index"": 28, ""score"": 3.226895863052789, ""evidences"": {""volume_price"": {""type"": ""volume_price"", ""price_new"": true, ""vol_weaker"": false, ""mom_weaker"": true}, ""momentum"": {""type"": ""momentum"", ""weaken_cnt"": 2, ""price_new"": true}, ""ratios"": {""volume_ratio"": 1.104765343090962, ""atr_ratio"": 0.8503963060742944, ""speed_ratio"": 0.625177204423026, ""strength_ratio"": 24.603933209649966}, ""macd"": {""type"": ""macd"", ""peak1"": -1.1425275972865785, ""peak2"": -3.2751045478201952, ""mode"": ""down""}}, ""context"": {""boundary_proximity"": 1.0, ""rejection_speed"": 0.28815977175464885, ""window_span_norm"": 0.135}}"
2025-09-12 06:00:00+00:00,SIG.BEICHI.TREND.UP,4545.98,2.516,"{""seg_idx"": [122, 123, 124], ""score"": 2.516, ""evidences"": {""volume_price"": {""type"": ""volume_price"", ""price_new"": true, ""vol_weaker"": false, ""mom_weaker"": true}, ""momentum"": {""type"": ""momentum"", ""weaken_cnt"": 1, ""price_new"": true}, ""ratios"": {""volume_ratio"": 1.4501534752414897, ""atr_ratio"": 1.3513484187120373, ""speed_ratio"": 1.45282560706402, ""strength_ratio"": 0.9259232355714069}, ""macd"": {""type"": ""macd"", ""peak1"": 3.2497876995932478, ""peak2"": 8.928852438174793, ""mode"": ""up""}}, ""context"": {""boundary_proximity"": NaN, ""rejection_speed"": 1.0634854771783881, ""window_span_norm"": 0.79}}"
2025-09-15 22:00:00+00:00,SIG.BEICHI.TREND.UP,4520.19,0.9881344445209561,"{""seg_idx"": [124, 125, 126], ""score"": 0.9881344445209561, ""evidences"": {""volume_price"": {""type"": ""volume_price"", ""price_new"": false, ""vol_weaker"": true, ""mom_weaker"": true}, ""momentum"": {""type"": ""momentum"", ""weaken_cnt"": 3, ""price_new"": false}, ""ratios"": {""volume_ratio"": 0.5231980400608475, ""atr_ratio"": 1.1629192102954578, ""speed_ratio"": 0.9442663303602653, ""strength_ratio"": 0.737727908010383}, ""macd"": {""type"": ""macd"", ""peak1"": 8.928852438174793, ""peak2"": 6.890979055747849, ""mode"": ""up""}}, ""context"": {""boundary_proximity"": NaN, ""rejection_speed"": 0.15355740753492694, ""window_span_norm"": 0.74}}"
2025-09-17 14:30:00+00:00,SIG.BEICHI.TREND.DOWN,4489.93,2.730570247933868,"{""seg_idx"": [125, 126, 127], ""score"": 2.730570247933868, ""evidences"": {""volume_price"": {""type"": ""volume_price"", ""price_new"": true, ""vol_weaker"": true, ""mom_weaker"": true}, ""momentum"": {""type"": ""momentum"", ""weaken_cnt"": 4, ""price_new"": true}, ""ratios"": {""volume_ratio"": 0.3570206545666934, ""atr_ratio"": 0.5533149432821064, ""speed_ratio"": 0.6804395604395523, ""strength_ratio"": 0.7136239369150864}, ""macd"": {""type"": ""macd"", ""peak1"": -13.539599058173343, ""peak2"": -4.435627781748814, ""mode"": ""down""}}, ""context"": {""boundary_proximity"": NaN, ""rejection_speed"": 0.310950413223113, ""window_span_norm"": 0.36}}"
2025-09-19 14:30:00+00:00,SIG.BEICHI.RANGE.UP,4495.75,2.826715434241415,"{""zs_index"": 29, ""score"": 2.826715434241415, ""evidences"": {""volume_price"": {""type"": ""volume_price"", ""price_new"": true, ""vol_weaker"": false, ""mom_weaker"": true}, ""momentum"": {""type"": ""momentum"", ""weaken_cnt"": 1, ""price_new"": true}, ""ratios"": {""volume_ratio"": 1.5953012775655222, ""atr_ratio"": 1.4000436799415095, ""speed_ratio"": 1.5553037869107142, ""strength_ratio"": 0.21932084402317975}, ""macd"": {""type"": ""macd"", ""peak1"": -1.3200397453053452, ""peak2"": 12.076888288973429, ""mode"": ""up""}}, ""context"": {""boundary_proximity"": 0.7311923904023576, ""rejection_speed"": 1.831595959595959, ""window_span_norm"": 0.47}}"
2025-09-19 18:30:00+00:00,SIG.BEICHI.TREND.DOWN,4448.83,2.0818190377554022,"{""seg_idx"": [127, 128, 129], ""score"": 2.0818190377554022, ""evidences"": {""volume_price"": {""type"": ""volume_price"", ""price_new"": true, ""vol_weaker"": false, ""mom_weaker"": true}, ""momentum"": {""type"": ""momentum"", ""weaken_cnt"": 1, ""price_new"": true}, ""ratios"": {""volume_ratio"": 1.6575255129158548, ""atr_ratio"": 1.174928375887824, ""speed_ratio"": 0.9086487308101634, ""strength_ratio"": 1.3233255961428851}, ""macd"": {""type"": ""macd"", ""peak1"": -4.435627781748814, ""peak2"": -7.223540345045918, ""mode"": ""down""}}, ""context"": {""boundary_proximity"": NaN, ""rejection_speed"": 0.46969839625900334, ""window_span_norm"": 0.5}}"
2025-09-25 12:30:00+00:00,SIG.BEICHI.TREND.DOWN,3978.51,2.314535127055306,"{""seg_idx"": [129, 130, 131], ""score"": 2.314535127055306, ""evidences"": {""volume_price"": {""type"": ""volume_price"", ""price_new"": true, ""vol_weaker"": false, ""mom_weaker"": true}, ""momentum"": {""type"": ""momentum"", ""weaken_cnt"": 1, ""price_new"": true}, ""ratios"": {""volume_ratio"": 1.72869198341468, ""atr_ratio"": 1.4247330006705134, ""speed_ratio"": 1.763775901502398, ""strength_ratio"": 0.6588927867907455}, ""macd"": {""type"": ""macd"", ""peak1"": -7.223540345045918, ""peak2"": -12.71432570920851, ""mode"": ""down""}}, ""context"": {""boundary_proximity"": NaN, ""rejection_speed"": 0.6975585450921771, ""window_span_norm"": 0.74}}"
2025-09-26 11:00:00+00:00,SIG.BEICHI.TREND.DOWN,3890.68,2.683973012360336,"{""seg_idx"": [130, 131, 132], ""score"": 2.683973012360336, ""evidences"": {""volume_price"": {""type"": ""volume_price"", ""price_new"": true, ""vol_weaker"": true, ""mom_weaker"": true}, ""momentum"": {""type"": ""momentum"", ""weaken_cnt"": 4, ""price_new"": true}, ""ratios"": {""volume_ratio"": 0.6633612992138871, ""atr_ratio"": 0.9269882048222945, ""speed_ratio"": 0.7731519571817987, ""strength_ratio"": 0.6175192708199425}, ""macd"": {""type"": ""macd"", ""peak1"": -19.33307805404518, ""peak2"": -4.7685267348247296, ""mode"": ""down""}}, ""context"": {""boundary_proximity"": NaN, ""rejection_speed"": 0.16662168726722593, ""window_span_norm"": 0.45999999999999996}}"
2025-09-29 10:00:00+00:00,SIG.BEICHI.RANGE.UP,4132.99,3.3960198019801973,"{""zs_index"": 30, ""score"": 3.3960198019801973, ""evidences"": {""volume_price"": {""type"": ""volume_price"", ""price_new"": true, ""vol_weaker"": true, ""mom_weaker"": true}, ""momentum"": {""type"": ""momentum"", ""weaken_cnt"": 3, ""price_new"": true}, ""ratios"": {""volume_ratio"": 0.19545138630984307, ""atr_ratio"": 0.27806429334309696, ""speed_ratio"": 0.32058223042653056, ""strength_ratio"": 0.867166477327317}, ""macd"": {""type"": ""macd"", ""peak1"": 5.04260065269272, ""peak2"": 14.474799374760904, ""mode"": ""up""}}, ""context"": {""boundary_proximity"": 1.0, ""rejection_speed"": 0.19336633663366215, ""window_span_norm"": 0.7}}"
2025-10-05 08:00:00+00:00,SIG.BEICHI.TREND.UP,4600.22,3.3709951514569783,"{""seg_idx"": [135, 136, 137], ""score"": 3.3709951514569783, ""evidences"": {""volume_price"": {""type"": ""volume_price"", ""price_new"": true, ""vol_weaker"": false, ""mom_weaker"": true}, ""momentum"": {""type"": ""momentum"", ""weaken_cnt"": 2, ""price_new"": true}, ""ratios"": {""volume_ratio"": 1.5173476009499098, ""atr_ratio"": 0.9570176319618348, ""speed_ratio"": 1.110517597619497, ""strength_ratio"": 1.7553110304865391}, ""macd"": {""type"": ""macd"", ""peak1"": 19.091470768726403, ""peak2"": 9.598778848814757, ""mode"": ""up""}}, ""context"": {""boundary_proximity"": NaN, ""rejection_speed"": 0.9516585857616305, ""window_span_norm"": 1.0}}"
2025-10-07 05:30:00+00:00,SIG.BEICHI.TREND.UP,4711.64,2.723252526028662,"{""seg_idx"": [137, 138, 139], ""score"": 2.723252526028662, ""evidences"": {""volume_price"": {""type"": ""volume_price"", ""price_new"": true, ""vol_weaker"": true, ""mom_weaker"": true}, ""momentum"": {""type"": ""momentum"", ""weaken_cnt"": 2, ""price_new"": true}, ""ratios"": {""volume_ratio"": 0.5314610084191953, ""atr_ratio"": 1.001770638847086, ""speed_ratio"": 0.8757530333455918, ""strength_ratio"": 0.5108115644520993}, ""macd"": {""type"": ""macd"", ""peak1"": 9.598778848814757, ""peak2"": 10.495681723316014, ""mode"": ""up""}}, ""context"": {""boundary_proximity"": NaN, ""rejection_speed"": 0.10542087671443699, ""window_span_norm"": 0.65}}"
2025-10-07 15:00:00+00:00,SIG.BEICHI.RANGE.UP,4553.01,2.481545484617944,"{""zs_index"": 31, ""score"": 2.481545484617944, ""evidences"": {""volume_price"": {""type"": ""volume_price"", ""price_new"": true, ""vol_weaker"": true, ""mom_weaker"": true}, ""momentum"": {""type"": ""momentum"", ""weaken_cnt"": 1, ""price_new"": true}, ""ratios"": {""volume_ratio"": 0.6382242706428269, ""atr_ratio"": 0.7185126098876813, ""speed_ratio"": 1.3779582436895843, ""strength_ratio"": 3.069402295815336}, ""macd"": {""type"": ""macd"", ""peak1"": 9.598778848814757, ""peak2"": 10.495681723316014, ""mode"": ""up""}}, ""context"": {""boundary_proximity"": 0.22924247436323952, ""rejection_speed"": 2.0028497409326307, ""window_span_norm"": 0.36}}"
