ts,etype,price,score,payload
2025-04-17 00:00:00+00:00,SIG.BEICHI.TREND.DOWN,1584.91,0.9339610194902519,"{""seg_idx"": [1, 2, 3], ""score"": 0.9339610194902519, ""evidences"": {""volume_price"": {""type"": ""volume_price"", ""price_new"": false, ""vol_weaker"": true, ""mom_weaker"": true}, ""momentum"": {""type"": ""momentum"", ""weaken_cnt"": 3, ""price_new"": false}, ""ratios"": {""volume_ratio"": 0.6859660029595837, ""atr_ratio"": 0.9269936296118296, ""speed_ratio"": 0.5271725958297665, ""strength_ratio"": 1.3106475902264965}, ""macd"": {""type"": ""macd"", ""peak1"": -34.05788874208158, ""peak2"": -8.045552865216603, ""mode"": ""down""}}, ""context"": {""boundary_proximity"": NaN, ""rejection_speed"": 0.10326836581708652, ""window_span_norm"": 0.68}}"
2025-04-29 08:00:00+00:00,SIG.BEICHI.TREND.UP,1829.77,2.3866954039521158,"{""seg_idx"": [2, 3, 4], ""score"": 2.3866954039521158, ""evidences"": {""volume_price"": {""type"": ""volume_price"", ""price_new"": true, ""vol_weaker"": false, ""mom_weaker"": true}, ""momentum"": {""type"": ""momentum"", ""weaken_cnt"": 1, ""price_new"": true}, ""ratios"": {""volume_ratio"": 1.0369480808861133, ""atr_ratio"": 1.038835626774977, ""speed_ratio"": 1.0310713739874713, ""strength_ratio"": 0.756301482987394}, ""macd"": {""type"": ""macd"", ""peak1"": 15.772246701613955, ""peak2"": 21.232280621375423, ""mode"": ""up""}}, ""context"": {""boundary_proximity"": NaN, ""rejection_speed"": 0.8578256732535268, ""window_span_norm"": 0.68}}"
2025-05-29 08:00:00+00:00,SIG.BEICHI.TREND.UP,2715.83,3.1251171251438548,"{""seg_idx"": [5, 6, 7], ""score"": 3.1251171251438548, ""evidences"": {""volume_price"": {""type"": ""volume_price"", ""price_new"": true, ""vol_weaker"": true, ""mom_weaker"": true}, ""momentum"": {""type"": ""momentum"", ""weaken_cnt"": 4, ""price_new"": true}, ""ratios"": {""volume_ratio"": 0.698622615769982, ""atr_ratio"": 0.8025109540377693, ""speed_ratio"": 0.7387422815866216, ""strength_ratio"": 0.7791023987180619}, ""macd"": {""type"": ""macd"", ""peak1"": 54.33359349816432, ""peak2"": 15.846365947717352, ""mode"": ""up""}}, ""context"": {""boundary_proximity"": NaN, ""rejection_speed"": 0.8085285419064252, ""window_span_norm"": 0.6}}"
2025-07-14 08:00:00+00:00,SIG.BEICHI.TREND.UP,3051.72,2.0934937439845958,"{""seg_idx"": [8, 9, 10], ""score"": 2.0934937439845958, ""evidences"": {""volume_price"": {""type"": ""volume_price"", ""price_new"": true, ""vol_weaker"": false, ""mom_weaker"": true}, ""momentum"": {""type"": ""momentum"", ""weaken_cnt"": 1, ""price_new"": true}, ""ratios"": {""volume_ratio"": 1.011426705457694, ""atr_ratio"": 1.1459835579945439, ""speed_ratio"": 0.959774640222588, ""strength_ratio"": 1.2938486289877085}, ""macd"": {""type"": ""macd"", ""peak1"": 29.431749727273697, ""peak2"": 27.463011350052113, ""mode"": ""up""}}, ""context"": {""boundary_proximity"": NaN, ""rejection_speed"": 0.32248957330765954, ""window_span_norm"": 0.75}}"
2025-08-15 12:00:00+00:00,SIG.BEICHI.TREND.UP,4430.86,3.388,"{""seg_idx"": [11, 12, 13], ""score"": 3.388, ""evidences"": {""volume_price"": {""type"": ""volume_price"", ""price_new"": true, ""vol_weaker"": true, ""mom_weaker"": true}, ""momentum"": {""type"": ""momentum"", ""weaken_cnt"": 2, ""price_new"": true}, ""ratios"": {""volume_ratio"": 0.8318537136416801, ""atr_ratio"": 1.0680322490314058, ""speed_ratio"": 1.3052409666718152, ""strength_ratio"": 0.4826162868643517}, ""macd"": {""type"": ""macd"", ""peak1"": 31.41981506164096, ""peak2"": 31.77066040784159, ""mode"": ""up""}}, ""context"": {""boundary_proximity"": NaN, ""rejection_speed"": 1.733025786609892, ""window_span_norm"": 0.97}}"
2025-09-25 20:00:00+00:00,SIG.BEICHI.TREND.DOWN,3874.36,3.352,"{""seg_idx"": [14, 15, 16], ""score"": 3.352, ""evidences"": {""volume_price"": {""type"": ""volume_price"", ""price_new"": true, ""vol_weaker"": true, ""mom_weaker"": true}, ""momentum"": {""type"": ""momentum"", ""weaken_cnt"": 3, ""price_new"": true}, ""ratios"": {""volume_ratio"": 0.5241970162958337, ""atr_ratio"": 0.5927159571759245, ""speed_ratio"": 0.42293866023906923, ""strength_ratio"": 0.9358390433044195}, ""macd"": {""type"": ""macd"", ""peak1"": -27.201926290981433, ""peak2"": -36.28694347713198, ""mode"": ""down""}}, ""context"": {""boundary_proximity"": NaN, ""rejection_speed"": 1.5630061408143299, ""window_span_norm"": 0.88}}"
