ts,etype,price,score,payload
2025-07-02 12:00:00+00:00,SIG.BEICHI.RANGE.DOWN,2498.81,3.766,"{""zs_index"": 1, ""score"": 3.766, ""evidences"": {""volume_price"": {""type"": ""volume_price"", ""price_new"": true, ""vol_weaker"": true, ""mom_weaker"": true}, ""momentum"": {""type"": ""momentum"", ""weaken_cnt"": 3, ""price_new"": true}, ""ratios"": {""volume_ratio"": 0.7867424925410588, ""atr_ratio"": 0.6877998132311028, ""speed_ratio"": 1.2930962132402288, ""strength_ratio"": 0.005948569291287571}, ""macd"": {""type"": ""macd"", ""peak1"": -21.675011734150537, ""peak2"": -24.19069403997141, ""mode"": ""down""}}, ""context"": {""boundary_proximity"": 1.0, ""rejection_speed"": 1.2581484952618907, ""window_span_norm"": 0.415}}"
2025-07-14 08:00:00+00:00,SIG.BEICHI.RANGE.UP,3051.72,3.2874937439845957,"{""zs_index"": 1, ""score"": 3.2874937439845957, ""evidences"": {""volume_price"": {""type"": ""volume_price"", ""price_new"": true, ""vol_weaker"": true, ""mom_weaker"": true}, ""momentum"": {""type"": ""momentum"", ""weaken_cnt"": 2, ""price_new"": true}, ""ratios"": {""volume_ratio"": 0.7812923482217553, ""atr_ratio"": 0.8488020853863788, ""speed_ratio"": 0.7068793041994128, ""strength_ratio"": 16.56065445544151}, ""macd"": {""type"": ""macd"", ""peak1"": 29.431749727273697, ""peak2"": 27.463011350052113, ""mode"": ""up""}}, ""context"": {""boundary_proximity"": 1.0, ""rejection_speed"": 0.32248957330765954, ""window_span_norm"": 0.235}}"
2025-08-07 00:00:00+00:00,SIG.BEICHI.RANGE.DOWN,3656.78,1.494747463915756,"{""zs_index"": 2, ""score"": 1.494747463915756, ""evidences"": {""volume_price"": {""type"": ""volume_price"", ""price_new"": false, ""vol_weaker"": true, ""mom_weaker"": true}, ""momentum"": {""type"": ""momentum"", ""weaken_cnt"": 3, ""price_new"": false}, ""ratios"": {""volume_ratio"": 0.8490664638764932, ""atr_ratio"": 0.9810077106542855, ""speed_ratio"": 1.159713945172826, ""strength_ratio"": 0.3845984823515659}, ""macd"": {""type"": ""macd"", ""peak1"": -33.824057974493456, ""peak2"": 7.507816208926115, ""mode"": ""down""}}, ""context"": {""boundary_proximity"": 1.0, ""rejection_speed"": 0.3745791065262603, ""window_span_norm"": 0.175}}"
2025-10-01 04:00:00+00:00,SIG.BEICHI.RANGE.DOWN,4145.8,3.1285086006508656,"{""zs_index"": 3, ""score"": 3.1285086006508656, ""evidences"": {""volume_price"": {""type"": ""volume_price"", ""price_new"": true, ""vol_weaker"": true, ""mom_weaker"": true}, ""momentum"": {""type"": ""momentum"", ""weaken_cnt"": 2, ""price_new"": true}, ""ratios"": {""volume_ratio"": 0.5260182126361593, ""atr_ratio"": 0.6116750869342134, ""speed_ratio"": 0.5735520503149386, ""strength_ratio"": 2.430752622585498}, ""macd"": {""type"": ""macd"", ""peak1"": -26.47875507959826, ""peak2"": -36.28694347713198, ""mode"": ""down""}}, ""context"": {""boundary_proximity"": 1.0, ""rejection_speed"": 0.010847667751442544, ""window_span_norm"": 0.305}}"
2025-10-10 08:00:00+00:00,SIG.BEICHI.RANGE.UP,4343.02,1.633084810733107,"{""zs_index"": 3, ""score"": 1.633084810733107, ""evidences"": {""volume_price"": {""type"": ""volume_price"", ""price_new"": false, ""vol_weaker"": true, ""mom_weaker"": true}, ""momentum"": {""type"": ""momentum"", ""weaken_cnt"": 1, ""price_new"": false}, ""ratios"": {""volume_ratio"": 0.9667140456546863, ""atr_ratio"": 1.0182253959857523, ""speed_ratio"": 0.9084966168420665, ""strength_ratio"": 6.307686944793066}, ""macd"": {""type"": ""macd"", ""peak1"": 70.92887013013421, ""peak2"": 23.858404185327387, ""mode"": ""up""}}, ""context"": {""boundary_proximity"": 1.0, ""rejection_speed"": 0.055141351221845054, ""window_span_norm"": 1.0}}"
