ts,etype,price,score,payload
2025-03-31 11:40:00+00:00,SIG.BEICHI.RANGE.DOWN,1807.21,2.897289782244562,"{""zs_index"": 0, ""score"": 2.897289782244562, ""evidences"": {""volume_price"": {""type"": ""volume_price"", ""price_new"": true, ""vol_weaker"": false, ""mom_weaker"": true}, ""momentum"": {""type"": ""momentum"", ""weaken_cnt"": 1, ""price_new"": true}, ""ratios"": {""volume_ratio"": 1.2600236659930357, ""atr_ratio"": 0.9740681502169672, ""speed_ratio"": 1.0084237298965055, ""strength_ratio"": 1.8545079956829813}, ""macd"": {""type"": ""macd"", ""peak1"": -1.8608689793897135, ""peak2"": -1.1928177195897351, ""mode"": ""down""}}, ""context"": {""boundary_proximity"": 1.0, ""rejection_speed"": 0.8188163037409364, ""window_span_norm"": 0.515}}"
2025-03-31 15:05:00+00:00,SIG.BEICHI.RANGE.UP,1844.53,3.3482824251726804,"{""zs_index"": 0, ""score"": 3.3482824251726804, ""evidences"": {""volume_price"": {""type"": ""volume_price"", ""price_new"": true, ""vol_weaker"": false, ""mom_weaker"": true}, ""momentum"": {""type"": ""momentum"", ""weaken_cnt"": 2, ""price_new"": true}, ""ratios"": {""volume_ratio"": 1.0376830593708, ""atr_ratio"": 0.7278296584321534, ""speed_ratio"": 2.403277821834532, ""strength_ratio"": 0.41390955377579497}, ""macd"": {""type"": ""macd"", ""peak1"": 1.772333241967175, ""peak2"": 2.054672586878416, ""mode"": ""up""}}, ""context"": {""boundary_proximity"": 1.0, ""rejection_speed"": 0.5071373752878006, ""window_span_norm"": 0.11}}"
2025-04-02 20:30:00+00:00,SIG.BEICHI.RANGE.UP,1892.79,2.922,"{""zs_index"": 1, ""score"": 2.922, ""evidences"": {""volume_price"": {""type"": ""volume_price"", ""price_new"": true, ""vol_weaker"": true, ""mom_weaker"": true}, ""momentum"": {""type"": ""momentum"", ""weaken_cnt"": 1, ""price_new"": true}, ""ratios"": {""volume_ratio"": 0.6829911770541872, ""atr_ratio"": 0.7377394602547149, ""speed_ratio"": 1.2876542381974359, ""strength_ratio"": 1.2943433238723614}, ""macd"": {""type"": ""macd"", ""peak1"": 4.091376473680326, ""peak2"": 3.376925609899618, ""mode"": ""up""}}, ""context"": {""boundary_proximity"": 1.0, ""rejection_speed"": 1.5948433129282138, ""window_span_norm"": 0.305}}"
2025-04-05 10:10:00+00:00,SIG.BEICHI.RANGE.UP,1820.22,1.4724221988163937,"{""zs_index"": 2, ""score"": 1.4724221988163937, ""evidences"": {""volume_price"": {""type"": ""volume_price"", ""price_new"": false, ""vol_weaker"": true, ""mom_weaker"": true}, ""momentum"": {""type"": ""momentum"", ""weaken_cnt"": 2, ""price_new"": false}, ""ratios"": {""volume_ratio"": 0.6488404493248734, ""atr_ratio"": 0.6699954632283398, ""speed_ratio"": 0.9527581329561589, ""strength_ratio"": 6.862398497487461}, ""macd"": {""type"": ""macd"", ""peak1"": 0.8754820546744013, ""peak2"": 0.5213228731315844, ""mode"": ""up""}}, ""context"": {""boundary_proximity"": 0.7835888187556432, ""rejection_speed"": 0.5871148459383464, ""window_span_norm"": 0.125}}"
2025-04-09 12:40:00+00:00,SIG.BEICHI.RANGE.DOWN,1455.67,1.9619999999999997,"{""zs_index"": 4, ""score"": 1.9619999999999997, ""evidences"": {""volume_price"": {""type"": ""volume_price"", ""price_new"": false, ""vol_weaker"": false, ""mom_weaker"": true}, ""momentum"": {""type"": ""momentum"", ""weaken_cnt"": 3, ""price_new"": false}, ""ratios"": {""volume_ratio"": 1.0997428543956296, ""atr_ratio"": 1.2000668944828579, ""speed_ratio"": 0.8851147332319739, ""strength_ratio"": 0.7936800643190685}, ""macd"": {""type"": ""macd"", ""peak1"": -8.179003940886904, ""peak2"": -3.115379166462276, ""mode"": ""down""}}, ""context"": {""boundary_proximity"": 1.0, ""rejection_speed"": 1.083021169091398, ""window_span_norm"": 0.405}}"
2025-04-16 17:40:00+00:00,SIG.BEICHI.RANGE.UP,1584.0,3.742,"{""zs_index"": 6, ""score"": 3.742, ""evidences"": {""volume_price"": {""type"": ""volume_price"", ""price_new"": true, ""vol_weaker"": false, ""mom_weaker"": true}, ""momentum"": {""type"": ""momentum"", ""weaken_cnt"": 2, ""price_new"": true}, ""ratios"": {""volume_ratio"": 3.070475455365004, ""atr_ratio"": 2.0736235425348375, ""speed_ratio"": 2.778637469586342, ""strength_ratio"": 0.16633602082276114}, ""macd"": {""type"": ""macd"", ""peak1"": 0.7053118330143908, ""peak2"": 2.364095740976644, ""mode"": ""up""}}, ""context"": {""boundary_proximity"": 1.0, ""rejection_speed"": 1.1826563668078864, ""window_span_norm"": 0.355}}"
2025-04-20 23:45:00+00:00,SIG.BEICHI.RANGE.DOWN,1585.27,1.3836847111150028,"{""zs_index"": 7, ""score"": 1.3836847111150028, ""evidences"": {""volume_price"": {""type"": ""volume_price"", ""price_new"": false, ""vol_weaker"": true, ""mom_weaker"": true}, ""momentum"": {""type"": ""momentum"", ""weaken_cnt"": 3, ""price_new"": false}, ""ratios"": {""volume_ratio"": 0.6462219896110591, ""atr_ratio"": 0.5668898289312814, ""speed_ratio"": 0.3914847161572601, ""strength_ratio"": 2.4266592303398555}, ""macd"": {""type"": ""macd"", ""peak1"": -1.4345944383113391, ""peak2"": 0.3603531853081761, ""mode"": ""down""}}, ""context"": {""boundary_proximity"": 0.24614118519167139, ""rejection_speed"": 1.0270742358078753, ""window_span_norm"": 0.09}}"
2025-04-21 02:10:00+00:00,SIG.BEICHI.RANGE.UP,1632.3,2.720242774566468,"{""zs_index"": 7, ""score"": 2.720242774566468, ""evidences"": {""volume_price"": {""type"": ""volume_price"", ""price_new"": true, ""vol_weaker"": false, ""mom_weaker"": true}, ""momentum"": {""type"": ""momentum"", ""weaken_cnt"": 1, ""price_new"": true}, ""ratios"": {""volume_ratio"": 4.5789647643926354, ""atr_ratio"": 2.8216862445243422, ""speed_ratio"": 3.7787871905519412, ""strength_ratio"": 0.46283132594530657}, ""macd"": {""type"": ""macd"", ""peak1"": -0.46373198758746215, ""peak2"": 3.1468951186513623, ""mode"": ""up""}}, ""context"": {""boundary_proximity"": 1.0, ""rejection_speed"": 0.770404624277447, ""window_span_norm"": 0.145}}"
2025-04-22 07:55:00+00:00,SIG.BEICHI.RANGE.DOWN,1619.21,3.2928324222289826,"{""zs_index"": 8, ""score"": 3.2928324222289826, ""evidences"": {""volume_price"": {""type"": ""volume_price"", ""price_new"": true, ""vol_weaker"": true, ""mom_weaker"": true}, ""momentum"": {""type"": ""momentum"", ""weaken_cnt"": 4, ""price_new"": true}, ""ratios"": {""volume_ratio"": 0.9976794449614034, ""atr_ratio"": 0.8680232387413533, ""speed_ratio"": 0.6558374112582869, ""strength_ratio"": 0.0023437839123230373}, ""macd"": {""type"": ""macd"", ""peak1"": -0.2239508159444057, ""peak2"": -4.234700939607817, ""mode"": ""down""}}, ""context"": {""boundary_proximity"": 0.5827798519481644, ""rejection_speed"": 0.23860751843347336, ""window_span_norm"": 1.0}}"
2025-04-23 23:30:00+00:00,SIG.BEICHI.RANGE.UP,1799.88,1.050566128626688,"{""zs_index"": 9, ""score"": 1.050566128626688, ""evidences"": {""volume_price"": {""type"": ""volume_price"", ""price_new"": false, ""vol_weaker"": true, ""mom_weaker"": true}, ""momentum"": {""type"": ""momentum"", ""weaken_cnt"": 4, ""price_new"": false}, ""ratios"": {""volume_ratio"": 0.45619428173665527, ""atr_ratio"": 0.6185316717998256, ""speed_ratio"": 0.6848350764279878, ""strength_ratio"": 0.11398603980359179}, ""macd"": {""type"": ""macd"", ""peak1"": 1.2025771930988172, ""peak2"": 1.1209305872929562, ""mode"": ""up""}}, ""context"": {""boundary_proximity"": 0.17941733048274056, ""rejection_speed"": 0.5081928838950729, ""window_span_norm"": 0.095}}"
2025-05-01 01:45:00+00:00,SIG.BEICHI.RANGE.DOWN,1801.14,1.7986412213740448,"{""zs_index"": 11, ""score"": 1.7986412213740448, ""evidences"": {""volume_price"": {""type"": ""volume_price"", ""price_new"": false, ""vol_weaker"": true, ""mom_weaker"": true}, ""momentum"": {""type"": ""momentum"", ""weaken_cnt"": 2, ""price_new"": false}, ""ratios"": {""volume_ratio"": 0.30015008097129625, ""atr_ratio"": 0.4690418118895567, ""speed_ratio"": 0.4661328401434312, ""strength_ratio"": 59.787005910377964}, ""macd"": {""type"": ""macd"", ""peak1"": -4.591749414710607, ""peak2"": -1.1407937649755175, ""mode"": ""down""}}, ""context"": {""boundary_proximity"": 1.0, ""rejection_speed"": 0.46106870229007446, ""window_span_norm"": 0.805}}"
2025-05-01 11:00:00+00:00,SIG.BEICHI.RANGE.UP,1850.79,2.946,"{""zs_index"": 11, ""score"": 2.946, ""evidences"": {""volume_price"": {""type"": ""volume_price"", ""price_new"": true, ""vol_weaker"": false, ""mom_weaker"": true}, ""momentum"": {""type"": ""momentum"", ""weaken_cnt"": 1, ""price_new"": true}, ""ratios"": {""volume_ratio"": 3.08281478730448, ""atr_ratio"": 0.9633695007251316, ""speed_ratio"": 1.487710497721634, ""strength_ratio"": 43.412307929175874}, ""macd"": {""type"": ""macd"", ""peak1"": 0.7139610291462244, ""peak2"": 2.020851135919628, ""mode"": ""up""}}, ""context"": {""boundary_proximity"": 1.0, ""rejection_speed"": 1.2150527041670642, ""window_span_norm"": 0.365}}"
2025-05-06 22:10:00+00:00,SIG.BEICHI.RANGE.DOWN,1789.47,3.387695379451845,"{""zs_index"": 13, ""score"": 3.387695379451845, ""evidences"": {""volume_price"": {""type"": ""volume_price"", ""price_new"": true, ""vol_weaker"": true, ""mom_weaker"": true}, ""momentum"": {""type"": ""momentum"", ""weaken_cnt"": 3, ""price_new"": true}, ""ratios"": {""volume_ratio"": 0.36031961172258337, ""atr_ratio"": 0.4347558864534432, ""speed_ratio"": 0.9759828667584425, ""strength_ratio"": 0.07718508271386701}, ""macd"": {""type"": ""macd"", ""peak1"": -2.374673681174911, ""peak2"": -2.2958303382879888, ""mode"": ""down""}}, ""context"": {""boundary_proximity"": 0.9024504448259336, ""rejection_speed"": 0.25037518759380867, ""window_span_norm"": 0.74}}"
2025-05-08 12:20:00+00:00,SIG.BEICHI.RANGE.UP,1969.31,3.988,"{""zs_index"": 13, ""score"": 3.988, ""evidences"": {""volume_price"": {""type"": ""volume_price"", ""price_new"": true, ""vol_weaker"": false, ""mom_weaker"": true}, ""momentum"": {""type"": ""momentum"", ""weaken_cnt"": 2, ""price_new"": true}, ""ratios"": {""volume_ratio"": 2.173568997813473, ""atr_ratio"": 0.584722598762218, ""speed_ratio"": 1.1989554282237254, ""strength_ratio"": 0.7268764692461419}, ""macd"": {""type"": ""macd"", ""peak1"": 0.4623544511644133, ""peak2"": 4.126085461606124, ""mode"": ""up""}}, ""context"": {""boundary_proximity"": 1.0, ""rejection_speed"": 1.5883103624297905, ""window_span_norm"": 0.97}}"
2025-05-10 17:40:00+00:00,SIG.BEICHI.RANGE.UP,2495.23,3.311591745903294,"{""zs_index"": 14, ""score"": 3.311591745903294, ""evidences"": {""volume_price"": {""type"": ""volume_price"", ""price_new"": true, ""vol_weaker"": true, ""mom_weaker"": true}, ""momentum"": {""type"": ""momentum"", ""weaken_cnt"": 2, ""price_new"": true}, ""ratios"": {""volume_ratio"": 0.7100200608539841, ""atr_ratio"": 0.5632854456574843, ""speed_ratio"": 1.2895334272741414, ""strength_ratio"": 0.5210792134732667}, ""macd"": {""type"": ""macd"", ""peak1"": 3.013533362992332, ""peak2"": 3.653344211805919, ""mode"": ""up""}}, ""context"": {""boundary_proximity"": 1.0, ""rejection_speed"": 0.3759862431721574, ""window_span_norm"": 0.215}}"
2025-05-11 18:30:00+00:00,SIG.BEICHI.RANGE.DOWN,2479.63,3.666089982003569,"{""zs_index"": 15, ""score"": 3.666089982003569, ""evidences"": {""volume_price"": {""type"": ""volume_price"", ""price_new"": true, ""vol_weaker"": true, ""mom_weaker"": true}, ""momentum"": {""type"": ""momentum"", ""weaken_cnt"": 2, ""price_new"": true}, ""ratios"": {""volume_ratio"": 0.8508024857204242, ""atr_ratio"": 0.8483134811137881, ""speed_ratio"": 0.9284190787417608, ""strength_ratio"": 4.010147613344523}, ""macd"": {""type"": ""macd"", ""peak1"": -5.084696399662935, ""peak2"": -3.706569250231164, ""mode"": ""down""}}, ""context"": {""boundary_proximity"": 1.0, ""rejection_speed"": 0.916816636672615, ""window_span_norm"": 0.29}}"
2025-05-12 05:15:00+00:00,SIG.BEICHI.RANGE.UP,2510.97,1.3143875882542773,"{""zs_index"": 15, ""score"": 1.3143875882542773, ""evidences"": {""volume_price"": {""type"": ""volume_price"", ""price_new"": false, ""vol_weaker"": true, ""mom_weaker"": true}, ""momentum"": {""type"": ""momentum"", ""weaken_cnt"": 4, ""price_new"": false}, ""ratios"": {""volume_ratio"": 0.5719509645951846, ""atr_ratio"": 0.8619202975647217, ""speed_ratio"": 0.7492404909466447, ""strength_ratio"": 0.09956279982875463}, ""macd"": {""type"": ""macd"", ""peak1"": 2.9114186605422168, ""peak2"": 1.2398540198674488, ""mode"": ""up""}}, ""context"": {""boundary_proximity"": 0.7102561335778627, ""rejection_speed"": 0.28038984684593277, ""window_span_norm"": 0.3}}"
2025-05-16 14:00:00+00:00,SIG.BEICHI.RANGE.UP,2597.23,2.9856825637242412,"{""zs_index"": 18, ""score"": 2.9856825637242412, ""evidences"": {""volume_price"": {""type"": ""volume_price"", ""price_new"": true, ""vol_weaker"": true, ""mom_weaker"": true}, ""momentum"": {""type"": ""momentum"", ""weaken_cnt"": 2, ""price_new"": true}, ""ratios"": {""volume_ratio"": 0.795951452740739, ""atr_ratio"": 0.8465044080358893, ""speed_ratio"": 0.8090045449324772, ""strength_ratio"": 1.1581936416850356}, ""macd"": {""type"": ""macd"", ""peak1"": 0.7637821893713692, ""peak2"": 4.099541229763481, ""mode"": ""up""}}, ""context"": {""boundary_proximity"": 0.3506480957175383, ""rejection_speed"": 0.38548951048953034, ""window_span_norm"": 0.36}}"
2025-05-17 01:50:00+00:00,SIG.BEICHI.RANGE.DOWN,2477.01,2.926,"{""zs_index"": 18, ""score"": 2.926, ""evidences"": {""volume_price"": {""type"": ""volume_price"", ""price_new"": true, ""vol_weaker"": false, ""mom_weaker"": true}, ""momentum"": {""type"": ""momentum"", ""weaken_cnt"": 1, ""price_new"": true}, ""ratios"": {""volume_ratio"": 2.1344885899262835, ""atr_ratio"": 0.9699952190195288, ""speed_ratio"": 1.3551822958127309, ""strength_ratio"": 1.1061293230505937}, ""macd"": {""type"": ""macd"", ""peak1"": -2.338393050027128, ""peak2"": -4.156822397917336, ""mode"": ""down""}}, ""context"": {""boundary_proximity"": 1.0, ""rejection_speed"": 1.0536422698786603, ""window_span_norm"": 0.315}}"
2025-05-19 02:15:00+00:00,SIG.BEICHI.RANGE.DOWN,2401.09,1.952,"{""zs_index"": 19, ""score"": 1.952, ""evidences"": {""volume_price"": {""type"": ""volume_price"", ""price_new"": false, ""vol_weaker"": true, ""mom_weaker"": true}, ""momentum"": {""type"": ""momentum"", ""weaken_cnt"": 2, ""price_new"": false}, ""ratios"": {""volume_ratio"": 0.5941996165314003, ""atr_ratio"": 0.9072371593979355, ""speed_ratio"": 0.9668908166931852, ""strength_ratio"": 5.858225583562718}, ""macd"": {""type"": ""macd"", ""peak1"": -6.204312871067181, ""peak2"": -5.966379751750724, ""mode"": ""down""}}, ""context"": {""boundary_proximity"": 1.0, ""rejection_speed"": 1.5629546726356938, ""window_span_norm"": 0.38}}"
2025-05-19 07:10:00+00:00,SIG.BEICHI.RANGE.DOWN,2393.12,3.605205097670031,"{""zs_index"": 20, ""score"": 3.605205097670031, ""evidences"": {""volume_price"": {""type"": ""volume_price"", ""price_new"": true, ""vol_weaker"": false, ""mom_weaker"": true}, ""momentum"": {""type"": ""momentum"", ""weaken_cnt"": 2, ""price_new"": true}, ""ratios"": {""volume_ratio"": 1.261743570827006, ""atr_ratio"": 1.2166482316555964, ""speed_ratio"": 1.9833265884257625, ""strength_ratio"": 0.030646070472639574}, ""macd"": {""type"": ""macd"", ""peak1"": -0.3839522673996303, ""peak2"": -2.24054728119588, ""mode"": ""down""}}, ""context"": {""boundary_proximity"": 0.8586751627833852, ""rejection_speed"": 2.413875462041497, ""window_span_norm"": 0.225}}"
2025-05-19 17:05:00+00:00,SIG.BEICHI.RANGE.UP,2541.41,3.7760000000000002,"{""zs_index"": 20, ""score"": 3.7760000000000002, ""evidences"": {""volume_price"": {""type"": ""volume_price"", ""price_new"": true, ""vol_weaker"": true, ""mom_weaker"": true}, ""momentum"": {""type"": ""momentum"", ""weaken_cnt"": 2, ""price_new"": true}, ""ratios"": {""volume_ratio"": 0.9548572895445628, ""atr_ratio"": 0.836452982650493, ""speed_ratio"": 0.8468716671144398, ""strength_ratio"": 26.140278165196634}, ""macd"": {""type"": ""macd"", ""peak1"": 5.947256414872848, ""peak2"": 6.307530272753219, ""mode"": ""up""}}, ""context"": {""boundary_proximity"": 1.0, ""rejection_speed"": 2.5956034840315265, ""window_span_norm"": 0.44}}"
2025-05-20 12:15:00+00:00,SIG.BEICHI.RANGE.UP,2508.32,1.6716443287564307,"{""zs_index"": 22, ""score"": 1.6716443287564307, ""evidences"": {""volume_price"": {""type"": ""volume_price"", ""price_new"": false, ""vol_weaker"": true, ""mom_weaker"": true}, ""momentum"": {""type"": ""momentum"", ""weaken_cnt"": 3, ""price_new"": false}, ""ratios"": {""volume_ratio"": 0.8376401886036037, ""atr_ratio"": 1.1377740471669249, ""speed_ratio"": 0.9148793895635, ""strength_ratio"": 0.007742887771476261}, ""macd"": {""type"": ""macd"", ""peak1"": 1.9327347927750842, ""peak2"": 1.5128783581392078, ""mode"": ""up""}}, ""context"": {""boundary_proximity"": 0.935655111397147, ""rejection_speed"": 0.5737521031969045, ""window_span_norm"": 0.415}}"
2025-05-20 13:45:00+00:00,SIG.BEICHI.RANGE.DOWN,2468.51,2.902,"{""zs_index"": 21, ""score"": 2.902, ""evidences"": {""volume_price"": {""type"": ""volume_price"", ""price_new"": true, ""vol_weaker"": false, ""mom_weaker"": true}, ""momentum"": {""type"": ""momentum"", ""weaken_cnt"": 1, ""price_new"": true}, ""ratios"": {""volume_ratio"": 1.1143325125446524, ""atr_ratio"": 0.8994691535427163, ""speed_ratio"": 1.1211282996960696, ""strength_ratio"": 1.3427975822341631}, ""macd"": {""type"": ""macd"", ""peak1"": -2.8822147802000178, ""peak2"": -1.9265722144091377, ""mode"": ""down""}}, ""context"": {""boundary_proximity"": 1.0, ""rejection_speed"": 1.3482236788864033, ""window_span_norm"": 0.255}}"
2025-05-21 17:10:00+00:00,SIG.BEICHI.RANGE.UP,2567.16,3.638933111064806,"{""zs_index"": 23, ""score"": 3.638933111064806, ""evidences"": {""volume_price"": {""type"": ""volume_price"", ""price_new"": true, ""vol_weaker"": true, ""mom_weaker"": true}, ""momentum"": {""type"": ""momentum"", ""weaken_cnt"": 4, ""price_new"": true}, ""ratios"": {""volume_ratio"": 0.8096762360779046, ""atr_ratio"": 0.8058058788404292, ""speed_ratio"": 0.9674290304490759, ""strength_ratio"": 0.2790054283900075}, ""macd"": {""type"": ""macd"", ""peak1"": 2.959749176466743, ""peak2"": 4.180402442545191, ""mode"": ""up""}}, ""context"": {""boundary_proximity"": 1.0, ""rejection_speed"": 0.9648885184413432, ""window_span_norm"": 0.15}}"
2025-05-21 23:15:00+00:00,SIG.BEICHI.RANGE.DOWN,2547.99,2.386815680214032,"{""zs_index"": 23, ""score"": 2.386815680214032, ""evidences"": {""volume_price"": {""type"": ""volume_price"", ""price_new"": true, ""vol_weaker"": false, ""mom_weaker"": true}, ""momentum"": {""type"": ""momentum"", ""weaken_cnt"": 1, ""price_new"": true}, ""ratios"": {""volume_ratio"": 2.8425674934039646, ""atr_ratio"": 2.67983947033232, ""speed_ratio"": 2.6798554652213116, ""strength_ratio"": 0.21767343086358315}, ""macd"": {""type"": ""macd"", ""peak1"": -1.588640985829127, ""peak2"": -12.499943132586697, ""mode"": ""down""}}, ""context"": {""boundary_proximity"": 0.02135946702338698, ""rejection_speed"": 2.2239964184450045, ""window_span_norm"": 0.435}}"
2025-05-22 00:15:00+00:00,SIG.BEICHI.RANGE.DOWN,2558.5,1.4257421344848835,"{""zs_index"": 24, ""score"": 1.4257421344848835, ""evidences"": {""volume_price"": {""type"": ""volume_price"", ""price_new"": false, ""vol_weaker"": false, ""mom_weaker"": true}, ""momentum"": {""type"": ""momentum"", ""weaken_cnt"": 2, ""price_new"": false}, ""ratios"": {""volume_ratio"": 1.0028722397536378, ""atr_ratio"": 1.4310309659136278, ""speed_ratio"": 0.4375109553023631, ""strength_ratio"": 4.757898351648157}, ""macd"": {""type"": ""macd"", ""peak1"": -12.499943132586697, ""peak2"": -0.6613199338599767, ""mode"": ""down""}}, ""context"": {""boundary_proximity"": 1.0, ""rejection_speed"": 0.09623689080813953, ""window_span_norm"": 0.42}}"
2025-05-23 11:35:00+00:00,SIG.BEICHI.RANGE.UP,2650.61,3.3906543385490697,"{""zs_index"": 25, ""score"": 3.3906543385490697, ""evidences"": {""volume_price"": {""type"": ""volume_price"", ""price_new"": true, ""vol_weaker"": false, ""mom_weaker"": true}, ""momentum"": {""type"": ""momentum"", ""weaken_cnt"": 2, ""price_new"": true}, ""ratios"": {""volume_ratio"": 2.4105438605597627, ""atr_ratio"": 1.5227305977479977, ""speed_ratio"": 1.636285104998714, ""strength_ratio"": 0.005051940344985093}, ""macd"": {""type"": ""macd"", ""peak1"": 2.0813937007131513, ""peak2"": 4.8441721445243395, ""mode"": ""up""}}, ""context"": {""boundary_proximity"": 1.0, ""rejection_speed"": 0.1344238975817827, ""window_span_norm"": 0.775}}"
2025-05-27 03:00:00+00:00,SIG.BEICHI.RANGE.DOWN,2541.57,3.140356083977123,"{""zs_index"": 26, ""score"": 3.140356083977123, ""evidences"": {""volume_price"": {""type"": ""volume_price"", ""price_new"": true, ""vol_weaker"": false, ""mom_weaker"": true}, ""momentum"": {""type"": ""momentum"", ""weaken_cnt"": 2, ""price_new"": true}, ""ratios"": {""volume_ratio"": 3.394814189229941, ""atr_ratio"": 1.9144143452033064, ""speed_ratio"": 1.2607283950616788, ""strength_ratio"": 0.3856362093409577}, ""macd"": {""type"": ""macd"", ""peak1"": 0.22044469866717575, ""peak2"": -3.7324714311155502, ""mode"": ""down""}}, ""context"": {""boundary_proximity"": 0.5407983044860188, ""rejection_speed"": 0.5497951688091867, ""window_span_norm"": 0.215}}"
2025-05-27 05:40:00+00:00,SIG.BEICHI.RANGE.DOWN,2563.98,4.0,"{""zs_index"": 27, ""score"": 4.0, ""evidences"": {""volume_price"": {""type"": ""volume_price"", ""price_new"": true, ""vol_weaker"": true, ""mom_weaker"": true}, ""momentum"": {""type"": ""momentum"", ""weaken_cnt"": 4, ""price_new"": true}, ""ratios"": {""volume_ratio"": 0.8629380039982583, ""atr_ratio"": 0.8934669891579813, ""speed_ratio"": 0.9353314828653619, ""strength_ratio"": 0.5110375265591257}, ""macd"": {""type"": ""macd"", ""peak1"": -2.017879153635148, ""peak2"": -3.7324714311155502, ""mode"": ""down""}}, ""context"": {""boundary_proximity"": 1.0, ""rejection_speed"": 1.935248373274099, ""window_span_norm"": 1.0}}"
2025-05-27 06:15:00+00:00,SIG.BEICHI.RANGE.UP,2601.13,2.8680000000000003,"{""zs_index"": 26, ""score"": 2.8680000000000003, ""evidences"": {""volume_price"": {""type"": ""volume_price"", ""price_new"": true, ""vol_weaker"": false, ""mom_weaker"": true}, ""momentum"": {""type"": ""momentum"", ""weaken_cnt"": 1, ""price_new"": true}, ""ratios"": {""volume_ratio"": 2.1124705245938014, ""atr_ratio"": 0.5324045177100368, ""speed_ratio"": 1.5337556561086563, ""strength_ratio"": 1.0874944665865256}, ""macd"": {""type"": ""macd"", ""peak1"": 3.1340486316639704, ""peak2"": 4.087992733242132, ""mode"": ""up""}}, ""context"": {""boundary_proximity"": 1.0, ""rejection_speed"": 1.5341189887854383, ""window_span_norm"": 0.17}}"
2025-05-28 21:10:00+00:00,SIG.BEICHI.RANGE.DOWN,2639.48,1.7465270870463074,"{""zs_index"": 28, ""score"": 1.7465270870463074, ""evidences"": {""volume_price"": {""type"": ""volume_price"", ""price_new"": false, ""vol_weaker"": true, ""mom_weaker"": true}, ""momentum"": {""type"": ""momentum"", ""weaken_cnt"": 4, ""price_new"": false}, ""ratios"": {""volume_ratio"": 0.6439820016116484, ""atr_ratio"": 0.8361813922943918, ""speed_ratio"": 0.8897274717061546, ""strength_ratio"": 0.23780325246606424}, ""macd"": {""type"": ""macd"", ""peak1"": -5.8826004695916385, ""peak2"": -3.241365687101508, ""mode"": ""down""}}, ""context"": {""boundary_proximity"": 0.7208784784105127, ""rejection_speed"": 1.3113684920724076, ""window_span_norm"": 0.285}}"
2025-06-02 12:30:00+00:00,SIG.BEICHI.RANGE.DOWN,2489.33,3.466306824275114,"{""zs_index"": 29, ""score"": 3.466306824275114, ""evidences"": {""volume_price"": {""type"": ""volume_price"", ""price_new"": true, ""vol_weaker"": true, ""mom_weaker"": true}, ""momentum"": {""type"": ""momentum"", ""weaken_cnt"": 4, ""price_new"": true}, ""ratios"": {""volume_ratio"": 0.8297972209084367, ""atr_ratio"": 0.6272718425582087, ""speed_ratio"": 0.9964139771495188, ""strength_ratio"": 0.06411269346656943}, ""macd"": {""type"": ""macd"", ""peak1"": -2.0838315022600273, ""peak2"": -2.86370607194131, ""mode"": ""down""}}, ""context"": {""boundary_proximity"": 0.6038447071251895, ""rejection_speed"": 2.1099881093935604, ""window_span_norm"": 0.26}}"
2025-06-04 18:45:00+00:00,SIG.BEICHI.RANGE.UP,2637.5,1.0948662784411323,"{""zs_index"": 30, ""score"": 1.0948662784411323, ""evidences"": {""volume_price"": {""type"": ""volume_price"", ""price_new"": false, ""vol_weaker"": true, ""mom_weaker"": true}, ""momentum"": {""type"": ""momentum"", ""weaken_cnt"": 3, ""price_new"": false}, ""ratios"": {""volume_ratio"": 0.1933306141601714, ""atr_ratio"": 0.2857640269982116, ""speed_ratio"": 0.25815570326229975, ""strength_ratio"": 13.11826381928751}, ""macd"": {""type"": ""macd"", ""peak1"": 4.667671498472545, ""peak2"": 0.08933495144582793, ""mode"": ""up""}}, ""context"": {""boundary_proximity"": 0.36217038287017067, ""rejection_speed"": 0.3292734145317162, ""window_span_norm"": 0.2}}"
2025-06-09 09:40:00+00:00,SIG.BEICHI.RANGE.DOWN,2513.19,3.497195009223811,"{""zs_index"": 31, ""score"": 3.497195009223811, ""evidences"": {""volume_price"": {""type"": ""volume_price"", ""price_new"": true, ""vol_weaker"": false, ""mom_weaker"": true}, ""momentum"": {""type"": ""momentum"", ""weaken_cnt"": 2, ""price_new"": true}, ""ratios"": {""volume_ratio"": 1.7720623837421798, ""atr_ratio"": 0.9076903988781229, ""speed_ratio"": 1.673577284067893, ""strength_ratio"": 0.044958138423418385}, ""macd"": {""type"": ""macd"", ""peak1"": -0.5842269359530126, ""peak2"": -2.8283937356700366, ""mode"": ""down""}}, ""context"": {""boundary_proximity"": 0.35532501537301897, ""rejection_speed"": 2.717894364953263, ""window_span_norm"": 0.71}}"
2025-06-10 11:05:00+00:00,SIG.BEICHI.RANGE.DOWN,2691.49,3.5258596888599585,"{""zs_index"": 32, ""score"": 3.5258596888599585, ""evidences"": {""volume_price"": {""type"": ""volume_price"", ""price_new"": true, ""vol_weaker"": true, ""mom_weaker"": true}, ""momentum"": {""type"": ""momentum"", ""weaken_cnt"": 4, ""price_new"": true}, ""ratios"": {""volume_ratio"": 0.5910665039496893, ""atr_ratio"": 0.46838916142146714, ""speed_ratio"": 0.6543209876543298, ""strength_ratio"": 0.036593855071412086}, ""macd"": {""type"": ""macd"", ""peak1"": -4.96449968964416, ""peak2"": -2.3249853377326204, ""mode"": ""down""}}, ""context"": {""boundary_proximity"": 0.7249288322583193, ""rejection_speed"": 0.7915039825082779, ""window_span_norm"": 0.54}}"
2025-06-10 19:35:00+00:00,SIG.BEICHI.RANGE.UP,2803.46,2.934,"{""zs_index"": 32, ""score"": 2.934, ""evidences"": {""volume_price"": {""type"": ""volume_price"", ""price_new"": true, ""vol_weaker"": true, ""mom_weaker"": true}, ""momentum"": {""type"": ""momentum"", ""weaken_cnt"": 1, ""price_new"": true}, ""ratios"": {""volume_ratio"": 0.6461083195690491, ""atr_ratio"": 0.7041697827379682, ""speed_ratio"": 1.014620784112313, ""strength_ratio"": 39.21289334828078}, ""macd"": {""type"": ""macd"", ""peak1"": 0.8487618951019251, ""peak2"": 4.582501521455962, ""mode"": ""up""}}, ""context"": {""boundary_proximity"": 1.0, ""rejection_speed"": 2.3182238667900092, ""window_span_norm"": 0.335}}"
2025-06-11 21:30:00+00:00,SIG.BEICHI.RANGE.UP,2804.66,1.8316578876501162,"{""zs_index"": 33, ""score"": 1.8316578876501162, ""evidences"": {""volume_price"": {""type"": ""volume_price"", ""price_new"": false, ""vol_weaker"": true, ""mom_weaker"": true}, ""momentum"": {""type"": ""momentum"", ""weaken_cnt"": 3, ""price_new"": false}, ""ratios"": {""volume_ratio"": 0.3326175740810453, ""atr_ratio"": 0.6130800942941341, ""speed_ratio"": 0.6523702867824641, ""strength_ratio"": 1.8284312714259552}, ""macd"": {""type"": ""macd"", ""peak1"": 4.1780104848088175, ""peak2"": 2.586544986246171, ""mode"": ""up""}}, ""context"": {""boundary_proximity"": 0.7594298127501938, ""rejection_speed"": 3.1884781565050444, ""window_span_norm"": 0.44}}"
2025-06-16 07:10:00+00:00,SIG.BEICHI.RANGE.UP,2630.19,2.837939709713453,"{""zs_index"": 34, ""score"": 2.837939709713453, ""evidences"": {""volume_price"": {""type"": ""volume_price"", ""price_new"": true, ""vol_weaker"": false, ""mom_weaker"": true}, ""momentum"": {""type"": ""momentum"", ""weaken_cnt"": 1, ""price_new"": true}, ""ratios"": {""volume_ratio"": 1.683185490209947, ""atr_ratio"": 0.8788400776859787, ""speed_ratio"": 1.3622645704866925, ""strength_ratio"": 17.39039204156557}, ""macd"": {""type"": ""macd"", ""peak1"": 5.21372455759819, ""peak2"": 5.134035901359621, ""mode"": ""up""}}, ""context"": {""boundary_proximity"": 1.0, ""rejection_speed"": 0.7098995161890879, ""window_span_norm"": 0.53}}"
2025-06-16 22:30:00+00:00,SIG.BEICHI.RANGE.UP,2641.22,3.798,"{""zs_index"": 35, ""score"": 3.798, ""evidences"": {""volume_price"": {""type"": ""volume_price"", ""price_new"": true, ""vol_weaker"": true, ""mom_weaker"": true}, ""momentum"": {""type"": ""momentum"", ""weaken_cnt"": 4, ""price_new"": true}, ""ratios"": {""volume_ratio"": 0.7725091393513731, ""atr_ratio"": 0.6670686289449536, ""speed_ratio"": 0.7108478012174979, ""strength_ratio"": 0.17377264046733754}, ""macd"": {""type"": ""macd"", ""peak1"": 2.7750359986457305, ""peak2"": 1.867825929821628, ""mode"": ""up""}}, ""context"": {""boundary_proximity"": 1.0, ""rejection_speed"": 2.1773323053200344, ""window_span_norm"": 0.495}}"
2025-06-21 17:30:00+00:00,SIG.BEICHI.RANGE.UP,2407.75,3.790874445358113,"{""zs_index"": 37, ""score"": 3.790874445358113, ""evidences"": {""volume_price"": {""type"": ""volume_price"", ""price_new"": true, ""vol_weaker"": true, ""mom_weaker"": true}, ""momentum"": {""type"": ""momentum"", ""weaken_cnt"": 2, ""price_new"": true}, ""ratios"": {""volume_ratio"": 0.5219199765173482, ""atr_ratio"": 0.5954327449357675, ""speed_ratio"": 0.8225925608685463, ""strength_ratio"": 8.391078831403341}, ""macd"": {""type"": ""macd"", ""peak1"": 3.7531760358780746, ""peak2"": 2.128147344349264, ""mode"": ""up""}}, ""context"": {""boundary_proximity"": 0.6514574089301887, ""rejection_speed"": 1.3931802366040555, ""window_span_norm"": 1.0}}"
2025-06-22 07:25:00+00:00,SIG.BEICHI.RANGE.UP,2284.41,1.4743768857241077,"{""zs_index"": 38, ""score"": 1.4743768857241077, ""evidences"": {""volume_price"": {""type"": ""volume_price"", ""price_new"": false, ""vol_weaker"": true, ""mom_weaker"": true}, ""momentum"": {""type"": ""momentum"", ""weaken_cnt"": 2, ""price_new"": false}, ""ratios"": {""volume_ratio"": 0.2631590426730086, ""atr_ratio"": 0.39011082929167495, ""speed_ratio"": 0.460617421825138, ""strength_ratio"": 1.376258346713195}, ""macd"": {""type"": ""macd"", ""peak1"": 5.665667154889457, ""peak2"": 1.7717519565424336, ""mode"": ""up""}}, ""context"": {""boundary_proximity"": 0.914023059456289, ""rejection_speed"": 0.3832717500838903, ""window_span_norm"": 0.24}}"
2025-07-02 04:45:00+00:00,SIG.BEICHI.RANGE.DOWN,2435.46,3.284370510773492,"{""zs_index"": 40, ""score"": 3.284370510773492, ""evidences"": {""volume_price"": {""type"": ""volume_price"", ""price_new"": true, ""vol_weaker"": false, ""mom_weaker"": true}, ""momentum"": {""type"": ""momentum"", ""weaken_cnt"": 2, ""price_new"": true}, ""ratios"": {""volume_ratio"": 1.6786232279755575, ""atr_ratio"": 1.8343347987027971, ""speed_ratio"": 1.2011968718122614, ""strength_ratio"": 0.035628463228164396}, ""macd"": {""type"": ""macd"", ""peak1"": -1.307571734327302, ""peak2"": -2.7328687568184855, ""mode"": ""down""}}, ""context"": {""boundary_proximity"": 0.6762606880075224, ""rejection_speed"": 0.1310234966149648, ""window_span_norm"": 1.0}}"
2025-07-08 16:15:00+00:00,SIG.BEICHI.RANGE.DOWN,2563.95,1.759273422562086,"{""zs_index"": 41, ""score"": 1.759273422562086, ""evidences"": {""volume_price"": {""type"": ""volume_price"", ""price_new"": false, ""vol_weaker"": false, ""mom_weaker"": true}, ""momentum"": {""type"": ""momentum"", ""weaken_cnt"": 2, ""price_new"": false}, ""ratios"": {""volume_ratio"": 1.1696158568325048, ""atr_ratio"": 1.4575581867912957, ""speed_ratio"": 0.801680122820131, ""strength_ratio"": 4.543884021289596}, ""macd"": {""type"": ""macd"", ""peak1"": -2.263432229688962, ""peak2"": -1.8663625319695778, ""mode"": ""down""}}, ""context"": {""boundary_proximity"": 1.0, ""rejection_speed"": 0.2654557042701437, ""window_span_norm"": 1.0}}"
2025-07-15 11:45:00+00:00,SIG.BEICHI.RANGE.DOWN,2969.28,1.2745864397970728,"{""zs_index"": 42, ""score"": 1.2745864397970728, ""evidences"": {""volume_price"": {""type"": ""volume_price"", ""price_new"": false, ""vol_weaker"": true, ""mom_weaker"": true}, ""momentum"": {""type"": ""momentum"", ""weaken_cnt"": 3, ""price_new"": false}, ""ratios"": {""volume_ratio"": 0.5393238100263856, ""atr_ratio"": 0.6846753567283222, ""speed_ratio"": 0.3798398835516152, ""strength_ratio"": 6.25087947882841}, ""macd"": {""type"": ""macd"", ""peak1"": -2.4347059777966233, ""peak2"": -0.8433133716043413, ""mode"": ""down""}}, ""context"": {""boundary_proximity"": 0.617946462234477, ""rejection_speed"": 0.3663642707606439, ""window_span_norm"": 0.21}}"
2025-07-15 17:55:00+00:00,SIG.BEICHI.RANGE.UP,3096.29,2.5472504537205083,"{""zs_index"": 42, ""score"": 2.5472504537205083, ""evidences"": {""volume_price"": {""type"": ""volume_price"", ""price_new"": true, ""vol_weaker"": true, ""mom_weaker"": true}, ""momentum"": {""type"": ""momentum"", ""weaken_cnt"": 1, ""price_new"": true}, ""ratios"": {""volume_ratio"": 0.8423598166400392, ""atr_ratio"": 1.0340409534693629, ""speed_ratio"": 0.90179149536237, ""strength_ratio"": 4.793996260820867}, ""macd"": {""type"": ""macd"", ""peak1"": 4.2553853585886685, ""peak2"": 5.731917479941266, ""mode"": ""up""}}, ""context"": {""boundary_proximity"": 1.0, ""rejection_speed"": 0.39541742286751363, ""window_span_norm"": 0.275}}"
2025-07-15 20:05:00+00:00,SIG.BEICHI.RANGE.DOWN,3035.41,1.504506447831196,"{""zs_index"": 43, ""score"": 1.504506447831196, ""evidences"": {""volume_price"": {""type"": ""volume_price"", ""price_new"": false, ""vol_weaker"": true, ""mom_weaker"": true}, ""momentum"": {""type"": ""momentum"", ""weaken_cnt"": 2, ""price_new"": false}, ""ratios"": {""volume_ratio"": 0.9832730827906139, ""atr_ratio"": 0.8139913864199534, ""speed_ratio"": 0.31575387959662515, ""strength_ratio"": 26.53795454039669}, ""macd"": {""type"": ""macd"", ""peak1"": -10.145387734910056, ""peak2"": -4.734912755290109, ""mode"": ""down""}}, ""context"": {""boundary_proximity"": 1.0, ""rejection_speed"": 0.42751074638532677, ""window_span_norm"": 0.12}}"
2025-07-16 00:40:00+00:00,SIG.BEICHI.RANGE.UP,3135.46,2.4213803850859725,"{""zs_index"": 43, ""score"": 2.4213803850859725, ""evidences"": {""volume_price"": {""type"": ""volume_price"", ""price_new"": true, ""vol_weaker"": true, ""mom_weaker"": true}, ""momentum"": {""type"": ""momentum"", ""weaken_cnt"": 1, ""price_new"": true}, ""ratios"": {""volume_ratio"": 0.684405813493397, ""atr_ratio"": 0.8615516135271827, ""speed_ratio"": 1.2472823155749748, ""strength_ratio"": 2.730839892819465}, ""macd"": {""type"": ""macd"", ""peak1"": -0.6560603153656359, ""peak2"": 5.495597297481856, ""mode"": ""up""}}, ""context"": {""boundary_proximity"": 1.0, ""rejection_speed"": 0.1956339751432869, ""window_span_norm"": 0.26}}"
2025-07-17 17:00:00+00:00,SIG.BEICHI.RANGE.DOWN,3394.79,1.5754426903591452,"{""zs_index"": 44, ""score"": 1.5754426903591452, ""evidences"": {""volume_price"": {""type"": ""volume_price"", ""price_new"": false, ""vol_weaker"": false, ""mom_weaker"": false}, ""momentum"": {""type"": ""momentum"", ""weaken_cnt"": 1, ""price_new"": false}, ""ratios"": {""volume_ratio"": 1.7775354671317125, ""atr_ratio"": 1.4965234607930955, ""speed_ratio"": 1.1044432028107982, ""strength_ratio"": 2.6906336118936194}, ""macd"": {""type"": ""macd"", ""peak1"": -6.7713766068707875, ""peak2"": -4.196080682956808, ""mode"": ""down""}}, ""context"": {""boundary_proximity"": 0.925212045846517, ""rejection_speed"": 0.28385910475205856, ""window_span_norm"": 0.625}}"
2025-07-18 14:15:00+00:00,SIG.BEICHI.RANGE.UP,3623.29,1.619346784964156,"{""zs_index"": 46, ""score"": 1.619346784964156, ""evidences"": {""volume_price"": {""type"": ""volume_price"", ""price_new"": false, ""vol_weaker"": true, ""mom_weaker"": true}, ""momentum"": {""type"": ""momentum"", ""weaken_cnt"": 2, ""price_new"": false}, ""ratios"": {""volume_ratio"": 0.9846838271717931, ""atr_ratio"": 1.3509726693065343, ""speed_ratio"": 1.9263813229572189, ""strength_ratio"": 0.6017851817489093}, ""macd"": {""type"": ""macd"", ""peak1"": 3.7098563285509902, ""peak2"": 2.782679216291828, ""mode"": ""up""}}, ""context"": {""boundary_proximity"": 0.5455779749402602, ""rejection_speed"": 1.942709994986556, ""window_span_norm"": 0.23}}"
2025-07-19 01:20:00+00:00,SIG.BEICHI.RANGE.DOWN,3536.43,1.2962367864693585,"{""zs_index"": 47, ""score"": 1.2962367864693585, ""evidences"": {""volume_price"": {""type"": ""volume_price"", ""price_new"": false, ""vol_weaker"": true, ""mom_weaker"": true}, ""momentum"": {""type"": ""momentum"", ""weaken_cnt"": 4, ""price_new"": false}, ""ratios"": {""volume_ratio"": 0.4086119889087166, ""atr_ratio"": 0.5656568246314526, ""speed_ratio"": 0.8146362839614304, ""strength_ratio"": 0.11788297172914419}, ""macd"": {""type"": ""macd"", ""peak1"": -7.405404803303345, ""peak2"": -3.789738490252552, ""mode"": ""down""}}, ""context"": {""boundary_proximity"": 0.09372797744893069, ""rejection_speed"": 1.1757680824424366, ""window_span_norm"": 0.1}}"
2025-07-20 03:40:00+00:00,SIG.BEICHI.RANGE.UP,3672.29,2.99,"{""zs_index"": 47, ""score"": 2.99, ""evidences"": {""volume_price"": {""type"": ""volume_price"", ""price_new"": true, ""vol_weaker"": false, ""mom_weaker"": true}, ""momentum"": {""type"": ""momentum"", ""weaken_cnt"": 1, ""price_new"": true}, ""ratios"": {""volume_ratio"": 1.291451768696472, ""atr_ratio"": 0.9942429639947902, ""speed_ratio"": 1.2529252981894061, ""strength_ratio"": 9.991990655326317}, ""macd"": {""type"": ""macd"", ""peak1"": 2.7682559339712363, ""peak2"": 6.061574536530291, ""mode"": ""up""}}, ""context"": {""boundary_proximity"": 1.0, ""rejection_speed"": 1.4245127188635565, ""window_span_norm"": 0.475}}"
2025-07-22 04:55:00+00:00,SIG.BEICHI.RANGE.DOWN,3655.36,2.834,"{""zs_index"": 48, ""score"": 2.834, ""evidences"": {""volume_price"": {""type"": ""volume_price"", ""price_new"": true, ""vol_weaker"": false, ""mom_weaker"": true}, ""momentum"": {""type"": ""momentum"", ""weaken_cnt"": 1, ""price_new"": true}, ""ratios"": {""volume_ratio"": 1.6718058403134042, ""atr_ratio"": 0.9848361617672685, ""speed_ratio"": 1.453205762674591, ""strength_ratio"": 14.986793358344244}, ""macd"": {""type"": ""macd"", ""peak1"": -6.086683042189081, ""peak2"": -4.927215884821191, ""mode"": ""down""}}, ""context"": {""boundary_proximity"": 1.0, ""rejection_speed"": 1.5983990994934631, ""window_span_norm"": 0.085}}"
2025-07-23 06:35:00+00:00,SIG.BEICHI.RANGE.UP,3693.24,3.3916596786065933,"{""zs_index"": 49, ""score"": 3.3916596786065933, ""evidences"": {""volume_price"": {""type"": ""volume_price"", ""price_new"": true, ""vol_weaker"": true, ""mom_weaker"": true}, ""momentum"": {""type"": ""momentum"", ""weaken_cnt"": 4, ""price_new"": true}, ""ratios"": {""volume_ratio"": 0.8130148828963054, ""atr_ratio"": 0.6430536431493404, ""speed_ratio"": 0.7948251350582821, ""strength_ratio"": 0.009113275920821133}, ""macd"": {""type"": ""macd"", ""peak1"": 2.350610345400556, ""peak2"": 2.780181803204113, ""mode"": ""up""}}, ""context"": {""boundary_proximity"": 0.3518518518518221, ""rejection_speed"": 0.8142476124925012, ""window_span_norm"": 0.73}}"
2025-07-25 04:25:00+00:00,SIG.BEICHI.RANGE.DOWN,3597.11,1.4547110036275752,"{""zs_index"": 50, ""score"": 1.4547110036275752, ""evidences"": {""volume_price"": {""type"": ""volume_price"", ""price_new"": false, ""vol_weaker"": false, ""mom_weaker"": true}, ""momentum"": {""type"": ""momentum"", ""weaken_cnt"": 2, ""price_new"": false}, ""ratios"": {""volume_ratio"": 1.1823033975484813, ""atr_ratio"": 1.3716955381242186, ""speed_ratio"": 0.47490071421494917, ""strength_ratio"": 3.654481513333272}, ""macd"": {""type"": ""macd"", ""peak1"": -5.798506685623253, ""peak2"": -4.7277984576717245, ""mode"": ""down""}}, ""context"": {""boundary_proximity"": 1.0, ""rejection_speed"": 0.2611850060459585, ""window_span_norm"": 0.245}}"
2025-07-26 02:10:00+00:00,SIG.BEICHI.RANGE.DOWN,3715.39,1.446160376327896,"{""zs_index"": 51, ""score"": 1.446160376327896, ""evidences"": {""volume_price"": {""type"": ""volume_price"", ""price_new"": false, ""vol_weaker"": true, ""mom_weaker"": true}, ""momentum"": {""type"": ""momentum"", ""weaken_cnt"": 3, ""price_new"": false}, ""ratios"": {""volume_ratio"": 0.5180755680071736, ""atr_ratio"": 0.5637777089591061, ""speed_ratio"": 0.7566864026133086, ""strength_ratio"": 2.3787925801020315}, ""macd"": {""type"": ""macd"", ""peak1"": -5.4165853458063555, ""peak2"": -1.9716166894816647, ""mode"": ""down""}}, ""context"": {""boundary_proximity"": 0.19383986166292033, ""rejection_speed"": 0.8497607655502398, ""window_span_norm"": 0.55}}"
2025-07-31 17:20:00+00:00,SIG.BEICHI.RANGE.UP,3786.56,3.1459623793567237,"{""zs_index"": 52, ""score"": 3.1459623793567237, ""evidences"": {""volume_price"": {""type"": ""volume_price"", ""price_new"": true, ""vol_weaker"": true, ""mom_weaker"": true}, ""momentum"": {""type"": ""momentum"", ""weaken_cnt"": 3, ""price_new"": true}, ""ratios"": {""volume_ratio"": 0.9464340901311554, ""atr_ratio"": 0.9927137770278829, ""speed_ratio"": 2.1199662660763274, ""strength_ratio"": 0.010397278449144435}, ""macd"": {""type"": ""macd"", ""peak1"": 3.974613431819387, ""peak2"": 3.7352595383236524, ""mode"": ""up""}}, ""context"": {""boundary_proximity"": 0.7432751997226241, ""rejection_speed"": 0.41666209920524955, ""window_span_norm"": 0.125}}"
2025-08-04 17:10:00+00:00,SIG.BEICHI.RANGE.UP,3715.55,4.0,"{""zs_index"": 53, ""score"": 4.0, ""evidences"": {""volume_price"": {""type"": ""volume_price"", ""price_new"": true, ""vol_weaker"": true, ""mom_weaker"": true}, ""momentum"": {""type"": ""momentum"", ""weaken_cnt"": 3, ""price_new"": true}, ""ratios"": {""volume_ratio"": 0.6107695590422542, ""atr_ratio"": 0.6681467005352424, ""speed_ratio"": 0.7335691164589759, ""strength_ratio"": 0.5300769239737261}, ""macd"": {""type"": ""macd"", ""peak1"": 4.059367772052906, ""peak2"": 8.315350716925463, ""mode"": ""up""}}, ""context"": {""boundary_proximity"": 1.0, ""rejection_speed"": 2.021407986825856, ""window_span_norm"": 1.0}}"
2025-08-11 13:35:00+00:00,SIG.BEICHI.RANGE.DOWN,4228.74,3.1209335541071015,"{""zs_index"": 54, ""score"": 3.1209335541071015, ""evidences"": {""volume_price"": {""type"": ""volume_price"", ""price_new"": true, ""vol_weaker"": false, ""mom_weaker"": true}, ""momentum"": {""type"": ""momentum"", ""weaken_cnt"": 4, ""price_new"": true}, ""ratios"": {""volume_ratio"": 1.9683593747928891, ""atr_ratio"": 0.970100182227923, ""speed_ratio"": 0.9526500749193454, ""strength_ratio"": 0.1683643876207082}, ""macd"": {""type"": ""macd"", ""peak1"": -3.7837977231627704, ""peak2"": -3.9758859909007427, ""mode"": ""down""}}, ""context"": {""boundary_proximity"": 0.03155592351183578, ""rejection_speed"": 2.7846275531568616, ""window_span_norm"": 0.255}}"
2025-08-11 21:20:00+00:00,SIG.BEICHI.RANGE.UP,4242.68,1.702678806073844,"{""zs_index"": 54, ""score"": 1.702678806073844, ""evidences"": {""volume_price"": {""type"": ""volume_price"", ""price_new"": false, ""vol_weaker"": true, ""mom_weaker"": true}, ""momentum"": {""type"": ""momentum"", ""weaken_cnt"": 3, ""price_new"": false}, ""ratios"": {""volume_ratio"": 0.29158282111105943, ""atr_ratio"": 0.48868714602433877, ""speed_ratio"": 0.41792258484224615, ""strength_ratio"": 1.83311374705756}, ""macd"": {""type"": ""macd"", ""peak1"": 13.741311266651131, ""peak2"": 2.087808426434572, ""mode"": ""up""}}, ""context"": {""boundary_proximity"": 0.5311313434564069, ""rejection_speed"": 1.2475053623053256, ""window_span_norm"": 0.46}}"
2025-08-12 11:50:00+00:00,SIG.BEICHI.RANGE.DOWN,4282.94,1.6439821082784534,"{""zs_index"": 55, ""score"": 1.6439821082784534, ""evidences"": {""volume_price"": {""type"": ""volume_price"", ""price_new"": false, ""vol_weaker"": true, ""mom_weaker"": true}, ""momentum"": {""type"": ""momentum"", ""weaken_cnt"": 4, ""price_new"": false}, ""ratios"": {""volume_ratio"": 0.8007645241610315, ""atr_ratio"": 0.6961098967258456, ""speed_ratio"": 0.9122472432088825, ""strength_ratio"": 0.628286182419449}, ""macd"": {""type"": ""macd"", ""peak1"": -5.765762465124043, ""peak2"": -1.599881106931778, ""mode"": ""down""}}, ""context"": {""boundary_proximity"": 0.42663684713075567, ""rejection_speed"": 1.172956760809801, ""window_span_norm"": 0.47}}"
2025-08-14 10:35:00+00:00,SIG.BEICHI.RANGE.UP,4729.02,1.5355447284649757,"{""zs_index"": 56, ""score"": 1.5355447284649757, ""evidences"": {""volume_price"": {""type"": ""volume_price"", ""price_new"": false, ""vol_weaker"": true, ""mom_weaker"": true}, ""momentum"": {""type"": ""momentum"", ""weaken_cnt"": 4, ""price_new"": false}, ""ratios"": {""volume_ratio"": 0.8660931261834196, ""atr_ratio"": 0.7705988021241904, ""speed_ratio"": 0.8162980638988269, ""strength_ratio"": 0.8072802156792462}, ""macd"": {""type"": ""macd"", ""peak1"": 5.8845473551456795, ""peak2"": 3.3068640347556504, ""mode"": ""up""}}, ""context"": {""boundary_proximity"": 0.40590788077495954, ""rejection_speed"": 1.7056107280662287, ""window_span_norm"": 0.23}}"
2025-08-15 13:35:00+00:00,SIG.BEICHI.RANGE.UP,4586.21,2.162,"{""zs_index"": 57, ""score"": 2.162, ""evidences"": {""volume_price"": {""type"": ""volume_price"", ""price_new"": false, ""vol_weaker"": true, ""mom_weaker"": true}, ""momentum"": {""type"": ""momentum"", ""weaken_cnt"": 2, ""price_new"": false}, ""ratios"": {""volume_ratio"": 0.2889298170850374, ""atr_ratio"": 0.34751609164686004, ""speed_ratio"": 0.33361889093708597, ""strength_ratio"": 16.60916121367468}, ""macd"": {""type"": ""macd"", ""peak1"": 17.585554259995487, ""peak2"": 4.377541313653902, ""mode"": ""up""}}, ""context"": {""boundary_proximity"": 1.0, ""rejection_speed"": 1.3301314459049787, ""window_span_norm"": 0.905}}"
2025-08-18 01:10:00+00:00,SIG.BEICHI.RANGE.UP,4454.63,1.420783021022444,"{""zs_index"": 58, ""score"": 1.420783021022444, ""evidences"": {""volume_price"": {""type"": ""volume_price"", ""price_new"": false, ""vol_weaker"": false, ""mom_weaker"": true}, ""momentum"": {""type"": ""momentum"", ""weaken_cnt"": 2, ""price_new"": false}, ""ratios"": {""volume_ratio"": 1.1816276241091608, ""atr_ratio"": 1.3626401912999504, ""speed_ratio"": 0.6101114995315855, ""strength_ratio"": 39.77767542970527}, ""macd"": {""type"": ""macd"", ""peak1"": 8.603139363537712, ""peak2"": 0.28461655229871496, ""mode"": ""up""}}, ""context"": {""boundary_proximity"": 0.13887089383619933, ""rejection_speed"": 0.5624341412012069, ""window_span_norm"": 1.0}}"
2025-08-18 23:10:00+00:00,SIG.BEICHI.RANGE.UP,4336.67,3.382416162795795,"{""zs_index"": 59, ""score"": 3.382416162795795, ""evidences"": {""volume_price"": {""type"": ""volume_price"", ""price_new"": true, ""vol_weaker"": false, ""mom_weaker"": true}, ""momentum"": {""type"": ""momentum"", ""weaken_cnt"": 2, ""price_new"": true}, ""ratios"": {""volume_ratio"": 1.2242799455535582, ""atr_ratio"": 0.9392222452314066, ""speed_ratio"": 0.8721398893689731, ""strength_ratio"": 9.483453209322438}, ""macd"": {""type"": ""macd"", ""peak1"": 2.7059319522856793, ""peak2"": 4.304031621156989, ""mode"": ""up""}}, ""context"": {""boundary_proximity"": 0.5963532604913862, ""rejection_speed"": 0.8476736775016057, ""window_span_norm"": 0.29}}"
2025-08-20 14:25:00+00:00,SIG.BEICHI.RANGE.DOWN,4159.69,3.612909360422026,"{""zs_index"": 60, ""score"": 3.612909360422026, ""evidences"": {""volume_price"": {""type"": ""volume_price"", ""price_new"": true, ""vol_weaker"": false, ""mom_weaker"": true}, ""momentum"": {""type"": ""momentum"", ""weaken_cnt"": 2, ""price_new"": true}, ""ratios"": {""volume_ratio"": 5.250218367003041, ""atr_ratio"": 2.5517221496052938, ""speed_ratio"": 3.991281400320806, ""strength_ratio"": 0.07397285464500769}, ""macd"": {""type"": ""macd"", ""peak1"": -1.9705950129927299, ""peak2"": -6.090925093179653, ""mode"": ""down""}}, ""context"": {""boundary_proximity"": 1.0, ""rejection_speed"": 0.9448489340367106, ""window_span_norm"": 0.115}}"
2025-08-27 18:50:00+00:00,SIG.BEICHI.RANGE.UP,4609.42,2.8421501230544677,"{""zs_index"": 62, ""score"": 2.8421501230544677, ""evidences"": {""volume_price"": {""type"": ""volume_price"", ""price_new"": true, ""vol_weaker"": true, ""mom_weaker"": true}, ""momentum"": {""type"": ""momentum"", ""weaken_cnt"": 4, ""price_new"": true}, ""ratios"": {""volume_ratio"": 0.7661682987806316, ""atr_ratio"": 0.9281090224465699, ""speed_ratio"": 0.9690889905029795, ""strength_ratio"": 0.2242004574557157}, ""macd"": {""type"": ""macd"", ""peak1"": 6.884458535106826, ""peak2"": 4.339273572938494, ""mode"": ""up""}}, ""context"": {""boundary_proximity"": 0.27905963159943203, ""rejection_speed"": 0.1945239068246814, ""window_span_norm"": 0.395}}"
2025-08-28 16:45:00+00:00,SIG.BEICHI.RANGE.UP,4508.91,1.6389142835538153,"{""zs_index"": 63, ""score"": 1.6389142835538153, ""evidences"": {""volume_price"": {""type"": ""volume_price"", ""price_new"": false, ""vol_weaker"": true, ""mom_weaker"": false}, ""momentum"": {""type"": ""momentum"", ""weaken_cnt"": 1, ""price_new"": false}, ""ratios"": {""volume_ratio"": 0.9488342521201678, ""atr_ratio"": 1.0885408458056405, ""speed_ratio"": 1.5076410100154058, ""strength_ratio"": 4.872299813785186}, ""macd"": {""type"": ""macd"", ""peak1"": 4.438278557024281, ""peak2"": 2.8041418164438596, ""mode"": ""up""}}, ""context"": {""boundary_proximity"": 0.12819047258969196, ""rejection_speed"": 1.0120796604636388, ""window_span_norm"": 0.905}}"
2025-08-28 20:05:00+00:00,SIG.BEICHI.RANGE.DOWN,4448.55,1.9052095001772515,"{""zs_index"": 62, ""score"": 1.9052095001772515, ""evidences"": {""volume_price"": {""type"": ""volume_price"", ""price_new"": true, ""vol_weaker"": false, ""mom_weaker"": false}, ""momentum"": {""type"": ""momentum"", ""weaken_cnt"": 0, ""price_new"": true}, ""ratios"": {""volume_ratio"": 1.4601318083013677, ""atr_ratio"": 1.06103211340803, ""speed_ratio"": 1.204098494262323, ""strength_ratio"": 13.916949263547798}, ""macd"": {""type"": ""macd"", ""peak1"": -6.234863050897275, ""peak2"": -5.294055053704083, ""mode"": ""down""}}, ""context"": {""boundary_proximity"": 1.0, ""rejection_speed"": 0.7153491669620862, ""window_span_norm"": 0.69}}"
2025-09-10 12:10:00+00:00,SIG.BEICHI.RANGE.DOWN,4333.51,3.0429421524672002,"{""zs_index"": 64, ""score"": 3.0429421524672002, ""evidences"": {""volume_price"": {""type"": ""volume_price"", ""price_new"": true, ""vol_weaker"": false, ""mom_weaker"": true}, ""momentum"": {""type"": ""momentum"", ""weaken_cnt"": 4, ""price_new"": true}, ""ratios"": {""volume_ratio"": 1.2161142393546027, ""atr_ratio"": 0.9289818380046608, ""speed_ratio"": 0.979862977669027, ""strength_ratio"": 0.13736407841677756}, ""macd"": {""type"": ""macd"", ""peak1"": -2.73306261555361, ""peak2"": -4.642714781792133, ""mode"": ""down""}}, ""context"": {""boundary_proximity"": 0.2525522465979628, ""rejection_speed"": 0.15235134084737145, ""window_span_norm"": 1.0}}"
2025-09-10 17:20:00+00:00,SIG.BEICHI.RANGE.UP,4376.14,3.738,"{""zs_index"": 64, ""score"": 3.738, ""evidences"": {""volume_price"": {""type"": ""volume_price"", ""price_new"": true, ""vol_weaker"": false, ""mom_weaker"": true}, ""momentum"": {""type"": ""momentum"", ""weaken_cnt"": 2, ""price_new"": true}, ""ratios"": {""volume_ratio"": 1.4810423589281543, ""atr_ratio"": 1.4551074405913398, ""speed_ratio"": 1.1567938601232148, ""strength_ratio"": 0.04417786862379997}, ""macd"": {""type"": ""macd"", ""peak1"": 4.144475191882684, ""peak2"": 4.836524877587379, ""mode"": ""up""}}, ""context"": {""boundary_proximity"": 1.0, ""rejection_speed"": 1.5840857787810425, ""window_span_norm"": 0.345}}"
2025-09-11 02:35:00+00:00,SIG.BEICHI.RANGE.DOWN,4379.14,3.4035114749275577,"{""zs_index"": 65, ""score"": 3.4035114749275577, ""evidences"": {""volume_price"": {""type"": ""volume_price"", ""price_new"": true, ""vol_weaker"": true, ""mom_weaker"": true}, ""momentum"": {""type"": ""momentum"", ""weaken_cnt"": 2, ""price_new"": true}, ""ratios"": {""volume_ratio"": 0.5222001121545472, ""atr_ratio"": 0.7562408212217107, ""speed_ratio"": 1.1246471310710655, ""strength_ratio"": 0.08246124145075782}, ""macd"": {""type"": ""macd"", ""peak1"": -4.9752932171718545, ""peak2"": -2.510571663815683, ""mode"": ""down""}}, ""context"": {""boundary_proximity"": 0.27251912487926333, ""rejection_speed"": 1.1692339935031475, ""window_span_norm"": 0.6}}"
2025-09-11 12:30:00+00:00,SIG.BEICHI.RANGE.UP,4400.99,3.874,"{""zs_index"": 65, ""score"": 3.874, ""evidences"": {""volume_price"": {""type"": ""volume_price"", ""price_new"": true, ""vol_weaker"": true, ""mom_weaker"": true}, ""momentum"": {""type"": ""momentum"", ""weaken_cnt"": 4, ""price_new"": true}, ""ratios"": {""volume_ratio"": 0.5293476581469192, ""atr_ratio"": 0.403720618379913, ""speed_ratio"": 0.6690304276288683, ""strength_ratio"": 0.07816527098643823}, ""macd"": {""type"": ""macd"", ""peak1"": 4.795033181665833, ""peak2"": 3.613233002508921, ""mode"": ""up""}}, ""context"": {""boundary_proximity"": 1.0, ""rejection_speed"": 2.6911297720697425, ""window_span_norm"": 0.685}}"
2025-09-13 13:45:00+00:00,SIG.BEICHI.RANGE.UP,4708.0,3.946,"{""zs_index"": 66, ""score"": 3.946, ""evidences"": {""volume_price"": {""type"": ""volume_price"", ""price_new"": true, ""vol_weaker"": true, ""mom_weaker"": true}, ""momentum"": {""type"": ""momentum"", ""weaken_cnt"": 3, ""price_new"": true}, ""ratios"": {""volume_ratio"": 0.8435458744269241, ""atr_ratio"": 0.5982791191795381, ""speed_ratio"": 0.6917288293005841, ""strength_ratio"": 0.5497693809810748}, ""macd"": {""type"": ""macd"", ""peak1"": 1.5705229480816278, ""peak2"": 5.400358820118508, ""mode"": ""up""}}, ""context"": {""boundary_proximity"": 1.0, ""rejection_speed"": 1.7453852915323689, ""window_span_norm"": 0.865}}"
2025-09-16 13:50:00+00:00,SIG.BEICHI.RANGE.DOWN,4450.01,2.887054263565889,"{""zs_index"": 66, ""score"": 2.887054263565889, ""evidences"": {""volume_price"": {""type"": ""volume_price"", ""price_new"": true, ""vol_weaker"": false, ""mom_weaker"": true}, ""momentum"": {""type"": ""momentum"", ""weaken_cnt"": 1, ""price_new"": true}, ""ratios"": {""volume_ratio"": 1.0801005142496092, ""atr_ratio"": 0.9927640815896387, ""speed_ratio"": 1.0196880800022083, ""strength_ratio"": 145.92075136672634}, ""macd"": {""type"": ""macd"", ""peak1"": -3.02963026336965, ""peak2"": -6.233413101093941, ""mode"": ""down""}}, ""context"": {""boundary_proximity"": 1.0, ""rejection_speed"": 0.4784237726098153, ""window_span_norm"": 1.0}}"
2025-09-19 02:20:00+00:00,SIG.BEICHI.RANGE.UP,4593.5,2.8964685783090243,"{""zs_index"": 67, ""score"": 2.8964685783090243, ""evidences"": {""volume_price"": {""type"": ""volume_price"", ""price_new"": true, ""vol_weaker"": false, ""mom_weaker"": true}, ""momentum"": {""type"": ""momentum"", ""weaken_cnt"": 2, ""price_new"": true}, ""ratios"": {""volume_ratio"": 1.6203922166018538, ""atr_ratio"": 2.2517726171586436, ""speed_ratio"": 2.2952853598012846, ""strength_ratio"": 0.031014200641325745}, ""macd"": {""type"": ""macd"", ""peak1"": 0.9885677896649567, ""peak2"": 2.918702788822171, ""mode"": ""up""}}, ""context"": {""boundary_proximity"": 0.10431368728256685, ""rejection_speed"": 0.6164672765658069, ""window_span_norm"": 0.16}}"
2025-09-25 06:15:00+00:00,SIG.BEICHI.RANGE.DOWN,4016.03,2.5185821205821193,"{""zs_index"": 68, ""score"": 2.5185821205821193, ""evidences"": {""volume_price"": {""type"": ""volume_price"", ""price_new"": true, ""vol_weaker"": false, ""mom_weaker"": true}, ""momentum"": {""type"": ""momentum"", ""weaken_cnt"": 1, ""price_new"": true}, ""ratios"": {""volume_ratio"": 1.016325513689968, ""atr_ratio"": 1.1864043283665187, ""speed_ratio"": 1.107967813576772, ""strength_ratio"": 0.8475330112023756}, ""macd"": {""type"": ""macd"", ""peak1"": -4.293983148808662, ""peak2"": -4.7133439319943236, ""mode"": ""down""}}, ""context"": {""boundary_proximity"": 1.0, ""rejection_speed"": 0.3343035343035321, ""window_span_norm"": 0.295}}"
2025-09-26 13:05:00+00:00,SIG.BEICHI.RANGE.UP,3935.46,2.976461042854972,"{""zs_index"": 69, ""score"": 2.976461042854972, ""evidences"": {""volume_price"": {""type"": ""volume_price"", ""price_new"": true, ""vol_weaker"": false, ""mom_weaker"": true}, ""momentum"": {""type"": ""momentum"", ""weaken_cnt"": 2, ""price_new"": true}, ""ratios"": {""volume_ratio"": 3.4627444725975307, ""atr_ratio"": 2.4710130508925987, ""speed_ratio"": 2.0986559707269636, ""strength_ratio"": 0.9386817074584705}, ""macd"": {""type"": ""macd"", ""peak1"": 2.5186588462161645, ""peak2"": 6.2328645665531, ""mode"": ""up""}}, ""context"": {""boundary_proximity"": 0.7773546663391244, ""rejection_speed"": 0.10341373841916227, ""window_span_norm"": 0.12}}"
2025-10-05 20:25:00+00:00,SIG.BEICHI.RANGE.DOWN,4498.95,1.187756089282976,"{""zs_index"": 70, ""score"": 1.187756089282976, ""evidences"": {""volume_price"": {""type"": ""volume_price"", ""price_new"": false, ""vol_weaker"": false, ""mom_weaker"": false}, ""momentum"": {""type"": ""momentum"", ""weaken_cnt"": 1, ""price_new"": false}, ""ratios"": {""volume_ratio"": 1.6020561456827642, ""atr_ratio"": 1.7652586792740934, ""speed_ratio"": 1.1279328754080373, ""strength_ratio"": 11.460658337159607}, ""macd"": {""type"": ""macd"", ""peak1"": -4.795712818133596, ""peak2"": -1.7685421715723901, ""mode"": ""down""}}, ""context"": {""boundary_proximity"": 0.13592401435120738, ""rejection_speed"": 0.3403361344537526, ""window_span_norm"": 0.755}}"
2025-10-07 15:00:00+00:00,SIG.BEICHI.RANGE.UP,4590.62,3.7313327217926897,"{""zs_index"": 70, ""score"": 3.7313327217926897, ""evidences"": {""volume_price"": {""type"": ""volume_price"", ""price_new"": true, ""vol_weaker"": false, ""mom_weaker"": true}, ""momentum"": {""type"": ""momentum"", ""weaken_cnt"": 2, ""price_new"": true}, ""ratios"": {""volume_ratio"": 1.1630432517131228, ""atr_ratio"": 0.9695608362904611, ""speed_ratio"": 1.2450335437560258, ""strength_ratio"": 0.07315038353413406}, ""macd"": {""type"": ""macd"", ""peak1"": 4.902337181645206, ""peak2"": 6.328925696692698, ""mode"": ""up""}}, ""context"": {""boundary_proximity"": 1.0, ""rejection_speed"": 0.5522212029878165, ""window_span_norm"": 1.0}}"
2025-10-10 13:45:00+00:00,SIG.BEICHI.RANGE.UP,4361.36,1.6840520859618633,"{""zs_index"": 71, ""score"": 1.6840520859618633, ""evidences"": {""volume_price"": {""type"": ""volume_price"", ""price_new"": true, ""vol_weaker"": false, ""mom_weaker"": false}, ""momentum"": {""type"": ""momentum"", ""weaken_cnt"": 0, ""price_new"": true}, ""ratios"": {""volume_ratio"": 3.0578177793886216, ""atr_ratio"": 1.6580814105018973, ""speed_ratio"": 1.718120805369171, ""strength_ratio"": 3.0883290816343827}, ""macd"": {""type"": ""macd"", ""peak1"": 4.206878207425859, ""peak2"": 3.2986704105726625, ""mode"": ""up""}}, ""context"": {""boundary_proximity"": 0.7534201432697725, ""rejection_speed"": 1.710702828813104, ""window_span_norm"": 0.08}}"
2025-10-11 08:15:00+00:00,SIG.BEICHI.RANGE.DOWN,3797.97,3.1792017566066337,"{""zs_index"": 72, ""score"": 3.1792017566066337, ""evidences"": {""volume_price"": {""type"": ""volume_price"", ""price_new"": true, ""vol_weaker"": false, ""mom_weaker"": true}, ""momentum"": {""type"": ""momentum"", ""weaken_cnt"": 3, ""price_new"": true}, ""ratios"": {""volume_ratio"": 1.3716766968107756, ""atr_ratio"": 0.8905065063813515, ""speed_ratio"": 1.1761583011582897, ""strength_ratio"": 0.30167476214558964}, ""macd"": {""type"": ""macd"", ""peak1"": -3.323694242856516, ""peak2"": -2.9581915790647164, ""mode"": ""down""}}, ""context"": {""boundary_proximity"": 0.19200292767772276, ""rejection_speed"": 1.7912745284816098, ""window_span_norm"": 0.16}}"
2025-10-11 09:55:00+00:00,SIG.BEICHI.RANGE.UP,3829.37,1.1425405990019708,"{""zs_index"": 72, ""score"": 1.1425405990019708, ""evidences"": {""volume_price"": {""type"": ""volume_price"", ""price_new"": false, ""vol_weaker"": true, ""mom_weaker"": true}, ""momentum"": {""type"": ""momentum"", ""weaken_cnt"": 4, ""price_new"": false}, ""ratios"": {""volume_ratio"": 0.601526292147005, ""atr_ratio"": 0.6763692525949219, ""speed_ratio"": 0.3663773412517029, ""strength_ratio"": 0.5255948797953477}, ""macd"": {""type"": ""macd"", ""peak1"": 12.888718650090537, ""peak2"": 6.5645116320327075, ""mode"": ""up""}}, ""context"": {""boundary_proximity"": 0.6576505911101791, ""rejection_speed"": 0.18658374055977237, ""window_span_norm"": 0.09}}"
