ts,type,direction,signal,src_index
2025-03-31 15:00:00+00:00,trend,-1,start_down,0
2025-04-27 01:00:00+00:00,trend,1,reverse_up,1
2025-05-07 01:00:00+00:00,trend,1,continue_up,2
2025-05-25 08:00:00+00:00,trend,1,continue_up,3
2025-06-17 17:00:00+00:00,trend,-1,reverse_down,4
2025-06-26 03:00:00+00:00,trend,1,reverse_up,5
2025-07-10 07:00:00+00:00,trend,1,continue_up,6
2025-08-05 16:00:00+00:00,trend,1,continue_up,7
2025-08-24 19:00:00+00:00,trend,1,continue_up,8
2025-09-13 04:00:00+00:00,trend,1,continue_up,9
2025-09-26 11:00:00+00:00,trend,1,continue_up,10
2025-10-03 03:00:00+00:00,trend,0,end_trend,10
