ts,type,direction,signal,src_index
2025-04-09 18:30:00+00:00,trend,1,start_up,0
2025-04-29 23:00:00+00:00,trend,1,continue_up,1
2025-05-06 13:30:00+00:00,trend,1,continue_up,2
2025-05-27 13:30:00+00:00,trend,-1,reverse_down,3
2025-06-18 13:30:00+00:00,trend,1,reverse_up,4
2025-07-08 02:00:00+00:00,trend,1,continue_up,5
2025-08-02 19:00:00+00:00,trend,-1,reverse_down,6
2025-08-22 18:00:00+00:00,trend,-1,continue_down,7
2025-09-10 14:00:00+00:00,trend,1,reverse_up,8
2025-09-26 20:00:00+00:00,trend,1,continue_up,9
2025-10-07 08:00:00+00:00,trend,0,end_trend,9
