{
  "exist_ok": true,
  "parents": true,
  "utc": true,
  "index": false,
  "drop": true,
  "ignore_index": true,
  "ascending": false,
  "enable_quality": true,
  "enable_macd": true,
  "band_ratio": 0.002,
  "min_duration_days": 1,
  "allow_overlap_zs": true,
  "break_validation": false,
  "merge_same_dir": true,
  "use_atr_normalize": true,
  "strict_alt": false,
  "min_ratio": 0.0005,
  "lookback_hours": 72,
  "min_score": 1.8,
  "top_n": 8,
  "gap": 3,
  "atr_k": 2.5,
  "min_bars": 3,
  "enable_breakthrough": true,
  "enable_quality_markers": true,
  "use_midpoint": true,
  "dedup": false,
  "min_score_alt": 1.8,
  "thr": 1.6,
  "max_levels": 3,
  "min_duration": 1,
  "min_duration_days_alt": 1,
  "price_strength": 1,
  "time_strength": 1,
  "bi_count_strength": 1,
  "overall_strength": 1,
  "allow_overlap_zs_alt": true,
  "merge_same_dir_alt": true,
  "enable_quality_alt": true,
  "enable_breakthrough_alt": true,
  "min_bars_alt": 3,
  "atr_k_alt": 2.5,
  "gap_alt": 3,
  "minseg": 2,
  "lookback_hours_alt": 72,
  "enable_macd_alt": true,
  "band_ratio_alt": 0.002,
  "price_strength_alt": 1,
  "time_strength_alt": 1,
  "bi_count_strength_alt": 1,
  "overall_strength_alt": 1,
  "use_atr_normalize_alt": true,
  "enable_quality_markers_alt": true,
  "gap_fast": 3,
  "atr_k_fast": 2.5,
  "gap_slow": 5,
  "atr_k_slow": 3.0,
  "minseg_fast": 2,
  "minseg_slow": 3,
  "strict": false,
  "strict_alt2": false,
  "dedup_alt": false,
  "int": 5,
  "bool": true,
  "n": 5,
  "ok": false,
  "price": 1.0,
  "volume": 1.0,
  "k_span_sum": 1.0
}
