{
  "BTCUSDT": {
    "5m":  {"gap_hours": 72, "price_thr": 0.005, "min_segments": 2, "enable_quality": true},
    "15m": {"gap_hours": 72, "price_thr": 0.015, "min_segments": 2, "enable_quality": true},
    "30m": {"gap_hours": 48, "price_thr": 0.020, "min_segments": 3, "enable_quality": true},
    "1h":  {"gap_hours": 48, "price_thr": 0.015, "min_segments": 2, "enable_quality": true},
    "4h":  {"gap_hours": 36, "price_thr": 0.020, "min_segments": 2, "enable_quality": true}
  },
  "ETHUSDT": {
    "5m":  {"gap_hours": 48, "price_thr": 0.005, "min_segments": 2, "enable_quality": true},
    "15m": {"gap_hours": 72, "price_thr": 0.005, "min_segments": 2, "enable_quality": true},
    "30m": {"gap_hours": 72, "price_thr": 0.005, "min_segments": 2, "enable_quality": true},
    "1h":  {"gap_hours": 36, "price_thr": 0.010, "min_segments": 3, "enable_quality": true},
    "4h":  {"gap_hours": 24, "price_thr": 0.005, "min_segments": 3, "enable_quality": true}
  }
}
