{
  "level": "segment",
  "require_alt_dir": null,
  "min_hits": 3,
  "leave_confirm": 1,
  "allow_overlap_zs": true,
  "enable_quality": true,
  "enhancements": {
    "strict_alternating_direction": true,
    "min_zs_width_ratio": 0.005,
    "max_extension_units": 20,

    "confirm_third_point": true,
    "tp_pullback_max_units": 3,
    "tp_continuation_max_units": 3,
    "tp_buffer_ratio": 0.15,
    "tp_use_atr_band": true,
    "tp_atr_k": 0.5,

    "zs_adj_abs_tol": 1e-6,
    "zs_adj_rel_tol": 0.0005,
    "zs_adj_k_atr": 0.25
  }
}
