rel,bytes,mtime
BTCUSDT/15m_chanK.csv,1213893,2025-10-14 02:32:27.162913084+00:00
BTCUSDT/1h_chanK.csv,301113,2025-10-14 02:32:29.096009254+00:00
BTCUSDT/30m_chanK.csv,605207,2025-10-14 02:32:28.460666895+00:00
BTCUSDT/4h_chanK.csv,69923,2025-10-14 02:32:29.264950514+00:00
BTCUSDT/5m_chanK.csv,3600643,2025-10-14 02:32:24.363869190+00:00
ETHUSDT/15m_chanK.csv,1121010,2025-10-14 02:32:39.931023598+00:00
ETHUSDT/1h_chanK.csv,267295,2025-10-14 02:32:41.785378218+00:00
ETHUSDT/30m_chanK.csv,547712,2025-10-14 02:32:41.145197630+00:00
ETHUSDT/4h_chanK.csv,65633,2025-10-14 02:32:41.938349009+00:00
ETHUSDT/5m_chanK.csv,3396132,2025-10-14 02:32:37.347111225+00:00
_manifest.csv,13448,2025-10-15 13:31:18.549567461+00:00
bi/BTCUSDT/15m_bi.csv,96531,2025-10-14 15:22:00.003395796+00:00
bi/BTCUSDT/1h_bi.csv,57660,2025-10-14 15:22:00.840316772+00:00
bi/BTCUSDT/30m_bi.csv,83457,2025-10-14 15:22:00.534128428+00:00
bi/BTCUSDT/4h_bi.csv,16086,2025-10-14 15:22:00.913661718+00:00
bi/BTCUSDT/5m_bi.csv,87297,2025-10-14 15:21:58.879000187+00:00
bi/ETHUSDT/15m_bi.csv,217406,2025-10-14 15:22:05.747729540+00:00
bi/ETHUSDT/1h_bi.csv,64074,2025-10-14 15:22:06.754866362+00:00
bi/ETHUSDT/30m_bi.csv,127431,2025-10-14 15:22:06.462823868+00:00
bi/ETHUSDT/4h_bi.csv,18028,2025-10-14 15:22:06.817101002+00:00
bi/ETHUSDT/5m_bi.csv,331785,2025-10-14 15:22:04.467729568+00:00
fractals/BTCUSDT/15m_fractals.csv,426291,2025-10-14 12:40:44.028584957+00:00
fractals/BTCUSDT/1h_fractals.csv,107687,2025-10-14 12:40:44.407536983+00:00
fractals/BTCUSDT/30m_fractals.csv,212424,2025-10-14 12:40:44.281882048+00:00
fractals/BTCUSDT/4h_fractals.csv,25057,2025-10-14 12:40:44.439430714+00:00
fractals/BTCUSDT/5m_fractals.csv,1281678,2025-10-14 12:40:43.466052294+00:00
fractals/ETHUSDT/15m_fractals.csv,420852,2025-10-14 12:40:46.450881958+00:00
fractals/ETHUSDT/1h_fractals.csv,101894,2025-10-14 12:40:46.820124388+00:00
fractals/ETHUSDT/30m_fractals.csv,202527,2025-10-14 12:40:46.693475962+00:00
fractals/ETHUSDT/4h_fractals.csv,23023,2025-10-14 12:40:46.850409746+00:00
fractals/ETHUSDT/5m_fractals.csv,1281899,2025-10-14 12:40:45.926200390+00:00
mapped/segments_fast/BTCUSDT/15m_segments_mapped.csv,27125,2025-10-15 10:10:14.978652+00:00
mapped/segments_fast/BTCUSDT/1h_segments_mapped.csv,14910,2025-10-15 10:10:15.032546042+00:00
mapped/segments_fast/BTCUSDT/30m_segments_mapped.csv,24403,2025-10-15 10:10:15.011825562+00:00
mapped/segments_fast/BTCUSDT/4h_segments_mapped.csv,4090,2025-10-15 10:10:15.041969538+00:00
mapped/segments_fast/BTCUSDT/5m_segments_mapped.csv,27238,2025-10-15 10:10:14.919728994+00:00
mapped/segments_fast/ETHUSDT/15m_segments_mapped.csv,58280,2025-10-15 10:10:15.250055790+00:00
mapped/segments_fast/ETHUSDT/1h_segments_mapped.csv,17565,2025-10-15 10:10:15.288424730+00:00
mapped/segments_fast/ETHUSDT/30m_segments_mapped.csv,32027,2025-10-15 10:10:15.273745060+00:00
mapped/segments_fast/ETHUSDT/4h_segments_mapped.csv,4485,2025-10-15 10:10:15.294826269+00:00
mapped/segments_fast/ETHUSDT/5m_segments_mapped.csv,97536,2025-10-15 10:10:15.205494642+00:00
segments/fast/BTCUSDT/15m_segments.csv,26093,2025-10-14 17:05:41.138784647+00:00
segments/fast/BTCUSDT/1h_segments.csv,14383,2025-10-14 17:05:41.377714634+00:00
segments/fast/BTCUSDT/30m_segments.csv,23569,2025-10-14 17:05:41.280151367+00:00
segments/fast/BTCUSDT/4h_segments.csv,3949,2025-10-14 17:05:41.406318665+00:00
segments/fast/BTCUSDT/5m_segments.csv,26239,2025-10-14 17:05:40.986850023+00:00
segments/fast/ETHUSDT/15m_segments.csv,55948,2025-10-14 17:05:42.156839371+00:00
segments/fast/ETHUSDT/1h_segments.csv,16919,2025-10-14 17:05:42.441065788+00:00
segments/fast/ETHUSDT/30m_segments.csv,30880,2025-10-14 17:05:42.351219893+00:00
segments/fast/ETHUSDT/4h_segments.csv,4324,2025-10-14 17:05:42.477450609+00:00
segments/fast/ETHUSDT/5m_segments.csv,93743,2025-10-14 17:05:41.847459316+00:00
segments/slow/BTCUSDT/15m_segments.csv,11415,2025-10-14 16:58:57.644659281+00:00
segments/slow/BTCUSDT/1h_segments.csv,5553,2025-10-14 16:58:57.854378223+00:00
segments/slow/BTCUSDT/30m_segments.csv,8474,2025-10-14 16:58:57.769802094+00:00
segments/slow/BTCUSDT/4h_segments.csv,867,2025-10-14 16:58:57.887782097+00:00
segments/slow/BTCUSDT/5m_segments.csv,10257,2025-10-14 16:58:57.508893728+00:00
segments/slow/ETHUSDT/15m_segments.csv,20676,2025-10-14 16:58:58.607215405+00:00
segments/slow/ETHUSDT/1h_segments.csv,6023,2025-10-14 16:58:58.891747952+00:00
segments/slow/ETHUSDT/30m_segments.csv,10607,2025-10-14 16:58:58.800714970+00:00
segments/slow/ETHUSDT/4h_segments.csv,1465,2025-10-14 16:58:58.925957680+00:00
segments/slow/ETHUSDT/5m_segments.csv,37280,2025-10-14 16:58:58.312830210+00:00
signals/beichi/BTCUSDT/15m_beichi_all.csv,46690,2025-10-15 11:14:23.117765427+00:00
signals/beichi/BTCUSDT/15m_beichi_range.csv,14664,2025-10-15 11:14:23.116257668+00:00
signals/beichi/BTCUSDT/15m_beichi_trend.csv,32055,2025-10-15 11:14:22.603071928+00:00
signals/beichi/BTCUSDT/1h_beichi_all.csv,27793,2025-10-15 11:14:25.182221651+00:00
signals/beichi/BTCUSDT/1h_beichi_range.csv,12401,2025-10-15 11:14:25.180711985+00:00
signals/beichi/BTCUSDT/1h_beichi_trend.csv,15421,2025-10-15 11:14:24.924747467+00:00
signals/beichi/BTCUSDT/30m_beichi_all.csv,43280,2025-10-15 11:14:24.485839605+00:00
signals/beichi/BTCUSDT/30m_beichi_range.csv,14628,2025-10-15 11:14:24.484491110+00:00
signals/beichi/BTCUSDT/30m_beichi_trend.csv,28681,2025-10-15 11:14:24.057439566+00:00
signals/beichi/BTCUSDT/4h_beichi_all.csv,5865,2025-10-15 11:14:25.242947578+00:00
signals/beichi/BTCUSDT/4h_beichi_range.csv,5125,2025-10-15 11:14:25.242272854+00:00
signals/beichi/BTCUSDT/4h_beichi_trend.csv,769,2025-10-15 11:14:25.209540844+00:00
signals/beichi/BTCUSDT/5m_beichi_all.csv,46033,2025-10-15 11:14:21.289772034+00:00
signals/beichi/BTCUSDT/5m_beichi_range.csv,16932,2025-10-15 11:14:21.288280249+00:00
signals/beichi/BTCUSDT/5m_beichi_trend.csv,29130,2025-10-15 11:14:20.826514959+00:00
signals/beichi/ETHUSDT/15m_beichi_all.csv,98682,2025-10-15 11:14:35.438091278+00:00
signals/beichi/ETHUSDT/15m_beichi_range.csv,34157,2025-10-15 11:14:35.436038256+00:00
signals/beichi/ETHUSDT/15m_beichi_trend.csv,64554,2025-10-15 11:14:34.353960752+00:00
signals/beichi/ETHUSDT/1h_beichi_all.csv,22554,2025-10-15 11:14:38.197055101+00:00
signals/beichi/ETHUSDT/1h_beichi_range.csv,7253,2025-10-15 11:14:38.195825815+00:00
signals/beichi/ETHUSDT/1h_beichi_trend.csv,15330,2025-10-15 11:14:37.988509178+00:00
signals/beichi/ETHUSDT/30m_beichi_all.csv,62862,2025-10-15 11:14:37.623286724+00:00
signals/beichi/ETHUSDT/30m_beichi_range.csv,21076,2025-10-15 11:14:37.621675253+00:00
signals/beichi/ETHUSDT/30m_beichi_trend.csv,41815,2025-10-15 11:14:36.956912518+00:00
signals/beichi/ETHUSDT/4h_beichi_all.csv,7976,2025-10-15 11:14:38.271830082+00:00
signals/beichi/ETHUSDT/4h_beichi_range.csv,3635,2025-10-15 11:14:38.270963192+00:00
signals/beichi/ETHUSDT/4h_beichi_trend.csv,4370,2025-10-15 11:14:38.242441654+00:00
signals/beichi/ETHUSDT/5m_beichi_all.csv,170626,2025-10-15 11:14:31.650523186+00:00
signals/beichi/ETHUSDT/5m_beichi_range.csv,60506,2025-10-15 11:14:31.646945+00:00
signals/beichi/ETHUSDT/5m_beichi_trend.csv,110149,2025-10-15 11:14:29.877416134+00:00
signals/merged/BTCUSDT/15m_merged_signals.csv,5983,2025-10-15 12:00:20.292282820+00:00
signals/merged/BTCUSDT/1h_merged_signals.csv,4031,2025-10-15 12:00:20.305021048+00:00
signals/merged/BTCUSDT/30m_merged_signals.csv,5852,2025-10-15 12:00:20.298063755+00:00
signals/merged/BTCUSDT/4h_merged_signals.csv,973,2025-10-15 12:00:20.308488369+00:00
signals/merged/BTCUSDT/5m_merged_signals.csv,5905,2025-10-15 12:00:20.284274340+00:00
signals/merged/ETHUSDT/15m_merged_signals.csv,11732,2025-10-15 12:00:20.319117546+00:00
signals/merged/ETHUSDT/1h_merged_signals.csv,3393,2025-10-15 12:00:20.327203989+00:00
signals/merged/ETHUSDT/30m_merged_signals.csv,7685,2025-10-15 12:00:20.323439360+00:00
signals/merged/ETHUSDT/4h_merged_signals.csv,1089,2025-10-15 12:00:20.330549002+00:00
signals/merged/ETHUSDT/5m_merged_signals.csv,20205,2025-10-15 12:00:20.314138889+00:00
signals/mmd/BTCUSDT/15m_mmd123.csv,5171,2025-10-15 13:21:56.109394073+00:00
signals/mmd/BTCUSDT/1h_mmd123.csv,3631,2025-10-15 13:21:56.272530794+00:00
signals/mmd/BTCUSDT/30m_mmd123.csv,5251,2025-10-15 13:21:56.214220762+00:00
signals/mmd/BTCUSDT/4h_mmd123.csv,908,2025-10-15 13:21:56.294564009+00:00
signals/mmd/BTCUSDT/5m_mmd123.csv,5164,2025-10-15 13:21:55.997061014+00:00
signals/mmd/ETHUSDT/15m_mmd123.csv,11891,2025-10-15 13:21:57.440523624+00:00
signals/mmd/ETHUSDT/1h_mmd123.csv,2340,2025-10-15 13:21:57.567402124+00:00
signals/mmd/ETHUSDT/30m_mmd123.csv,7595,2025-10-15 13:21:57.527832985+00:00
signals/mmd/ETHUSDT/4h_mmd123.csv,1068,2025-10-15 13:21:57.585843563+00:00
signals/mmd/ETHUSDT/5m_mmd123.csv,20627,2025-10-15 13:21:57.294586420+00:00
signals/trading/BTCUSDT/multi_tf_trading_signals.csv,29418,2025-10-15 13:21:57.014631033+00:00
signals/trading/ETHUSDT/multi_tf_trading_signals.csv,66478,2025-10-15 13:21:59.297631979+00:00
trend_practical/BTCUSDT/15m_trend.csv,4575,2025-10-15 08:13:30.981182337+00:00
trend_practical/BTCUSDT/1h_trend.csv,4005,2025-10-15 08:13:30.998763800+00:00
trend_practical/BTCUSDT/30m_trend.csv,4512,2025-10-15 08:13:31.019301176+00:00
trend_practical/BTCUSDT/4h_trend.csv,1386,2025-10-15 08:13:31.026387453+00:00
trend_practical/BTCUSDT/5m_trend.csv,3428,2025-10-15 08:13:31.045384884+00:00
trend_practical/ETHUSDT/15m_trend.csv,366,2025-10-15 08:13:31.072518349+00:00
trend_practical/ETHUSDT/1h_trend.csv,3824,2025-10-15 08:13:31.158442497+00:00
trend_practical/ETHUSDT/30m_trend.csv,750,2025-10-15 08:13:31.182792902+00:00
trend_practical/ETHUSDT/4h_trend.csv,368,2025-10-15 08:13:31.194535255+00:00
trend_practical/ETHUSDT/5m_trend.csv,1126,2025-10-15 08:13:31.248759508+00:00
trend_signals/BTCUSDT/15m_trend_signal.csv,371,2025-10-15 10:26:56.971169233+00:00
trend_signals/BTCUSDT/1h_trend_signal.csv,565,2025-10-15 10:26:56.981781483+00:00
trend_signals/BTCUSDT/30m_trend_signal.csv,563,2025-10-15 10:26:56.976712465+00:00
trend_signals/BTCUSDT/4h_trend_signal.csv,226,2025-10-15 10:26:56.985879898+00:00
trend_signals/BTCUSDT/5m_trend_signal.csv,368,2025-10-15 10:26:56.965606213+00:00
trend_signals/ETHUSDT/15m_trend_signal.csv,126,2025-10-15 10:26:56.997980595+00:00
trend_signals/ETHUSDT/1h_trend_signal.csv,611,2025-10-15 10:26:57.007225275+00:00
trend_signals/ETHUSDT/30m_trend_signal.csv,223,2025-10-15 10:26:57.002377033+00:00
trend_signals/ETHUSDT/4h_trend_signal.csv,129,2025-10-15 10:26:57.010664463+00:00
trend_signals/ETHUSDT/5m_trend_signal.csv,325,2025-10-15 10:26:56.992209911+00:00
zhongshu_fast/BTCUSDT/15m_zhongshu.csv,9507,2025-10-14 17:43:09.476035118+00:00
zhongshu_fast/BTCUSDT/1h_zhongshu.csv,6866,2025-10-14 17:43:09.490674973+00:00
zhongshu_fast/BTCUSDT/30m_zhongshu.csv,8771,2025-10-14 17:43:09.483555794+00:00
zhongshu_fast/BTCUSDT/4h_zhongshu.csv,2353,2025-10-14 17:43:09.496051550+00:00
zhongshu_fast/BTCUSDT/5m_zhongshu.csv,8127,2025-10-14 17:43:09.467598200+00:00
zhongshu_fast/ETHUSDT/15m_zhongshu.csv,21166,2025-10-14 17:43:09.527299404+00:00
zhongshu_fast/ETHUSDT/1h_zhongshu.csv,6281,2025-10-14 17:43:09.550596714+00:00
zhongshu_fast/ETHUSDT/30m_zhongshu.csv,13444,2025-10-14 17:43:09.539460897+00:00
zhongshu_fast/ETHUSDT/4h_zhongshu.csv,1997,2025-10-14 17:43:09.559066296+00:00
zhongshu_fast/ETHUSDT/5m_zhongshu.csv,31775,2025-10-14 17:43:09.512451887+00:00
zhongshu_hierarchy_fast/BTCUSDT/15m_L1.csv,9053,2025-10-15 07:01:57.420326233+00:00
zhongshu_hierarchy_fast/BTCUSDT/15m_L2.csv,1148,2025-10-15 07:01:57.420836687+00:00
zhongshu_hierarchy_fast/BTCUSDT/1h_L1.csv,6530,2025-10-15 07:01:57.436091900+00:00
zhongshu_hierarchy_fast/BTCUSDT/30m_L1.csv,8366,2025-10-15 07:01:57.430871010+00:00
zhongshu_hierarchy_fast/BTCUSDT/30m_L2.csv,728,2025-10-15 07:01:57.431263685+00:00
zhongshu_hierarchy_fast/BTCUSDT/4h_L1.csv,2258,2025-10-15 07:01:57.440243721+00:00
zhongshu_hierarchy_fast/BTCUSDT/5m_L1.csv,7743,2025-10-15 07:01:57.404872894+00:00
zhongshu_hierarchy_fast/ETHUSDT/15m_L1.csv,20191,2025-10-15 07:01:57.472704649+00:00
zhongshu_hierarchy_fast/ETHUSDT/15m_L2.csv,1456,2025-10-15 07:01:57.473196268+00:00
zhongshu_hierarchy_fast/ETHUSDT/1h_L1.csv,5999,2025-10-15 07:01:57.490545273+00:00
zhongshu_hierarchy_fast/ETHUSDT/30m_L1.csv,12794,2025-10-15 07:01:57.485019684+00:00
zhongshu_hierarchy_fast/ETHUSDT/30m_L2.csv,791,2025-10-15 07:01:57.485471010+00:00
zhongshu_hierarchy_fast/ETHUSDT/4h_L1.csv,1908,2025-10-15 07:01:57.494051695+00:00
zhongshu_hierarchy_fast/ETHUSDT/5m_L1.csv,30172,2025-10-15 07:01:57.457122087+00:00
zhongshu_hierarchy_fast/ETHUSDT/5m_L2.csv,1548,2025-10-15 07:01:57.457576036+00:00
zhongshu_slow/BTCUSDT/15m_zhongshu.csv,2368,2025-10-14 17:43:09.418809891+00:00
zhongshu_slow/BTCUSDT/1h_zhongshu.csv,822,2025-10-14 17:43:09.430072069+00:00
zhongshu_slow/BTCUSDT/30m_zhongshu.csv,1226,2025-10-14 17:43:09.424861908+00:00
zhongshu_slow/BTCUSDT/4h_zhongshu.csv,494,2025-10-14 17:43:09.432390928+00:00
zhongshu_slow/BTCUSDT/5m_zhongshu.csv,2034,2025-10-14 17:43:09.411213875+00:00
zhongshu_slow/ETHUSDT/15m_zhongshu.csv,4066,2025-10-14 17:43:09.446719646+00:00
zhongshu_slow/ETHUSDT/1h_zhongshu.csv,1651,2025-10-14 17:43:09.457616806+00:00
zhongshu_slow/ETHUSDT/30m_zhongshu.csv,2431,2025-10-14 17:43:09.452123165+00:00
zhongshu_slow/ETHUSDT/4h_zhongshu.csv,494,2025-10-14 17:43:09.459778786+00:00
zhongshu_slow/ETHUSDT/5m_zhongshu.csv,6729,2025-10-14 17:43:09.440300941+00:00
