ts,etype,label,direction,src,px,score
2025-03-29 02:15:00+00:00,SIG.BEICHI.RANGE.UP,beichi,,beichi,1906.4,1.587216028349453
2025-03-30 17:00:00+00:00,SIG.BEICHI.TREND.DOWN,beichi,,beichi,1800.24,3.185232744783306
2025-03-31 10:00:00+00:00,SIG.BEICHI.TREND.DOWN,beichi,,beichi,1783.31,3.053162673016814
2025-03-31 15:00:00+00:00,SIG.BEICHI.RANGE.UP,beichi,,beichi,1840.36,1.4922638861820277
2025-04-02 20:15:00+00:00,SIG.BEICHI.RANGE.UP,beichi,,beichi,1898.68,2.662506566604127
2025-04-04 09:45:00+00:00,SIG.BEICHI.RANGE.UP,beichi,,beichi,1829.41,1.6280778330190346
2025-04-06 14:15:00+00:00,SIG.BEICHI.TREND.DOWN,beichi,,beichi,1752.47,3.0604086140254045
2025-04-08 08:15:00+00:00,SIG.BEICHI.TREND.DOWN,beichi,,beichi,1557.71,1.52
2025-04-08 12:00:00+00:00,SIG.BEICHI.TREND.UP,beichi,,beichi,1585.26,2.734634146341458
2025-04-08 19:30:00+00:00,SIG.BEICHI.TREND.DOWN,beichi,,beichi,1457.12,2.0071778208376845
2025-04-09 21:15:00+00:00,SIG.BEICHI.TREND.UP,beichi,,beichi,1682.1,2.2037992377939104
2025-04-11 05:45:00+00:00,SIG.BEICHI.RANGE.DOWN,beichi,,beichi,1549.19,1.426230769230762
2025-04-12 14:30:00+00:00,SIG.BEICHI.TREND.UP,beichi,,beichi,1654.59,3.0618531312917243
2025-04-12 14:30:00+00:00,SIG.BEICHI.RANGE.UP,beichi,,beichi,1654.59,3.5398531312917245
2025-04-13 10:00:00+00:00,SIG.BEICHI.TREND.UP,beichi,,beichi,1621.79,1.2204381527036414
2025-04-13 19:45:00+00:00,SIG.BEICHI.TREND.DOWN,beichi,,beichi,1590.25,3.276
2025-04-14 07:15:00+00:00,SIG.BEICHI.TREND.DOWN,beichi,,beichi,1625.37,0.9583202746720592
2025-04-14 11:15:00+00:00,SIG.BEICHI.TREND.UP,beichi,,beichi,1675.87,2.728070509766557
2025-04-15 14:00:00+00:00,SIG.BEICHI.RANGE.UP,beichi,,beichi,1630.6,3.732
2025-04-16 00:15:00+00:00,SIG.BEICHI.TREND.DOWN,beichi,,beichi,1592.82,3.0785063602790284
2025-04-16 00:15:00+00:00,SIG.BEICHI.RANGE.DOWN,beichi,,beichi,1592.82,1.5685063602790288
2025-04-18 07:15:00+00:00,SIG.BEICHI.RANGE.DOWN,beichi,,beichi,1581.83,0.8351786094620018
2025-04-19 18:00:00+00:00,SIG.BEICHI.TREND.UP,beichi,,beichi,1619.06,2.8195534864035574
2025-04-20 11:45:00+00:00,SIG.BEICHI.TREND.DOWN,beichi,,beichi,1572.62,1.034882916137975
2025-04-23 23:00:00+00:00,SIG.BEICHI.TREND.UP,beichi,,beichi,1805.0,1.0587602238484797
2025-04-27 01:00:00+00:00,SIG.BEICHI.TREND.UP,beichi,,beichi,1850.76,2.9664186046511567
2025-04-28 16:15:00+00:00,SIG.BEICHI.TREND.DOWN,beichi,,beichi,1758.83,2.7832110081179144
2025-05-04 05:45:00+00:00,SIG.BEICHI.TREND.UP,beichi,,beichi,1845.74,1.340527124453382
2025-05-05 02:00:00+00:00,SIG.BEICHI.TREND.DOWN,beichi,,beichi,1792.44,2.0334603394527218
2025-05-07 22:15:00+00:00,SIG.BEICHI.RANGE.DOWN,beichi,,beichi,1810.41,1.8561202661626424
2025-05-11 00:00:00+00:00,SIG.BEICHI.TREND.UP,beichi,,beichi,2580.67,2.937960954446853
2025-05-11 12:00:00+00:00,SIG.BEICHI.TREND.UP,beichi,,beichi,2524.86,2.72036137459181
2025-05-11 22:00:00+00:00,SIG.BEICHI.TREND.UP,beichi,,beichi,2509.54,0.97911859970554
2025-05-13 04:45:00+00:00,SIG.BEICHI.RANGE.DOWN,beichi,,beichi,2455.59,3.069742469746336
2025-05-15 00:45:00+00:00,SIG.BEICHI.TREND.UP,beichi,,beichi,2632.3,2.627173704633628
2025-05-16 07:30:00+00:00,SIG.BEICHI.TREND.UP,beichi,,beichi,2596.71,1.1902008773955155
2025-05-16 12:00:00+00:00,SIG.BEICHI.RANGE.UP,beichi,,beichi,2615.56,0.795193123163082
2025-05-17 05:45:00+00:00,SIG.BEICHI.TREND.DOWN,beichi,,beichi,2479.96,3.4
2025-05-17 05:45:00+00:00,SIG.BEICHI.RANGE.DOWN,beichi,,beichi,2479.96,2.8840000000000003
2025-05-20 19:30:00+00:00,SIG.BEICHI.RANGE.DOWN,beichi,,beichi,2487.69,1.824717791411039
2025-05-21 06:45:00+00:00,SIG.BEICHI.TREND.UP,beichi,,beichi,2597.68,2.9110972192282945
2025-05-22 19:45:00+00:00,SIG.BEICHI.TREND.DOWN,beichi,,beichi,2634.51,1.456
2025-05-23 02:30:00+00:00,SIG.BEICHI.TREND.UP,beichi,,beichi,2712.69,2.9963815683104293
2025-05-26 14:30:00+00:00,SIG.BEICHI.TREND.DOWN,beichi,,beichi,2547.79,1.5376409631210044
2025-05-27 02:45:00+00:00,SIG.BEICHI.RANGE.DOWN,beichi,,beichi,2535.61,3.285685924034465
2025-05-29 22:15:00+00:00,SIG.BEICHI.TREND.UP,beichi,,beichi,2659.46,0.854686733040059
2025-05-30 12:15:00+00:00,SIG.BEICHI.TREND.DOWN,beichi,,beichi,2594.6,3.316
2025-06-01 12:45:00+00:00,SIG.BEICHI.TREND.DOWN,beichi,,beichi,2484.17,3.321362855851786
2025-06-04 15:45:00+00:00,SIG.BEICHI.TREND.UP,beichi,,beichi,2667.93,3.388
2025-06-04 17:30:00+00:00,SIG.BEICHI.RANGE.UP,beichi,,beichi,2636.26,2.3217056251866364
2025-06-08 17:00:00+00:00,SIG.BEICHI.TREND.UP,beichi,,beichi,2526.61,1.1380569758948278
2025-06-09 09:45:00+00:00,SIG.BEICHI.RANGE.DOWN,beichi,,beichi,2509.29,3.728
2025-06-11 00:15:00+00:00,SIG.BEICHI.TREND.UP,beichi,,beichi,2805.78,2.0588739854762887
2025-06-14 17:00:00+00:00,SIG.BEICHI.TREND.DOWN,beichi,,beichi,2503.57,3.1082893904239524
2025-06-18 04:45:00+00:00,SIG.BEICHI.TREND.UP,beichi,,beichi,2536.97,1.4220885566417374
2025-06-18 13:30:00+00:00,SIG.BEICHI.TREND.DOWN,beichi,,beichi,2486.7,2.7106237312586905
2025-06-19 15:45:00+00:00,SIG.BEICHI.TREND.DOWN,beichi,,beichi,2492.97,1.245099977329425
2025-06-20 08:15:00+00:00,SIG.BEICHI.TREND.UP,beichi,,beichi,2561.34,3.264
2025-06-20 13:30:00+00:00,SIG.BEICHI.RANGE.UP,beichi,,beichi,2548.97,1.9349573459715708
2025-06-21 21:45:00+00:00,SIG.BEICHI.TREND.DOWN,beichi,,beichi,2281.8,2.6
2025-06-24 05:45:00+00:00,SIG.BEICHI.RANGE.UP,beichi,,beichi,2420.01,3.611352883675473
2025-06-25 19:15:00+00:00,SIG.BEICHI.TREND.UP,beichi,,beichi,2435.81,3.3280000000000003
2025-06-27 07:15:00+00:00,SIG.BEICHI.TREND.UP,beichi,,beichi,2445.72,2.9796653539525497
2025-06-27 19:45:00+00:00,SIG.BEICHI.RANGE.DOWN,beichi,,beichi,2412.67,1.1939813834848465
2025-06-29 10:15:00+00:00,SIG.BEICHI.RANGE.UP,beichi,,beichi,2454.71,3.866
2025-07-02 04:30:00+00:00,SIG.BEICHI.RANGE.DOWN,beichi,,beichi,2435.32,2.27456815206318
2025-07-02 12:45:00+00:00,SIG.BEICHI.TREND.DOWN,beichi,,beichi,2438.5,3.2425928195074336
2025-07-02 22:30:00+00:00,SIG.BEICHI.TREND.UP,beichi,,beichi,2600.17,2.0402711058263914
2025-07-03 02:45:00+00:00,SIG.TREND,start_up,1.0,trend,,
2025-07-03 12:30:00+00:00,SIG.BEICHI.TREND.UP,beichi,,beichi,2579.24,3.3200000000000003
2025-07-04 08:00:00+00:00,SIG.BEICHI.TREND.DOWN,beichi,,beichi,2530.51,3.184
2025-07-08 10:15:00+00:00,SIG.BEICHI.RANGE.DOWN,beichi,,beichi,2558.99,2.848176480195404
2025-07-09 05:45:00+00:00,SIG.BEICHI.RANGE.UP,beichi,,beichi,2628.21,3.716
2025-07-12 07:15:00+00:00,SIG.BEICHI.TREND.UP,beichi,,beichi,2971.19,3.328
2025-07-15 14:00:00+00:00,SIG.BEICHI.TREND.UP,beichi,,beichi,3062.99,3.232
2025-07-17 06:00:00+00:00,SIG.BEICHI.RANGE.DOWN,beichi,,beichi,3373.5,2.473045115948755
2025-07-17 10:30:00+00:00,SIG.BEICHI.TREND.UP,beichi,,beichi,3455.98,2.0789311893077205
2025-07-17 19:30:00+00:00,SIG.BEICHI.TREND.UP,beichi,,beichi,3443.25,0.8379834782925115
2025-07-18 05:45:00+00:00,SIG.BEICHI.RANGE.UP,beichi,,beichi,3669.9,2.89
2025-07-20 03:45:00+00:00,SIG.BEICHI.RANGE.UP,beichi,,beichi,3658.01,3.649519812479075
2025-07-20 03:45:00+00:00,SIG.BEICHI.TREND.UP,beichi,,beichi,3658.01,3.2474332302502145
2025-07-21 14:45:00+00:00,SIG.BEICHI.TREND.UP,beichi,,beichi,3841.02,2.064204158790168
2025-07-22 00:30:00+00:00,SIG.BEICHI.RANGE.UP,beichi,,beichi,3748.45,1.5050839805421024
2025-07-23 10:15:00+00:00,SIG.BEICHI.RANGE.DOWN,beichi,,beichi,3657.79,2.328526280827045
2025-07-23 10:15:00+00:00,SIG.BEICHI.TREND.DOWN,beichi,,beichi,3657.79,0.8945262808270446
2025-07-25 17:45:00+00:00,SIG.BEICHI.RANGE.DOWN,beichi,,beichi,3636.48,3.1074169499472526
2025-07-26 02:45:00+00:00,SIG.BEICHI.RANGE.UP,beichi,,beichi,3742.67,3.226402715970078
2025-07-26 02:45:00+00:00,SIG.BEICHI.TREND.UP,beichi,,beichi,3742.67,2.718402715970078
2025-07-26 15:15:00+00:00,SIG.BEICHI.TREND.DOWN,beichi,,beichi,3724.86,0.9463280009206888
2025-07-27 05:15:00+00:00,SIG.BEICHI.TREND.UP,beichi,,beichi,3799.64,3.029327805744726
2025-07-30 07:00:00+00:00,SIG.BEICHI.TREND.UP,beichi,,beichi,3820.41,1.0460592168099452
2025-07-30 11:45:00+00:00,SIG.BEICHI.TREND.DOWN,beichi,,beichi,3758.18,0.8741429907790859
2025-07-31 12:45:00+00:00,SIG.BEICHI.RANGE.UP,beichi,,beichi,3835.0,3.503021976140198
2025-08-04 17:15:00+00:00,SIG.BEICHI.TREND.UP,beichi,,beichi,3694.99,2.9185708379710507
2025-08-06 18:00:00+00:00,SIG.BEICHI.RANGE.UP,beichi,,beichi,3695.88,1.848
2025-08-08 13:15:00+00:00,SIG.BEICHI.RANGE.DOWN,beichi,,beichi,3912.79,2.056
2025-08-09 10:15:00+00:00,SIG.BEICHI.TREND.UP,beichi,,beichi,4225.84,2.9815869043895393
2025-08-12 04:45:00+00:00,SIG.BEICHI.TREND.UP,beichi,,beichi,4310.94,0.9157961373390412
2025-08-13 13:30:00+00:00,SIG.BEICHI.TREND.UP,beichi,,beichi,4680.18,1.42
2025-08-13 21:15:00+00:00,SIG.BEICHI.TREND.UP,beichi,,beichi,4753.55,3.388
2025-08-14 12:15:00+00:00,SIG.BEICHI.RANGE.UP,beichi,,beichi,4714.13,2.50527963308012
2025-08-16 06:45:00+00:00,SIG.BEICHI.TREND.DOWN,beichi,,beichi,4419.15,2.958621468926574
2025-08-19 00:00:00+00:00,SIG.BEICHI.RANGE.UP,beichi,,beichi,4318.92,2.428356839925049
2025-08-19 04:00:00+00:00,SIG.BEICHI.TREND.DOWN,beichi,,beichi,4212.35,2.996788750925084
2025-08-20 14:15:00+00:00,SIG.BEICHI.RANGE.DOWN,beichi,,beichi,4159.69,1.659638406537281
2025-08-20 14:15:00+00:00,SIG.BEICHI.TREND.DOWN,beichi,,beichi,4159.69,1.1888302233220884
2025-08-20 22:45:00+00:00,SIG.BEICHI.TREND.UP,beichi,,beichi,4366.0,2.20640274076894
2025-08-21 04:15:00+00:00,SIG.BEICHI.TREND.DOWN,beichi,,beichi,4291.6,0.8562711076154746
2025-08-26 01:00:00+00:00,SIG.BEICHI.TREND.DOWN,beichi,,beichi,4350.81,2.037070966932306
2025-08-27 18:30:00+00:00,SIG.BEICHI.RANGE.UP,beichi,,beichi,4611.46,3.6461642569096337
2025-08-28 20:00:00+00:00,SIG.BEICHI.TREND.DOWN,beichi,,beichi,4459.73,2.748662872909109
2025-08-31 19:30:00+00:00,SIG.BEICHI.RANGE.UP,beichi,,beichi,4476.82,3.048296890088312
2025-09-01 00:30:00+00:00,SIG.BEICHI.TREND.DOWN,beichi,,beichi,4395.93,1.257816264534374
2025-09-04 06:45:00+00:00,SIG.BEICHI.TREND.DOWN,beichi,,beichi,4365.01,1.006501825393252
2025-09-04 06:45:00+00:00,SIG.BEICHI.RANGE.DOWN,beichi,,beichi,4365.01,1.7185018253932518
2025-09-05 07:45:00+00:00,SIG.BEICHI.TREND.UP,beichi,,beichi,4417.29,1.448
2025-09-06 16:15:00+00:00,SIG.BEICHI.TREND.DOWN,beichi,,beichi,4260.6,3.262852243498114
2025-09-08 13:15:00+00:00,SIG.BEICHI.TREND.UP,beichi,,beichi,4339.96,1.572
2025-09-08 20:15:00+00:00,SIG.BEICHI.TREND.DOWN,beichi,,beichi,4286.25,1.2693074950128218
2025-09-09 07:15:00+00:00,SIG.BEICHI.TREND.UP,beichi,,beichi,4372.29,3.112000000000003
2025-09-10 01:45:00+00:00,SIG.BEICHI.RANGE.DOWN,beichi,,beichi,4302.78,1.1590664281640004
2025-09-12 06:00:00+00:00,SIG.BEICHI.TREND.UP,beichi,,beichi,4547.41,2.6
2025-09-12 06:00:00+00:00,SIG.BEICHI.RANGE.UP,beichi,,beichi,4547.41,3.874
2025-09-14 11:00:00+00:00,SIG.BEICHI.RANGE.UP,beichi,,beichi,4663.06,1.591045087307791
2025-09-15 04:30:00+00:00,SIG.BEICHI.TREND.UP,beichi,,beichi,4644.99,0.980993583868019
2025-09-15 15:30:00+00:00,SIG.BEICHI.RANGE.DOWN,beichi,,beichi,4480.41,3.634874805319282
2025-09-16 19:30:00+00:00,SIG.BEICHI.RANGE.DOWN,beichi,,beichi,4482.16,0.9076853940766284
2025-09-17 14:30:00+00:00,SIG.BEICHI.TREND.DOWN,beichi,,beichi,4485.8,3.2816949788831513
2025-09-22 06:45:00+00:00,SIG.BEICHI.RANGE.DOWN,beichi,,beichi,4192.12,3.625001751477084
2025-09-22 19:45:00+00:00,SIG.BEICHI.TREND.DOWN,beichi,,beichi,4134.98,1.6
2025-09-23 14:00:00+00:00,SIG.BEICHI.RANGE.UP,beichi,,beichi,4198.29,1.6613602756526245
2025-09-24 15:30:00+00:00,SIG.BEICHI.TREND.UP,beichi,,beichi,4192.14,1.0108138906626212
2025-09-25 11:15:00+00:00,SIG.BEICHI.TREND.DOWN,beichi,,beichi,4007.43,2.1997770626850364
2025-10-03 03:15:00+00:00,SIG.BEICHI.TREND.UP,beichi,,beichi,4530.12,3.34
2025-10-03 16:30:00+00:00,SIG.BEICHI.TREND.UP,beichi,,beichi,4581.03,3.3360000000000003
2025-10-06 20:00:00+00:00,SIG.BEICHI.TREND.UP,beichi,,beichi,4718.0,3.166342693795194
2025-10-10 21:15:00+00:00,SIG.TREND,end_trend,0.0,trend,,
