ts,etype,label,direction,src,px,score
2025-03-29 17:00:00+00:00,SIG.BEICHI.TREND.DOWN,beichi,,beichi,1818.3,3.384
2025-04-03 13:00:00+00:00,SIG.BEICHI.RANGE.DOWN,beichi,,beichi,1772.61,2.902
2025-04-05 11:00:00+00:00,SIG.BEICHI.RANGE.UP,beichi,,beichi,1810.75,1.384560003367436
2025-04-07 11:30:00+00:00,SIG.BEICHI.TREND.DOWN,beichi,,beichi,1483.11,2.9247427854454204
2025-04-12 15:30:00+00:00,SIG.BEICHI.RANGE.UP,beichi,,beichi,1655.87,1.3808036410923272
2025-04-14 11:00:00+00:00,SIG.BEICHI.TREND.UP,beichi,,beichi,1675.87,2.549162846551447
2025-04-19 04:30:00+00:00,SIG.BEICHI.TREND.UP,beichi,,beichi,1603.47,3.15519303726847
2025-04-22 00:30:00+00:00,SIG.BEICHI.TREND.DOWN,beichi,,beichi,1568.93,2.3400000000000003
2025-04-22 01:00:00+00:00,SIG.BEICHI.RANGE.DOWN,beichi,,beichi,1578.06,3.1866409789117327
2025-04-24 08:30:00+00:00,SIG.BEICHI.TREND.DOWN,beichi,,beichi,1734.91,1.36
2025-04-25 01:00:00+00:00,SIG.BEICHI.TREND.UP,beichi,,beichi,1768.64,1.115662467037794
2025-04-26 01:30:00+00:00,SIG.TREND,start_up,1.0,trend,,
2025-04-29 10:00:00+00:00,SIG.BEICHI.TREND.UP,beichi,,beichi,1833.38,1.084854465270123
2025-04-30 19:30:00+00:00,SIG.BEICHI.RANGE.DOWN,beichi,,beichi,1786.69,2.407946553776956
2025-05-01 13:00:00+00:00,SIG.BEICHI.RANGE.UP,beichi,,beichi,1851.48,2.561494717215663
2025-05-01 13:00:00+00:00,SIG.BEICHI.TREND.UP,beichi,,beichi,1851.48,2.0936072507552885
2025-05-12 09:00:00+00:00,SIG.BEICHI.TREND.UP,beichi,,beichi,2569.67,3.259407045692361
2025-05-16 11:00:00+00:00,SIG.BEICHI.TREND.UP,beichi,,beichi,2625.43,1.2301516202556642
2025-05-17 13:30:00+00:00,SIG.BEICHI.TREND.DOWN,beichi,,beichi,2461.5,2.3367292716445247
2025-05-21 06:30:00+00:00,SIG.BEICHI.TREND.UP,beichi,,beichi,2597.68,2.778675367953338
2025-05-23 03:30:00+00:00,SIG.BEICHI.TREND.UP,beichi,,beichi,2722.0,3.0958154251812737
2025-05-25 21:30:00+00:00,SIG.BEICHI.RANGE.DOWN,beichi,,beichi,2515.19,3.467674870859922
2025-05-26 07:00:00+00:00,SIG.BEICHI.TREND.UP,beichi,,beichi,2581.89,1.2747898383371854
2025-06-03 15:00:00+00:00,SIG.BEICHI.TREND.UP,beichi,,beichi,2642.58,1.2741998001047057
2025-06-03 22:00:00+00:00,SIG.BEICHI.TREND.DOWN,beichi,,beichi,2600.68,1.202670427832629
2025-06-04 10:00:00+00:00,SIG.BEICHI.TREND.UP,beichi,,beichi,2638.95,1.070721677375711
2025-06-04 17:00:00+00:00,SIG.BEICHI.RANGE.UP,beichi,,beichi,2642.42,2.422258006995398
2025-06-07 00:00:00+00:00,SIG.BEICHI.TREND.DOWN,beichi,,beichi,2467.11,1.3671874257929582
2025-06-07 02:30:00+00:00,SIG.BEICHI.RANGE.DOWN,beichi,,beichi,2479.99,1.7436807147018647
2025-06-12 12:00:00+00:00,SIG.TREND,reverse_down,-1.0,trend,,
2025-06-18 05:30:00+00:00,SIG.BEICHI.TREND.UP,beichi,,beichi,2537.1,0.9018336449596716
2025-06-20 13:00:00+00:00,SIG.BEICHI.RANGE.UP,beichi,,beichi,2554.89,1.5600484747179248
2025-06-29 11:30:00+00:00,SIG.BEICHI.TREND.UP,beichi,,beichi,2462.25,3.2875900720576587
2025-07-02 02:00:00+00:00,SIG.BEICHI.RANGE.DOWN,beichi,,beichi,2414.6,1.3113927910705845
2025-07-06 14:00:00+00:00,SIG.BEICHI.TREND.UP,beichi,,beichi,2558.05,1.6
2025-07-07 16:30:00+00:00,SIG.BEICHI.TREND.DOWN,beichi,,beichi,2524.21,1.191995055624224
2025-07-08 10:00:00+00:00,SIG.BEICHI.RANGE.DOWN,beichi,,beichi,2558.99,2.764176480195404
2025-07-08 11:30:00+00:00,SIG.BEICHI.TREND.UP,beichi,,beichi,2575.15,1.496
2025-07-13 12:00:00+00:00,SIG.BEICHI.RANGE.DOWN,beichi,,beichi,2965.2,3.012951082610684
2025-07-13 14:00:00+00:00,SIG.BEICHI.TREND.UP,beichi,,beichi,3006.87,3.316
2025-07-14 11:00:00+00:00,SIG.BEICHI.TREND.UP,beichi,,beichi,3063.15,2.7233103320691963
2025-07-15 18:00:00+00:00,SIG.BEICHI.TREND.UP,beichi,,beichi,3078.22,2.6610231056401963
2025-07-20 16:30:00+00:00,SIG.BEICHI.TREND.UP,beichi,,beichi,3809.19,3.3208778840742794
2025-07-26 08:30:00+00:00,SIG.BEICHI.TREND.UP,beichi,,beichi,3762.73,3.24
2025-07-26 08:30:00+00:00,SIG.BEICHI.RANGE.UP,beichi,,beichi,3762.73,3.672
2025-07-29 02:30:00+00:00,SIG.BEICHI.TREND.DOWN,beichi,,beichi,3759.13,0.8527140163419233
2025-07-30 07:00:00+00:00,SIG.BEICHI.TREND.UP,beichi,,beichi,3829.13,2.866131427000284
2025-07-31 19:00:00+00:00,SIG.BEICHI.RANGE.UP,beichi,,beichi,3754.27,2.0757069538090005
2025-08-01 00:30:00+00:00,SIG.BEICHI.TREND.DOWN,beichi,,beichi,3682.1,3.0292620590187944
2025-08-01 00:30:00+00:00,SIG.BEICHI.RANGE.DOWN,beichi,,beichi,3682.1,1.5034353725303489
2025-08-02 23:00:00+00:00,SIG.BEICHI.TREND.DOWN,beichi,,beichi,3375.09,2.8963100084491877
2025-08-06 15:00:00+00:00,SIG.BEICHI.RANGE.DOWN,beichi,,beichi,3628.53,3.72
2025-08-07 01:30:00+00:00,SIG.BEICHI.TREND.UP,beichi,,beichi,3667.55,2.927523204375441
2025-08-11 02:00:00+00:00,SIG.BEICHI.TREND.UP,beichi,,beichi,4311.41,2.380350537894347
2025-08-12 00:00:00+00:00,SIG.BEICHI.RANGE.DOWN,beichi,,beichi,4243.1,1.6243876254488685
2025-08-12 08:30:00+00:00,SIG.BEICHI.TREND.UP,beichi,,beichi,4310.65,2.921253374017136
2025-08-14 04:00:00+00:00,SIG.BEICHI.TREND.UP,beichi,,beichi,4775.08,2.0366752289067827
2025-08-15 20:00:00+00:00,SIG.BEICHI.TREND.DOWN,beichi,,beichi,4418.05,2.7322288776953414
2025-08-17 16:00:00+00:00,SIG.BEICHI.RANGE.UP,beichi,,beichi,4539.32,1.757200143729809
2025-08-18 09:00:00+00:00,SIG.BEICHI.TREND.DOWN,beichi,,beichi,4236.06,3.168
2025-08-18 09:00:00+00:00,SIG.TREND,reverse_up,1.0,trend,,
2025-08-19 04:00:00+00:00,SIG.BEICHI.TREND.DOWN,beichi,,beichi,4205.03,3.176
2025-08-20 22:30:00+00:00,SIG.BEICHI.TREND.UP,beichi,,beichi,4366.0,1.0497610177192147
2025-08-21 17:00:00+00:00,SIG.BEICHI.TREND.DOWN,beichi,,beichi,4224.35,1.1146224223061174
2025-08-22 01:30:00+00:00,SIG.BEICHI.RANGE.DOWN,beichi,,beichi,4257.29,1.2897838110439392
2025-08-22 08:30:00+00:00,SIG.BEICHI.TREND.UP,beichi,,beichi,4328.93,0.7642352595782153
2025-08-24 19:00:00+00:00,SIG.BEICHI.RANGE.UP,beichi,,beichi,4937.95,3.3108913905002546
2025-08-26 23:00:00+00:00,SIG.BEICHI.TREND.UP,beichi,,beichi,4602.0,1.3078363906590398
2025-08-27 18:00:00+00:00,SIG.BEICHI.RANGE.UP,beichi,,beichi,4621.91,1.3666947135344578
2025-08-28 20:00:00+00:00,SIG.BEICHI.TREND.DOWN,beichi,,beichi,4461.59,2.7903770639231564
2025-08-29 00:00:00+00:00,SIG.BEICHI.RANGE.UP,beichi,,beichi,4509.91,1.6806217808449817
2025-09-01 00:30:00+00:00,SIG.BEICHI.TREND.DOWN,beichi,,beichi,4396.49,2.622817073170729
2025-09-01 17:30:00+00:00,SIG.BEICHI.TREND.DOWN,beichi,,beichi,4323.16,3.164
2025-09-03 13:30:00+00:00,SIG.BEICHI.RANGE.DOWN,beichi,,beichi,4419.29,3.842
2025-09-08 10:30:00+00:00,SIG.BEICHI.TREND.UP,beichi,,beichi,4328.69,1.14237623762374
2025-09-08 17:00:00+00:00,SIG.BEICHI.RANGE.UP,beichi,,beichi,4340.93,1.8181878257012964
2025-09-09 02:00:00+00:00,SIG.BEICHI.RANGE.DOWN,beichi,,beichi,4284.82,3.226895863052789
2025-09-09 02:00:00+00:00,SIG.BEICHI.TREND.DOWN,beichi,,beichi,4284.82,1.0780132259228148
2025-09-12 06:00:00+00:00,SIG.BEICHI.TREND.UP,beichi,,beichi,4545.98,2.516
2025-09-15 22:00:00+00:00,SIG.BEICHI.TREND.UP,beichi,,beichi,4520.19,0.988134444520956
2025-09-17 14:30:00+00:00,SIG.BEICHI.TREND.DOWN,beichi,,beichi,4489.93,2.730570247933868
2025-09-19 14:30:00+00:00,SIG.BEICHI.RANGE.UP,beichi,,beichi,4495.75,2.826715434241415
2025-09-19 18:30:00+00:00,SIG.BEICHI.TREND.DOWN,beichi,,beichi,4448.83,2.0818190377554022
2025-09-25 12:30:00+00:00,SIG.BEICHI.TREND.DOWN,beichi,,beichi,3978.51,2.314535127055306
2025-09-26 11:00:00+00:00,SIG.BEICHI.TREND.DOWN,beichi,,beichi,3890.68,2.683973012360336
2025-09-29 10:00:00+00:00,SIG.BEICHI.RANGE.UP,beichi,,beichi,4132.99,3.3960198019801973
2025-10-05 08:00:00+00:00,SIG.BEICHI.TREND.UP,beichi,,beichi,4600.22,3.3709951514569783
2025-10-07 05:30:00+00:00,SIG.BEICHI.TREND.UP,beichi,,beichi,4711.64,2.723252526028662
2025-10-07 15:00:00+00:00,SIG.BEICHI.RANGE.UP,beichi,,beichi,4553.01,2.481545484617944
2025-10-10 01:00:00+00:00,SIG.TREND,end_trend,0.0,trend,,
