ts,etype,label,direction,src,px,score
2025-04-17 00:00:00+00:00,SIG.BEICHI.TREND.DOWN,beichi,,beichi,1584.91,0.933961019490252
2025-04-29 08:00:00+00:00,SIG.BEICHI.TREND.UP,beichi,,beichi,1829.77,2.386695403952116
2025-05-29 08:00:00+00:00,SIG.BEICHI.TREND.UP,beichi,,beichi,2715.83,3.1251171251438548
2025-07-02 12:00:00+00:00,SIG.BEICHI.RANGE.DOWN,beichi,,beichi,2498.81,3.766
2025-07-14 08:00:00+00:00,SIG.BEICHI.TREND.UP,beichi,,beichi,3051.72,2.093493743984596
2025-07-14 08:00:00+00:00,SIG.BEICHI.RANGE.UP,beichi,,beichi,3051.72,3.2874937439845957
2025-08-07 00:00:00+00:00,SIG.BEICHI.RANGE.DOWN,beichi,,beichi,3656.78,1.494747463915756
2025-08-15 12:00:00+00:00,SIG.BEICHI.TREND.UP,beichi,,beichi,4430.86,3.388
2025-09-25 20:00:00+00:00,SIG.TREND,start_down,-1.0,trend,,
2025-09-25 20:00:00+00:00,SIG.BEICHI.TREND.DOWN,beichi,,beichi,3874.36,3.352
2025-10-01 04:00:00+00:00,SIG.BEICHI.RANGE.DOWN,beichi,,beichi,4145.8,3.1285086006508656
2025-10-10 08:00:00+00:00,SIG.BEICHI.RANGE.UP,beichi,,beichi,4343.02,1.633084810733107
2025-10-11 04:00:00+00:00,SIG.TREND,end_trend,0.0,trend,,
