ts,etype,label,direction,src,px,score
2025-03-31 11:40:00+00:00,SIG.BEICHI.RANGE.DOWN,beichi,,beichi,1807.21,2.897289782244562
2025-03-31 15:05:00+00:00,SIG.BEICHI.RANGE.UP,beichi,,beichi,1844.53,3.3482824251726804
2025-03-31 15:05:00+00:00,SIG.BEICHI.TREND.UP,beichi,,beichi,1844.53,2.048282425172681
2025-04-01 08:35:00+00:00,SIG.BEICHI.TREND.UP,beichi,,beichi,1881.65,2.920417112299466
2025-04-02 20:30:00+00:00,SIG.BEICHI.RANGE.UP,beichi,,beichi,1892.79,2.922
2025-04-04 16:25:00+00:00,SIG.TREND,start_down,-1.0,trend,,
2025-04-05 10:10:00+00:00,SIG.BEICHI.RANGE.UP,beichi,,beichi,1820.22,1.4724221988163937
2025-04-07 03:45:00+00:00,SIG.BEICHI.TREND.DOWN,beichi,,beichi,1539.55,1.4747116668690046
2025-04-07 15:15:00+00:00,SIG.BEICHI.TREND.DOWN,beichi,,beichi,1553.28,0.7782296813567274
2025-04-07 19:10:00+00:00,SIG.BEICHI.TREND.DOWN,beichi,,beichi,1546.62,2.7358401367813743
2025-04-08 01:00:00+00:00,SIG.BEICHI.TREND.DOWN,beichi,,beichi,1548.01,3.224
2025-04-08 19:15:00+00:00,SIG.BEICHI.TREND.DOWN,beichi,,beichi,1463.08,2.287658575620163
2025-04-09 12:35:00+00:00,SIG.BEICHI.TREND.DOWN,beichi,,beichi,1445.88,2.751402606080851
2025-04-09 12:40:00+00:00,SIG.BEICHI.RANGE.DOWN,beichi,,beichi,1455.67,1.9619999999999995
2025-04-09 14:00:00+00:00,SIG.BEICHI.TREND.UP,beichi,,beichi,1494.08,2.9035789473684184
2025-04-10 14:10:00+00:00,SIG.BEICHI.TREND.DOWN,beichi,,beichi,1564.05,0.99914226026013
2025-04-11 06:10:00+00:00,SIG.BEICHI.TREND.UP,beichi,,beichi,1557.59,3.3
2025-04-11 17:40:00+00:00,SIG.BEICHI.TREND.UP,beichi,,beichi,1587.82,3.316
2025-04-14 00:30:00+00:00,SIG.BEICHI.TREND.UP,beichi,,beichi,1617.34,1.1685535248041763
2025-04-14 06:05:00+00:00,SIG.BEICHI.TREND.DOWN,beichi,,beichi,1617.58,1.468
2025-04-14 11:15:00+00:00,SIG.BEICHI.TREND.UP,beichi,,beichi,1682.6,2.8844881376957794
2025-04-15 00:45:00+00:00,SIG.BEICHI.TREND.UP,beichi,,beichi,1631.82,0.9858965176934932
2025-04-16 17:40:00+00:00,SIG.BEICHI.RANGE.UP,beichi,,beichi,1584.0,3.742
2025-04-16 19:30:00+00:00,SIG.BEICHI.TREND.DOWN,beichi,,beichi,1557.42,0.9300834607821792
2025-04-19 17:45:00+00:00,SIG.BEICHI.TREND.UP,beichi,,beichi,1618.99,2.942022748232389
2025-04-20 23:45:00+00:00,SIG.BEICHI.RANGE.DOWN,beichi,,beichi,1585.27,1.3836847111150028
2025-04-21 02:10:00+00:00,SIG.BEICHI.RANGE.UP,beichi,,beichi,1632.3,2.720242774566468
2025-04-22 07:55:00+00:00,SIG.BEICHI.RANGE.DOWN,beichi,,beichi,1619.21,3.292832422228982
2025-04-23 05:10:00+00:00,SIG.BEICHI.TREND.UP,beichi,,beichi,1812.66,2.6
2025-04-23 23:30:00+00:00,SIG.BEICHI.RANGE.UP,beichi,,beichi,1799.88,1.050566128626688
2025-04-24 08:40:00+00:00,SIG.BEICHI.TREND.DOWN,beichi,,beichi,1731.23,2.9657018239492476
2025-04-28 01:40:00+00:00,SIG.BEICHI.TREND.DOWN,beichi,,beichi,1758.19,2.823165876777254
2025-04-28 10:45:00+00:00,SIG.BEICHI.TREND.UP,beichi,,beichi,1816.98,1.5428634555899152
2025-05-01 01:45:00+00:00,SIG.BEICHI.RANGE.DOWN,beichi,,beichi,1801.14,1.7986412213740448
2025-05-01 11:00:00+00:00,SIG.BEICHI.RANGE.UP,beichi,,beichi,1850.79,2.946
2025-05-01 13:40:00+00:00,SIG.BEICHI.TREND.DOWN,beichi,,beichi,1834.09,1.2372410119840238
2025-05-05 01:45:00+00:00,SIG.BEICHI.TREND.DOWN,beichi,,beichi,1789.13,3.129906054279748
2025-05-06 12:00:00+00:00,SIG.BEICHI.TREND.DOWN,beichi,,beichi,1769.11,3.4
2025-05-06 22:10:00+00:00,SIG.BEICHI.RANGE.DOWN,beichi,,beichi,1789.47,3.387695379451845
2025-05-08 12:20:00+00:00,SIG.BEICHI.RANGE.UP,beichi,,beichi,1969.31,3.988
2025-05-09 11:25:00+00:00,SIG.BEICHI.TREND.UP,beichi,,beichi,2343.44,3.4
2025-05-10 08:05:00+00:00,SIG.BEICHI.TREND.UP,beichi,,beichi,2411.1,3.358925788274782
2025-05-10 10:40:00+00:00,SIG.BEICHI.TREND.UP,beichi,,beichi,2416.81,1.1020003252561297
2025-05-10 17:40:00+00:00,SIG.BEICHI.TREND.UP,beichi,,beichi,2495.23,2.989591745903294
2025-05-10 17:40:00+00:00,SIG.BEICHI.RANGE.UP,beichi,,beichi,2495.23,3.311591745903294
2025-05-11 18:30:00+00:00,SIG.BEICHI.RANGE.DOWN,beichi,,beichi,2479.63,3.666089982003569
2025-05-12 05:15:00+00:00,SIG.BEICHI.RANGE.UP,beichi,,beichi,2510.97,1.3143875882542773
2025-05-13 02:20:00+00:00,SIG.BEICHI.TREND.DOWN,beichi,,beichi,2434.17,1.0966806883365108
2025-05-13 11:40:00+00:00,SIG.BEICHI.TREND.UP,beichi,,beichi,2517.09,3.090703460755494
2025-05-14 01:40:00+00:00,SIG.BEICHI.TREND.UP,beichi,,beichi,2718.0,1.6
2025-05-15 17:00:00+00:00,SIG.BEICHI.TREND.UP,beichi,,beichi,2589.31,1.866652884294768
2025-05-16 00:40:00+00:00,SIG.BEICHI.TREND.UP,beichi,,beichi,2562.43,0.8932994074590301
2025-05-16 11:20:00+00:00,SIG.BEICHI.TREND.UP,beichi,,beichi,2629.1,2.711016498137324
2025-05-16 14:00:00+00:00,SIG.BEICHI.RANGE.UP,beichi,,beichi,2597.23,2.9856825637242412
2025-05-17 01:50:00+00:00,SIG.BEICHI.RANGE.DOWN,beichi,,beichi,2477.01,2.926
2025-05-17 13:50:00+00:00,SIG.BEICHI.TREND.DOWN,beichi,,beichi,2459.43,2.891821746880576
2025-05-19 02:15:00+00:00,SIG.BEICHI.TREND.DOWN,beichi,,beichi,2401.09,1.472
2025-05-19 02:15:00+00:00,SIG.BEICHI.RANGE.DOWN,beichi,,beichi,2401.09,1.952
2025-05-19 07:10:00+00:00,SIG.BEICHI.RANGE.DOWN,beichi,,beichi,2393.12,3.605205097670031
2025-05-19 08:20:00+00:00,SIG.BEICHI.TREND.UP,beichi,,beichi,2419.39,1.412044399596346
2025-05-19 17:05:00+00:00,SIG.BEICHI.RANGE.UP,beichi,,beichi,2541.41,3.776
2025-05-19 17:05:00+00:00,SIG.BEICHI.TREND.UP,beichi,,beichi,2541.41,3.2880000000000003
2025-05-20 04:55:00+00:00,SIG.BEICHI.TREND.UP,beichi,,beichi,2571.06,2.1672005338672147
2025-05-20 12:15:00+00:00,SIG.BEICHI.RANGE.UP,beichi,,beichi,2508.32,1.6716443287564309
2025-05-20 13:45:00+00:00,SIG.BEICHI.RANGE.DOWN,beichi,,beichi,2468.51,2.902
2025-05-20 17:55:00+00:00,SIG.BEICHI.TREND.UP,beichi,,beichi,2497.47,1.0544325443254288
2025-05-20 20:50:00+00:00,SIG.BEICHI.TREND.UP,beichi,,beichi,2512.12,2.1551588267847257
2025-05-21 17:10:00+00:00,SIG.BEICHI.RANGE.UP,beichi,,beichi,2567.16,3.638933111064806
2025-05-21 23:15:00+00:00,SIG.BEICHI.RANGE.DOWN,beichi,,beichi,2547.99,2.386815680214032
2025-05-22 00:15:00+00:00,SIG.BEICHI.RANGE.DOWN,beichi,,beichi,2558.5,1.4257421344848835
2025-05-22 03:50:00+00:00,SIG.BEICHI.TREND.UP,beichi,,beichi,2629.91,2.86137378544517
2025-05-22 10:20:00+00:00,SIG.BEICHI.TREND.UP,beichi,,beichi,2673.0,3.192027979854519
2025-05-23 02:25:00+00:00,SIG.BEICHI.TREND.UP,beichi,,beichi,2722.25,2.6946354082457553
2025-05-23 11:35:00+00:00,SIG.BEICHI.RANGE.UP,beichi,,beichi,2650.61,3.3906543385490697
2025-05-23 12:20:00+00:00,SIG.TREND,reverse_up,1.0,trend,,
2025-05-25 08:55:00+00:00,SIG.BEICHI.TREND.DOWN,beichi,,beichi,2477.81,2.890806136106266
2025-05-26 07:15:00+00:00,SIG.BEICHI.TREND.UP,beichi,,beichi,2592.0,3.011842105263176
2025-05-26 13:55:00+00:00,SIG.BEICHI.TREND.DOWN,beichi,,beichi,2551.27,1.6
2025-05-27 03:00:00+00:00,SIG.BEICHI.RANGE.DOWN,beichi,,beichi,2541.57,3.140356083977123
2025-05-27 05:40:00+00:00,SIG.BEICHI.RANGE.DOWN,beichi,,beichi,2563.98,4.0
2025-05-27 06:15:00+00:00,SIG.BEICHI.TREND.UP,beichi,,beichi,2601.13,3.4
2025-05-27 06:15:00+00:00,SIG.BEICHI.RANGE.UP,beichi,,beichi,2601.13,2.8680000000000003
2025-05-27 17:45:00+00:00,SIG.BEICHI.TREND.UP,beichi,,beichi,2710.34,1.6
2025-05-28 02:25:00+00:00,SIG.BEICHI.TREND.DOWN,beichi,,beichi,2622.01,3.364
2025-05-28 21:10:00+00:00,SIG.BEICHI.RANGE.DOWN,beichi,,beichi,2639.48,1.7465270870463074
2025-05-29 10:00:00+00:00,SIG.BEICHI.TREND.UP,beichi,,beichi,2729.84,3.1115723511121742
2025-06-01 16:50:00+00:00,SIG.BEICHI.TREND.UP,beichi,,beichi,2542.69,1.245866022932999
2025-06-02 09:15:00+00:00,SIG.BEICHI.TREND.DOWN,beichi,,beichi,2485.69,3.0876534296029026
2025-06-02 12:30:00+00:00,SIG.BEICHI.RANGE.DOWN,beichi,,beichi,2489.33,3.466306824275114
2025-06-03 01:55:00+00:00,SIG.BEICHI.TREND.UP,beichi,,beichi,2646.1,2.2364222939148015
2025-06-04 03:20:00+00:00,SIG.BEICHI.TREND.UP,beichi,,beichi,2635.19,1.6
2025-06-04 18:45:00+00:00,SIG.BEICHI.RANGE.UP,beichi,,beichi,2637.5,1.0948662784411325
2025-06-05 13:55:00+00:00,SIG.BEICHI.TREND.DOWN,beichi,,beichi,2589.87,3.3102510460251073
2025-06-06 17:05:00+00:00,SIG.BEICHI.TREND.DOWN,beichi,,beichi,2487.84,1.42
2025-06-09 09:40:00+00:00,SIG.BEICHI.RANGE.DOWN,beichi,,beichi,2513.19,3.497195009223811
2025-06-09 10:50:00+00:00,SIG.BEICHI.TREND.UP,beichi,,beichi,2535.6,2.981907668077551
2025-06-10 11:05:00+00:00,SIG.BEICHI.RANGE.DOWN,beichi,,beichi,2691.49,3.5258596888599585
2025-06-10 19:35:00+00:00,SIG.BEICHI.RANGE.UP,beichi,,beichi,2803.46,2.934
2025-06-10 21:20:00+00:00,SIG.BEICHI.TREND.DOWN,beichi,,beichi,2749.47,1.3571135351052552
2025-06-11 15:45:00+00:00,SIG.BEICHI.TREND.UP,beichi,,beichi,2868.35,2.0956295837323378
2025-06-11 21:30:00+00:00,SIG.BEICHI.RANGE.UP,beichi,,beichi,2804.66,1.831657887650116
2025-06-13 06:25:00+00:00,SIG.BEICHI.TREND.DOWN,beichi,,beichi,2492.32,3.1431840483925004
2025-06-14 21:55:00+00:00,SIG.BEICHI.TREND.UP,beichi,,beichi,2527.94,0.9807847553053296
2025-06-16 07:10:00+00:00,SIG.BEICHI.RANGE.UP,beichi,,beichi,2630.19,2.837939709713453
2025-06-16 20:50:00+00:00,SIG.BEICHI.TREND.UP,beichi,,beichi,2671.46,2.024157454839592
2025-06-16 22:30:00+00:00,SIG.BEICHI.RANGE.UP,beichi,,beichi,2641.22,3.798
2025-06-17 17:00:00+00:00,SIG.BEICHI.TREND.DOWN,beichi,,beichi,2459.42,2.9140164330594533
2025-06-17 23:00:00+00:00,SIG.BEICHI.TREND.DOWN,beichi,,beichi,2501.06,1.3077094430992746
2025-06-19 14:50:00+00:00,SIG.BEICHI.TREND.DOWN,beichi,,beichi,2501.92,1.6
2025-06-20 08:15:00+00:00,SIG.BEICHI.TREND.UP,beichi,,beichi,2562.66,2.8423930186100317
2025-06-21 17:30:00+00:00,SIG.BEICHI.RANGE.UP,beichi,,beichi,2407.75,3.790874445358113
2025-06-21 23:40:00+00:00,SIG.BEICHI.TREND.DOWN,beichi,,beichi,2240.3,3.150926294137829
2025-06-22 03:25:00+00:00,SIG.BEICHI.TREND.DOWN,beichi,,beichi,2255.06,2.4440000000000004
2025-06-22 07:25:00+00:00,SIG.BEICHI.RANGE.UP,beichi,,beichi,2284.41,1.4743768857241075
2025-06-22 09:30:00+00:00,SIG.BEICHI.TREND.DOWN,beichi,,beichi,2258.2,1.0102488136992211
2025-06-22 20:25:00+00:00,SIG.BEICHI.TREND.DOWN,beichi,,beichi,2130.3,2.657217652356665
2025-06-23 00:45:00+00:00,SIG.BEICHI.TREND.UP,beichi,,beichi,2250.67,2.4598850009457074
2025-06-24 09:30:00+00:00,SIG.BEICHI.TREND.UP,beichi,,beichi,2420.79,2.949082007343952
2025-06-25 01:00:00+00:00,SIG.BEICHI.TREND.UP,beichi,,beichi,2459.53,1.54
2025-06-26 20:40:00+00:00,SIG.BEICHI.TREND.UP,beichi,,beichi,2456.9,1.6
2025-06-27 08:50:00+00:00,SIG.BEICHI.TREND.UP,beichi,,beichi,2450.2,2.858548585485827
2025-06-27 17:55:00+00:00,SIG.BEICHI.TREND.DOWN,beichi,,beichi,2404.88,1.070121422376408
2025-06-30 19:25:00+00:00,SIG.BEICHI.TREND.UP,beichi,,beichi,2509.7,1.512
2025-07-01 20:00:00+00:00,SIG.BEICHI.TREND.DOWN,beichi,,beichi,2401.34,3.4
2025-07-02 04:45:00+00:00,SIG.BEICHI.RANGE.DOWN,beichi,,beichi,2435.46,3.284370510773492
2025-07-03 09:40:00+00:00,SIG.BEICHI.TREND.UP,beichi,,beichi,2615.16,3.4
2025-07-08 16:15:00+00:00,SIG.BEICHI.RANGE.DOWN,beichi,,beichi,2563.95,1.759273422562086
2025-07-11 09:45:00+00:00,SIG.BEICHI.TREND.UP,beichi,,beichi,3026.87,3.2964665815240495
2025-07-11 16:10:00+00:00,SIG.BEICHI.TREND.DOWN,beichi,,beichi,2952.15,2.9521726929303753
2025-07-12 00:40:00+00:00,SIG.BEICHI.TREND.DOWN,beichi,,beichi,2939.15,3.4
2025-07-13 14:20:00+00:00,SIG.BEICHI.TREND.UP,beichi,,beichi,3004.85,3.4
2025-07-13 17:00:00+00:00,SIG.BEICHI.TREND.DOWN,beichi,,beichi,2971.0,1.552
2025-07-15 11:45:00+00:00,SIG.BEICHI.RANGE.DOWN,beichi,,beichi,2969.28,1.2745864397970728
2025-07-15 17:55:00+00:00,SIG.BEICHI.RANGE.UP,beichi,,beichi,3096.29,2.5472504537205083
2025-07-15 20:05:00+00:00,SIG.BEICHI.RANGE.DOWN,beichi,,beichi,3035.41,1.504506447831196
2025-07-16 00:40:00+00:00,SIG.BEICHI.RANGE.UP,beichi,,beichi,3135.46,2.4213803850859725
2025-07-16 15:05:00+00:00,SIG.BEICHI.TREND.UP,beichi,,beichi,3253.01,2.8479370984105636
2025-07-16 20:25:00+00:00,SIG.BEICHI.TREND.UP,beichi,,beichi,3414.91,1.128602499040476
2025-07-17 17:00:00+00:00,SIG.BEICHI.RANGE.DOWN,beichi,,beichi,3394.79,1.5754426903591452
2025-07-17 19:35:00+00:00,SIG.BEICHI.TREND.UP,beichi,,beichi,3445.33,1.0476866181754307
2025-07-17 23:25:00+00:00,SIG.BEICHI.TREND.UP,beichi,,beichi,3511.85,1.91837991508214
2025-07-18 02:40:00+00:00,SIG.BEICHI.TREND.UP,beichi,,beichi,3599.39,3.194719130209691
2025-07-18 13:50:00+00:00,SIG.BEICHI.TREND.UP,beichi,,beichi,3640.87,2.73427826313731
2025-07-18 14:15:00+00:00,SIG.BEICHI.RANGE.UP,beichi,,beichi,3623.29,1.619346784964156
2025-07-18 20:35:00+00:00,SIG.BEICHI.TREND.DOWN,beichi,,beichi,3486.99,2.7786684112964823
2025-07-19 01:20:00+00:00,SIG.BEICHI.RANGE.DOWN,beichi,,beichi,3536.43,1.2962367864693585
2025-07-19 02:50:00+00:00,SIG.BEICHI.TREND.UP,beichi,,beichi,3572.29,2.9628312584370677
2025-07-20 03:40:00+00:00,SIG.BEICHI.TREND.UP,beichi,,beichi,3672.29,3.4
2025-07-20 03:40:00+00:00,SIG.BEICHI.RANGE.UP,beichi,,beichi,3672.29,2.99
2025-07-20 21:50:00+00:00,SIG.BEICHI.TREND.UP,beichi,,beichi,3767.79,1.2708562019758425
2025-07-22 04:55:00+00:00,SIG.BEICHI.RANGE.DOWN,beichi,,beichi,3655.36,2.834
2025-07-22 09:20:00+00:00,SIG.BEICHI.TREND.DOWN,beichi,,beichi,3629.68,2.7259338422391917
2025-07-22 11:05:00+00:00,SIG.BEICHI.TREND.UP,beichi,,beichi,3699.22,0.8202203182374329
2025-07-23 06:35:00+00:00,SIG.BEICHI.RANGE.UP,beichi,,beichi,3693.24,3.3916596786065933
2025-07-23 22:45:00+00:00,SIG.BEICHI.TREND.UP,beichi,,beichi,3616.64,1.2210078696672633
2025-07-24 07:05:00+00:00,SIG.BEICHI.TREND.DOWN,beichi,,beichi,3534.21,2.350517142152432
2025-07-24 08:15:00+00:00,SIG.BEICHI.TREND.UP,beichi,,beichi,3628.45,2.3193808722660663
2025-07-25 04:25:00+00:00,SIG.BEICHI.RANGE.DOWN,beichi,,beichi,3597.11,1.4547110036275752
2025-07-26 02:10:00+00:00,SIG.BEICHI.RANGE.DOWN,beichi,,beichi,3715.39,1.446160376327896
2025-07-26 08:50:00+00:00,SIG.BEICHI.TREND.UP,beichi,,beichi,3770.3,3.4
2025-07-27 16:35:00+00:00,SIG.BEICHI.TREND.UP,beichi,,beichi,3849.71,3.4
2025-07-28 05:30:00+00:00,SIG.BEICHI.TREND.UP,beichi,,beichi,3936.39,2.218912881608339
2025-07-29 00:25:00+00:00,SIG.BEICHI.TREND.UP,beichi,,beichi,3809.99,1.191829856470466
2025-07-31 00:45:00+00:00,SIG.BEICHI.TREND.UP,beichi,,beichi,3848.69,2.584
2025-07-31 14:30:00+00:00,SIG.BEICHI.TREND.DOWN,beichi,,beichi,3778.41,0.8625562130177532
2025-07-31 17:20:00+00:00,SIG.BEICHI.RANGE.UP,beichi,,beichi,3786.56,3.1459623793567237
2025-08-01 00:50:00+00:00,SIG.BEICHI.TREND.DOWN,beichi,,beichi,3659.97,3.086591044776132
2025-08-01 20:15:00+00:00,SIG.BEICHI.TREND.DOWN,beichi,,beichi,3511.57,2.0026971167570595
2025-08-01 20:15:00+00:00,SIG.TREND,continue_up,1.0,trend,,
2025-08-02 18:55:00+00:00,SIG.BEICHI.TREND.DOWN,beichi,,beichi,3383.7,2.9418519560934384
2025-08-03 00:35:00+00:00,SIG.BEICHI.TREND.DOWN,beichi,,beichi,3383.71,2.9683870967742028
2025-08-04 17:10:00+00:00,SIG.BEICHI.TREND.UP,beichi,,beichi,3715.55,3.4
2025-08-04 17:10:00+00:00,SIG.BEICHI.RANGE.UP,beichi,,beichi,3715.55,4.0
2025-08-05 10:35:00+00:00,SIG.BEICHI.TREND.UP,beichi,,beichi,3686.5,1.6
2025-08-05 15:40:00+00:00,SIG.BEICHI.TREND.DOWN,beichi,,beichi,3561.08,2.018348178137654
2025-08-07 01:30:00+00:00,SIG.BEICHI.TREND.UP,beichi,,beichi,3695.96,2.6
2025-08-10 01:00:00+00:00,SIG.BEICHI.TREND.UP,beichi,,beichi,4305.99,3.4
2025-08-11 04:15:00+00:00,SIG.BEICHI.TREND.UP,beichi,,beichi,4333.63,1.437232415902152
2025-08-11 10:20:00+00:00,SIG.BEICHI.TREND.DOWN,beichi,,beichi,4255.3,1.0805166553364978
2025-08-11 13:35:00+00:00,SIG.BEICHI.RANGE.DOWN,beichi,,beichi,4228.74,3.1209335541071015
2025-08-11 21:20:00+00:00,SIG.BEICHI.RANGE.UP,beichi,,beichi,4242.68,1.702678806073844
2025-08-11 21:35:00+00:00,SIG.BEICHI.TREND.DOWN,beichi,,beichi,4215.82,3.4
2025-08-12 11:50:00+00:00,SIG.BEICHI.RANGE.DOWN,beichi,,beichi,4282.94,1.6439821082784534
2025-08-13 00:50:00+00:00,SIG.BEICHI.TREND.UP,beichi,,beichi,4625.37,2.6950552509489825
2025-08-13 13:35:00+00:00,SIG.BEICHI.TREND.UP,beichi,,beichi,4692.35,3.36321249847429
2025-08-13 21:20:00+00:00,SIG.BEICHI.TREND.UP,beichi,,beichi,4758.86,1.356764793339264
2025-08-14 10:35:00+00:00,SIG.BEICHI.RANGE.UP,beichi,,beichi,4729.02,1.5355447284649757
2025-08-14 17:10:00+00:00,SIG.BEICHI.TREND.DOWN,beichi,,beichi,4533.66,2.0268888888888985
2025-08-14 21:40:00+00:00,SIG.BEICHI.TREND.DOWN,beichi,,beichi,4470.69,2.8500971793583423
2025-08-15 13:35:00+00:00,SIG.BEICHI.RANGE.UP,beichi,,beichi,4586.21,2.162
2025-08-15 17:20:00+00:00,SIG.BEICHI.TREND.DOWN,beichi,,beichi,4388.78,1.9438212290502723
2025-08-18 01:10:00+00:00,SIG.BEICHI.RANGE.UP,beichi,,beichi,4454.63,1.420783021022444
2025-08-18 13:35:00+00:00,SIG.BEICHI.TREND.UP,beichi,,beichi,4348.99,1.1503623984186355
2025-08-18 23:10:00+00:00,SIG.BEICHI.RANGE.UP,beichi,,beichi,4336.67,3.382416162795795
2025-08-20 13:20:00+00:00,SIG.BEICHI.TREND.DOWN,beichi,,beichi,4178.68,1.1558329189457974
2025-08-20 14:25:00+00:00,SIG.BEICHI.RANGE.DOWN,beichi,,beichi,4159.69,3.612909360422026
2025-08-21 14:20:00+00:00,SIG.BEICHI.TREND.UP,beichi,,beichi,4311.53,1.218292552442627
2025-08-22 07:50:00+00:00,SIG.BEICHI.TREND.UP,beichi,,beichi,4344.51,3.4
2025-08-22 12:35:00+00:00,SIG.BEICHI.TREND.DOWN,beichi,,beichi,4216.24,1.6
2025-08-24 00:40:00+00:00,SIG.BEICHI.TREND.UP,beichi,,beichi,4812.32,1.307255520504735
2025-08-24 10:35:00+00:00,SIG.BEICHI.TREND.DOWN,beichi,,beichi,4735.91,1.6
2025-08-24 15:20:00+00:00,SIG.BEICHI.TREND.UP,beichi,,beichi,4820.99,3.4
2025-08-26 00:10:00+00:00,SIG.BEICHI.TREND.DOWN,beichi,,beichi,4364.32,2.303372952136202
2025-08-27 03:50:00+00:00,SIG.BEICHI.TREND.UP,beichi,,beichi,4610.14,3.4
2025-08-27 18:50:00+00:00,SIG.BEICHI.RANGE.UP,beichi,,beichi,4609.42,2.8421501230544677
2025-08-28 08:10:00+00:00,SIG.BEICHI.TREND.UP,beichi,,beichi,4619.23,3.4
2025-08-28 16:45:00+00:00,SIG.BEICHI.RANGE.UP,beichi,,beichi,4508.91,1.6389142835538153
2025-08-28 20:05:00+00:00,SIG.BEICHI.RANGE.DOWN,beichi,,beichi,4448.55,1.9052095001772515
2025-08-28 20:05:00+00:00,SIG.BEICHI.TREND.DOWN,beichi,,beichi,4448.55,3.2292095001772516
2025-08-30 02:00:00+00:00,SIG.BEICHI.TREND.DOWN,beichi,,beichi,4284.9,2.9746547955429845
2025-09-02 19:30:00+00:00,SIG.BEICHI.TREND.DOWN,beichi,,beichi,4264.61,1.044233576642348
2025-09-03 14:10:00+00:00,SIG.BEICHI.TREND.UP,beichi,,beichi,4420.0,3.017659195020451
2025-09-05 12:30:00+00:00,SIG.BEICHI.TREND.UP,beichi,,beichi,4457.0,3.4
2025-09-10 12:10:00+00:00,SIG.BEICHI.RANGE.DOWN,beichi,,beichi,4333.51,3.0429421524672
2025-09-10 17:20:00+00:00,SIG.BEICHI.RANGE.UP,beichi,,beichi,4376.14,3.738
2025-09-11 02:35:00+00:00,SIG.BEICHI.RANGE.DOWN,beichi,,beichi,4379.14,3.4035114749275577
2025-09-11 12:30:00+00:00,SIG.BEICHI.RANGE.UP,beichi,,beichi,4400.99,3.874
2025-09-11 12:30:00+00:00,SIG.BEICHI.TREND.UP,beichi,,beichi,4400.99,3.4
2025-09-13 13:45:00+00:00,SIG.BEICHI.RANGE.UP,beichi,,beichi,4708.0,3.946
2025-09-16 13:50:00+00:00,SIG.BEICHI.RANGE.DOWN,beichi,,beichi,4450.01,2.887054263565889
2025-09-16 13:50:00+00:00,SIG.TREND,reverse_down,-1.0,trend,,
2025-09-19 02:20:00+00:00,SIG.BEICHI.RANGE.UP,beichi,,beichi,4593.5,2.8964685783090243
2025-09-22 06:05:00+00:00,SIG.BEICHI.TREND.DOWN,beichi,,beichi,4153.96,3.4
2025-09-24 04:20:00+00:00,SIG.BEICHI.TREND.DOWN,beichi,,beichi,4102.98,2.90648824720483
2025-09-25 06:15:00+00:00,SIG.BEICHI.RANGE.DOWN,beichi,,beichi,4016.03,2.5185821205821193
2025-09-25 20:40:00+00:00,SIG.BEICHI.TREND.DOWN,beichi,,beichi,3892.78,1.005547371094747
2025-09-25 23:35:00+00:00,SIG.BEICHI.TREND.DOWN,beichi,,beichi,3865.88,3.132
2025-09-26 13:05:00+00:00,SIG.BEICHI.RANGE.UP,beichi,,beichi,3935.46,2.976461042854972
2025-10-02 06:40:00+00:00,SIG.BEICHI.TREND.UP,beichi,,beichi,4403.55,2.87684391080616
2025-10-05 16:50:00+00:00,SIG.TREND,continue_down,-1.0,trend,,
2025-10-05 20:25:00+00:00,SIG.BEICHI.RANGE.DOWN,beichi,,beichi,4498.95,1.187756089282976
2025-10-06 17:20:00+00:00,SIG.BEICHI.TREND.UP,beichi,,beichi,4714.28,2.6
2025-10-07 15:00:00+00:00,SIG.BEICHI.RANGE.UP,beichi,,beichi,4590.62,3.7313327217926897
2025-10-09 17:00:00+00:00,SIG.BEICHI.TREND.DOWN,beichi,,beichi,4291.17,2.6714068201270296
2025-10-10 13:45:00+00:00,SIG.BEICHI.RANGE.UP,beichi,,beichi,4361.36,1.6840520859618633
2025-10-10 23:10:00+00:00,SIG.BEICHI.TREND.DOWN,beichi,,beichi,3825.52,1.2183709457204424
2025-10-11 01:55:00+00:00,SIG.BEICHI.TREND.DOWN,beichi,,beichi,3733.35,2.430847277704835
2025-10-11 08:15:00+00:00,SIG.BEICHI.RANGE.DOWN,beichi,,beichi,3797.97,3.1792017566066337
2025-10-11 09:55:00+00:00,SIG.BEICHI.RANGE.UP,beichi,,beichi,3829.37,1.1425405990019708
2025-10-11 10:30:00+00:00,SIG.TREND,end_trend,0.0,trend,,
