ts,etype,price,score,payload
2025-03-31 00:45:00+00:00,SIG.BEICHI.TREND.DOWN,81646.89,3.2104890998071984,"{""seg_idx"": [1, 2, 3], ""score"": 3.2104890998071984, ""evidences"": {""volume_price"": {""type"": ""volume_price"", ""price_new"": true, ""vol_weaker"": true, ""mom_weaker"": true}, ""momentum"": {""type"": ""momentum"", ""weaken_cnt"": 2, ""price_new"": true}, ""ratios"": {""volume_ratio"": 0.5645427214809062, ""atr_ratio"": 1.2371960174821919, ""speed_ratio"": 1.9232818457642402, ""strength_ratio"": 0.6130216268183852}, ""macd"": {""type"": ""macd"", ""peak1"": -111.24539712056264, ""peak2"": -66.6815628782339, ""mode"": ""down""}}, ""context"": {""boundary_proximity"": NaN, ""rejection_speed"": 0.8574818330119983, ""window_span_norm"": 0.74}}"
2025-04-04 08:45:00+00:00,SIG.BEICHI.TREND.UP,84415.99,1.0081211470304208,"{""seg_idx"": [5, 6, 7], ""score"": 1.0081211470304208, ""evidences"": {""volume_price"": {""type"": ""volume_price"", ""price_new"": false, ""vol_weaker"": true, ""mom_weaker"": true}, ""momentum"": {""type"": ""momentum"", ""weaken_cnt"": 2, ""price_new"": false}, ""ratios"": {""volume_ratio"": 0.2983215585175663, ""atr_ratio"": 0.5571802942932782, ""speed_ratio"": 0.41732425010608126, ""strength_ratio"": 3.288149041853753}, ""macd"": {""type"": ""macd"", ""peak1"": 196.36000639568022, ""peak2"": 138.05844024579966, ""mode"": ""up""}}, ""context"": {""boundary_proximity"": NaN, ""rejection_speed"": 0.12020191171736785, ""window_span_norm"": 0.8400000000000001}}"
2025-04-07 07:00:00+00:00,SIG.BEICHI.TREND.DOWN,75087.87,2.8355089135952696,"{""seg_idx"": [6, 7, 8], ""score"": 2.8355089135952696, ""evidences"": {""volume_price"": {""type"": ""volume_price"", ""price_new"": true, ""vol_weaker"": true, ""mom_weaker"": true}, ""momentum"": {""type"": ""momentum"", ""weaken_cnt"": 2, ""price_new"": true}, ""ratios"": {""volume_ratio"": 0.7900895961420328, ""atr_ratio"": 0.5791953752260594, ""speed_ratio"": 0.8530124298444733, ""strength_ratio"": 1.0113876576390848}, ""macd"": {""type"": ""macd"", ""peak1"": -375.2167355364885, ""peak2"": -315.7328988354103, ""mode"": ""down""}}, ""context"": {""boundary_proximity"": NaN, ""rejection_speed"": 0.059181522658782716, ""window_span_norm"": 1.0}}"
2025-04-08 10:15:00+00:00,SIG.BEICHI.TREND.DOWN,78995.29,1.2051637211805724,"{""seg_idx"": [8, 9, 10], ""score"": 1.2051637211805724, ""evidences"": {""volume_price"": {""type"": ""volume_price"", ""price_new"": false, ""vol_weaker"": true, ""mom_weaker"": true}, ""momentum"": {""type"": ""momentum"", ""weaken_cnt"": 4, ""price_new"": false}, ""ratios"": {""volume_ratio"": 0.6844146619601436, ""atr_ratio"": 0.9578859735635089, ""speed_ratio"": 0.9507488834812726, ""strength_ratio"": 0.9773765742497952}, ""macd"": {""type"": ""macd"", ""peak1"": -315.7328988354103, ""peak2"": -119.8019428475861, ""mode"": ""down""}}, ""context"": {""boundary_proximity"": NaN, ""rejection_speed"": 0.3419395353009539, ""window_span_norm"": 1.0}}"
2025-04-09 01:15:00+00:00,SIG.BEICHI.TREND.DOWN,74690.57,1.404,"{""seg_idx"": [10, 11, 12], ""score"": 1.404, ""evidences"": {""volume_price"": {""type"": ""volume_price"", ""price_new"": true, ""vol_weaker"": false, ""mom_weaker"": false}, ""momentum"": {""type"": ""momentum"", ""weaken_cnt"": 0, ""price_new"": true}, ""ratios"": {""volume_ratio"": 1.7085503700451514, ""atr_ratio"": 1.3117941421909047, ""speed_ratio"": 1.480393072347064, ""strength_ratio"": 2.0534532436834296}, ""macd"": {""type"": ""macd"", ""peak1"": -119.8019428475861, ""peak2"": -109.97426888528088, ""mode"": ""down""}}, ""context"": {""boundary_proximity"": NaN, ""rejection_speed"": 3.616752074543934, ""window_span_norm"": 0.51}}"
2025-04-12 04:45:00+00:00,SIG.BEICHI.RANGE.DOWN,83208.04,1.0226490280243195,"{""zs_index"": 4, ""score"": 1.0226490280243195, ""evidences"": {""volume_price"": {""type"": ""volume_price"", ""price_new"": false, ""vol_weaker"": true, ""mom_weaker"": true}, ""momentum"": {""type"": ""momentum"", ""weaken_cnt"": 4, ""price_new"": false}, ""ratios"": {""volume_ratio"": 0.32674880142879265, ""atr_ratio"": 0.47210746710046103, ""speed_ratio"": 0.5647362207074952, ""strength_ratio"": 0.025069399419713027}, ""macd"": {""type"": ""macd"", ""peak1"": -113.95609491416567, ""peak2"": -58.67699912779009, ""mode"": ""down""}}, ""context"": {""boundary_proximity"": 0.4274919437605015, ""rejection_speed"": 0.013589769613364208, ""window_span_norm"": 0.395}}"
2025-04-13 01:30:00+00:00,SIG.BEICHI.RANGE.UP,85726.99,3.3983545569704674,"{""zs_index"": 3, ""score"": 3.3983545569704674, ""evidences"": {""volume_price"": {""type"": ""volume_price"", ""price_new"": true, ""vol_weaker"": true, ""mom_weaker"": true}, ""momentum"": {""type"": ""momentum"", ""weaken_cnt"": 2, ""price_new"": true}, ""ratios"": {""volume_ratio"": 0.47340818033290233, ""atr_ratio"": 0.8742676557209998, ""speed_ratio"": 0.8046667899636218, ""strength_ratio"": 1.5346528437186493}, ""macd"": {""type"": ""macd"", ""peak1"": 105.80504169664647, ""peak2"": 158.74334620554515, ""mode"": ""up""}}, ""context"": {""boundary_proximity"": 1.0, ""rejection_speed"": 0.1972575949507793, ""window_span_norm"": 0.7}}"
2025-04-13 19:45:00+00:00,SIG.BEICHI.TREND.DOWN,83981.31,1.524,"{""seg_idx"": [15, 16, 17], ""score"": 1.524, ""evidences"": {""volume_price"": {""type"": ""volume_price"", ""price_new"": false, ""vol_weaker"": true, ""mom_weaker"": true}, ""momentum"": {""type"": ""momentum"", ""weaken_cnt"": 4, ""price_new"": false}, ""ratios"": {""volume_ratio"": 0.2951620996184273, ""atr_ratio"": 0.4915448848757978, ""speed_ratio"": 0.4743002615465708, ""strength_ratio"": 0.23980194018563494}, ""macd"": {""type"": ""macd"", ""peak1"": -281.20581228414693, ""peak2"": -104.41485983625552, ""mode"": ""down""}}, ""context"": {""boundary_proximity"": NaN, ""rejection_speed"": 1.23954623377224, ""window_span_norm"": 0.81}}"
2025-04-15 14:00:00+00:00,SIG.BEICHI.RANGE.UP,85774.51,3.6240235496501496,"{""zs_index"": 4, ""score"": 3.6240235496501496, ""evidences"": {""volume_price"": {""type"": ""volume_price"", ""price_new"": true, ""vol_weaker"": true, ""mom_weaker"": true}, ""momentum"": {""type"": ""momentum"", ""weaken_cnt"": 3, ""price_new"": true}, ""ratios"": {""volume_ratio"": 0.4907350878044655, ""atr_ratio"": 0.7350456194196767, ""speed_ratio"": 0.8646497274536293, ""strength_ratio"": 0.43005157879323486}, ""macd"": {""type"": ""macd"", ""peak1"": -11.19376233075748, ""peak2"": 55.205580132335655, ""mode"": ""up""}}, ""context"": {""boundary_proximity"": 1.0, ""rejection_speed"": 0.8667059160835826, ""window_span_norm"": 0.26}}"
2025-04-16 15:30:00+00:00,SIG.BEICHI.TREND.UP,84966.0,1.3099905862860934,"{""seg_idx"": [16, 17, 18], ""score"": 1.3099905862860934, ""evidences"": {""volume_price"": {""type"": ""volume_price"", ""price_new"": false, ""vol_weaker"": true, ""mom_weaker"": true}, ""momentum"": {""type"": ""momentum"", ""weaken_cnt"": 4, ""price_new"": false}, ""ratios"": {""volume_ratio"": 0.734462484212687, ""atr_ratio"": 0.8008180900191094, ""speed_ratio"": 0.9000953326568002, ""strength_ratio"": 0.9833871787035879}, ""macd"": {""type"": ""macd"", ""peak1"": 158.74334620554515, ""peak2"": 111.56808263904637, ""mode"": ""up""}}, ""context"": {""boundary_proximity"": NaN, ""rejection_speed"": 0.5166509771434894, ""window_span_norm"": 1.0}}"
2025-04-25 12:00:00+00:00,SIG.BEICHI.TREND.UP,94802.52,3.4,"{""seg_idx"": [20, 21, 22], ""score"": 3.4, ""evidences"": {""volume_price"": {""type"": ""volume_price"", ""price_new"": true, ""vol_weaker"": true, ""mom_weaker"": true}, ""momentum"": {""type"": ""momentum"", ""weaken_cnt"": 4, ""price_new"": true}, ""ratios"": {""volume_ratio"": 0.5935021224310153, ""atr_ratio"": 0.7367182809813161, ""speed_ratio"": 0.7518702353125337, ""strength_ratio"": 0.6753264788503728}, ""macd"": {""type"": ""macd"", ""peak1"": 194.32377993029013, ""peak2"": 104.54714760283144, ""mode"": ""up""}}, ""context"": {""boundary_proximity"": NaN, ""rejection_speed"": 2.3817544116035245, ""window_span_norm"": 1.0}}"
2025-05-01 15:15:00+00:00,SIG.BEICHI.TREND.UP,97126.0,2.449911304019622,"{""seg_idx"": [22, 23, 24], ""score"": 2.449911304019622, ""evidences"": {""volume_price"": {""type"": ""volume_price"", ""price_new"": true, ""vol_weaker"": true, ""mom_weaker"": true}, ""momentum"": {""type"": ""momentum"", ""weaken_cnt"": 1, ""price_new"": true}, ""ratios"": {""volume_ratio"": 0.9459268508896704, ""atr_ratio"": 0.9194147702703085, ""speed_ratio"": 1.095343004993675, ""strength_ratio"": 1.411926910059356}, ""macd"": {""type"": ""macd"", ""peak1"": 104.54714760283144, ""peak2"": 103.79371921773992, ""mode"": ""up""}}, ""context"": {""boundary_proximity"": NaN, ""rejection_speed"": 0.749852173366037, ""window_span_norm"": 1.0}}"
2025-05-05 02:00:00+00:00,SIG.BEICHI.TREND.DOWN,94059.43,1.1689735362908646,"{""seg_idx"": [23, 24, 25], ""score"": 1.1689735362908646, ""evidences"": {""volume_price"": {""type"": ""volume_price"", ""price_new"": false, ""vol_weaker"": false, ""mom_weaker"": true}, ""momentum"": {""type"": ""momentum"", ""weaken_cnt"": 2, ""price_new"": false}, ""ratios"": {""volume_ratio"": 1.321766448538676, ""atr_ratio"": 0.9687425210739031, ""speed_ratio"": 1.316574417126906, ""strength_ratio"": 6.161397167201045}, ""macd"": {""type"": ""macd"", ""peak1"": -188.61357812815476, ""peak2"": -149.29174848666486, ""mode"": ""down""}}, ""context"": {""boundary_proximity"": NaN, ""rejection_speed"": 0.2816225604847744, ""window_span_norm"": 1.0}}"
2025-05-06 14:00:00+00:00,SIG.BEICHI.RANGE.DOWN,94046.37,2.734153385187783,"{""zs_index"": 5, ""score"": 2.734153385187783, ""evidences"": {""volume_price"": {""type"": ""volume_price"", ""price_new"": true, ""vol_weaker"": false, ""mom_weaker"": true}, ""momentum"": {""type"": ""momentum"", ""weaken_cnt"": 2, ""price_new"": true}, ""ratios"": {""volume_ratio"": 1.3441730820576843, ""atr_ratio"": 0.5807501963976448, ""speed_ratio"": 1.0448894254103716, ""strength_ratio"": 0.38404111600710045}, ""macd"": {""type"": ""macd"", ""peak1"": -29.120202189019082, ""peak2"": -33.69482723957444, ""mode"": ""down""}}, ""context"": {""boundary_proximity"": 0.09793186703803047, ""rejection_speed"": 0.39232377494160814, ""window_span_norm"": 0.1}}"
2025-05-07 01:00:00+00:00,SIG.BEICHI.TREND.UP,97480.16,3.183900440281989,"{""seg_idx"": [24, 25, 26], ""score"": 3.183900440281989, ""evidences"": {""volume_price"": {""type"": ""volume_price"", ""price_new"": true, ""vol_weaker"": true, ""mom_weaker"": true}, ""momentum"": {""type"": ""momentum"", ""weaken_cnt"": 3, ""price_new"": true}, ""ratios"": {""volume_ratio"": 0.8190479477733844, ""atr_ratio"": 0.9777627140519197, ""speed_ratio"": 0.9616191546413702, ""strength_ratio"": 0.8462337381847485}, ""macd"": {""type"": ""macd"", ""peak1"": 103.79371921773992, ""peak2"": 193.5450495531149, ""mode"": ""up""}}, ""context"": {""boundary_proximity"": NaN, ""rejection_speed"": 0.6398340671366485, ""window_span_norm"": 1.0}}"
2025-05-07 19:30:00+00:00,SIG.BEICHI.TREND.DOWN,96469.07,0.8236362403250748,"{""seg_idx"": [25, 26, 27], ""score"": 0.8236362403250748, ""evidences"": {""volume_price"": {""type"": ""volume_price"", ""price_new"": false, ""vol_weaker"": false, ""mom_weaker"": true}, ""momentum"": {""type"": ""momentum"", ""weaken_cnt"": 2, ""price_new"": false}, ""ratios"": {""volume_ratio"": 1.0164125273377373, ""atr_ratio"": 1.4053335811639873, ""speed_ratio"": 1.1606023588066443, ""strength_ratio"": 0.39711275085283454}, ""macd"": {""type"": ""macd"", ""peak1"": -149.29174848666486, ""peak2"": -79.70567626993676, ""mode"": ""down""}}, ""context"": {""boundary_proximity"": NaN, ""rejection_speed"": 0.15939373387512465, ""window_span_norm"": 0.32}}"
2025-05-09 07:45:00+00:00,SIG.BEICHI.RANGE.UP,103628.77,3.6578326871033418,"{""zs_index"": 6, ""score"": 3.6578326871033418, ""evidences"": {""volume_price"": {""type"": ""volume_price"", ""price_new"": true, ""vol_weaker"": false, ""mom_weaker"": true}, ""momentum"": {""type"": ""momentum"", ""weaken_cnt"": 2, ""price_new"": true}, ""ratios"": {""volume_ratio"": 1.5982271910187509, ""atr_ratio"": 0.7521767656677455, ""speed_ratio"": 0.9270025982909009, ""strength_ratio"": 1.207429979921031}, ""macd"": {""type"": ""macd"", ""peak1"": 27.547619981598572, ""peak2"": 168.70348729194362, ""mode"": ""up""}}, ""context"": {""boundary_proximity"": 1.0, ""rejection_speed"": 0.5930544785055697, ""window_span_norm"": 0.755}}"
2025-05-09 07:45:00+00:00,SIG.BEICHI.TREND.UP,103628.77,1.3558326871033417,"{""seg_idx"": [26, 27, 28], ""score"": 1.3558326871033417, ""evidences"": {""volume_price"": {""type"": ""volume_price"", ""price_new"": true, ""vol_weaker"": false, ""mom_weaker"": false}, ""momentum"": {""type"": ""momentum"", ""weaken_cnt"": 0, ""price_new"": true}, ""ratios"": {""volume_ratio"": 1.8382475488987982, ""atr_ratio"": 1.4574605298897878, ""speed_ratio"": 1.2574827861586462, ""strength_ratio"": 1.3072284121223523}, ""macd"": {""type"": ""macd"", ""peak1"": 193.5450495531149, ""peak2"": 168.70348729194362, ""mode"": ""up""}}, ""context"": {""boundary_proximity"": NaN, ""rejection_speed"": 0.5930544785055697, ""window_span_norm"": 1.0}}"
2025-05-14 13:30:00+00:00,SIG.BEICHI.TREND.UP,103712.79,1.6,"{""seg_idx"": [31, 32, 33], ""score"": 1.6, ""evidences"": {""volume_price"": {""type"": ""volume_price"", ""price_new"": false, ""vol_weaker"": true, ""mom_weaker"": true}, ""momentum"": {""type"": ""momentum"", ""weaken_cnt"": 1, ""price_new"": false}, ""ratios"": {""volume_ratio"": 0.9291207634315528, ""atr_ratio"": 1.0086508343378324, ""speed_ratio"": 1.0700982669542447, ""strength_ratio"": 0.5454053261123512}, ""macd"": {""type"": ""macd"", ""peak1"": 172.10378281513113, ""peak2"": 145.94818925244493, ""mode"": ""up""}}, ""context"": {""boundary_proximity"": NaN, ""rejection_speed"": 1.3475122190638136, ""window_span_norm"": 1.0}}"
2025-05-15 07:45:00+00:00,SIG.BEICHI.TREND.DOWN,101779.99,1.2052024181226084,"{""seg_idx"": [32, 33, 34], ""score"": 1.2052024181226084, ""evidences"": {""volume_price"": {""type"": ""volume_price"", ""price_new"": false, ""vol_weaker"": true, ""mom_weaker"": true}, ""momentum"": {""type"": ""momentum"", ""weaken_cnt"": 3, ""price_new"": false}, ""ratios"": {""volume_ratio"": 0.32280344648428033, ""atr_ratio"": 0.47430055427066886, ""speed_ratio"": 0.49438731649036705, ""strength_ratio"": 1.7580603787222162}, ""macd"": {""type"": ""macd"", ""peak1"": -140.87968269961135, ""peak2"": -82.32806756564422, ""mode"": ""down""}}, ""context"": {""boundary_proximity"": NaN, ""rejection_speed"": 0.5020040302043473, ""window_span_norm"": 0.76}}"
2025-05-18 05:30:00+00:00,SIG.BEICHI.RANGE.DOWN,103490.64,3.3435382517234773,"{""zs_index"": 7, ""score"": 3.3435382517234773, ""evidences"": {""volume_price"": {""type"": ""volume_price"", ""price_new"": true, ""vol_weaker"": false, ""mom_weaker"": true}, ""momentum"": {""type"": ""momentum"", ""weaken_cnt"": 3, ""price_new"": true}, ""ratios"": {""volume_ratio"": 1.172175781013183, ""atr_ratio"": 1.2686879011340815, ""speed_ratio"": 0.6731278700105864, ""strength_ratio"": 0.019376781825710426}, ""macd"": {""type"": ""macd"", ""peak1"": 7.968404670839622, ""peak2"": -71.7010964016558, ""mode"": ""down""}}, ""context"": {""boundary_proximity"": 0.2974330535693459, ""rejection_speed"": 0.955130699303116, ""window_span_norm"": 0.48}}"
2025-05-18 14:45:00+00:00,SIG.BEICHI.RANGE.UP,105270.97,3.702,"{""zs_index"": 7, ""score"": 3.702, ""evidences"": {""volume_price"": {""type"": ""volume_price"", ""price_new"": true, ""vol_weaker"": false, ""mom_weaker"": true}, ""momentum"": {""type"": ""momentum"", ""weaken_cnt"": 2, ""price_new"": true}, ""ratios"": {""volume_ratio"": 1.135283252562038, ""atr_ratio"": 0.4518002583563656, ""speed_ratio"": 0.7542867923473138, ""strength_ratio"": 6.111964014084457}, ""macd"": {""type"": ""macd"", ""peak1"": 71.54709574340015, ""peak2"": 130.90442436480137, ""mode"": ""up""}}, ""context"": {""boundary_proximity"": 1.0, ""rejection_speed"": 2.029623792608833, ""window_span_norm"": 0.255}}"
2025-05-18 14:45:00+00:00,SIG.BEICHI.TREND.UP,105270.97,3.4,"{""seg_idx"": [35, 36, 37], ""score"": 3.4, ""evidences"": {""volume_price"": {""type"": ""volume_price"", ""price_new"": true, ""vol_weaker"": true, ""mom_weaker"": true}, ""momentum"": {""type"": ""momentum"", ""weaken_cnt"": 3, ""price_new"": true}, ""ratios"": {""volume_ratio"": 0.4718456024608446, ""atr_ratio"": 0.45043263078174406, ""speed_ratio"": 0.4131793977896789, ""strength_ratio"": 0.5585699172929878}, ""macd"": {""type"": ""macd"", ""peak1"": 167.88280917487137, ""peak2"": 130.90442436480137, ""mode"": ""up""}}, ""context"": {""boundary_proximity"": NaN, ""rejection_speed"": 2.029623792608833, ""window_span_norm"": 1.0}}"
2025-05-21 05:30:00+00:00,SIG.BEICHI.TREND.UP,107438.01,1.0150535922621362,"{""seg_idx"": [37, 38, 39], ""score"": 1.0150535922621362, ""evidences"": {""volume_price"": {""type"": ""volume_price"", ""price_new"": true, ""vol_weaker"": false, ""mom_weaker"": false}, ""momentum"": {""type"": ""momentum"", ""weaken_cnt"": 1, ""price_new"": true}, ""ratios"": {""volume_ratio"": 1.7574543916078247, ""atr_ratio"": 2.238179173230251, ""speed_ratio"": 1.800334875012024, ""strength_ratio"": 1.002058985462237}, ""macd"": {""type"": ""macd"", ""peak1"": 130.90442436480137, ""peak2"": 54.31287742491622, ""mode"": ""up""}}, ""context"": {""boundary_proximity"": NaN, ""rejection_speed"": 0.025089320436893763, ""window_span_norm"": 1.0}}"
2025-05-22 17:30:00+00:00,SIG.BEICHI.TREND.UP,111749.99,2.500543602623149,"{""seg_idx"": [39, 40, 41], ""score"": 2.500543602623149, ""evidences"": {""volume_price"": {""type"": ""volume_price"", ""price_new"": true, ""vol_weaker"": false, ""mom_weaker"": true}, ""momentum"": {""type"": ""momentum"", ""weaken_cnt"": 1, ""price_new"": true}, ""ratios"": {""volume_ratio"": 1.8387518006840875, ""atr_ratio"": 1.165723573691139, ""speed_ratio"": 1.2785127810165338, ""strength_ratio"": 0.7631640060678758}, ""macd"": {""type"": ""macd"", ""peak1"": 54.31287742491622, ""peak2"": 104.02187267028137, ""mode"": ""up""}}, ""context"": {""boundary_proximity"": NaN, ""rejection_speed"": 0.8542393377052488, ""window_span_norm"": 0.97}}"
2025-05-28 13:15:00+00:00,SIG.BEICHI.RANGE.UP,108722.45,1.4834941222890605,"{""zs_index"": 8, ""score"": 1.4834941222890605, ""evidences"": {""volume_price"": {""type"": ""volume_price"", ""price_new"": false, ""vol_weaker"": true, ""mom_weaker"": true}, ""momentum"": {""type"": ""momentum"", ""weaken_cnt"": 3, ""price_new"": false}, ""ratios"": {""volume_ratio"": 0.9301249061907773, ""atr_ratio"": 0.839958554307826, ""speed_ratio"": 0.5854259264501858, ""strength_ratio"": 1.784113678558251}, ""macd"": {""type"": ""macd"", ""peak1"": 52.11115292555294, ""peak2"": 33.77897703317211, ""mode"": ""up""}}, ""context"": {""boundary_proximity"": 0.34915687048176747, ""rejection_speed"": 1.0246711437798486, ""window_span_norm"": 0.185}}"
2025-06-09 06:15:00+00:00,SIG.BEICHI.RANGE.DOWN,105521.84,1.284803070378789,"{""zs_index"": 9, ""score"": 1.284803070378789, ""evidences"": {""volume_price"": {""type"": ""volume_price"", ""price_new"": false, ""vol_weaker"": true, ""mom_weaker"": true}, ""momentum"": {""type"": ""momentum"", ""weaken_cnt"": 1, ""price_new"": false}, ""ratios"": {""volume_ratio"": 0.9572575635892726, ""atr_ratio"": 1.2066277213996228, ""speed_ratio"": 0.48368255638182606, ""strength_ratio"": 19.225244691227324}, ""macd"": {""type"": ""macd"", ""peak1"": -41.58997903829088, ""peak2"": -6.671340176834676, ""mode"": ""down""}}, ""context"": {""boundary_proximity"": 0.05800511729798152, ""rejection_speed"": 1.2031236829112386, ""window_span_norm"": 0.125}}"
2025-06-10 14:45:00+00:00,SIG.BEICHI.TREND.DOWN,108620.01,1.4111119289690475,"{""seg_idx"": [51, 52, 53], ""score"": 1.4111119289690475, ""evidences"": {""volume_price"": {""type"": ""volume_price"", ""price_new"": false, ""vol_weaker"": true, ""mom_weaker"": true}, ""momentum"": {""type"": ""momentum"", ""weaken_cnt"": 4, ""price_new"": false}, ""ratios"": {""volume_ratio"": 0.4708019175471898, ""atr_ratio"": 0.5926661814820106, ""speed_ratio"": 0.44536733256370226, ""strength_ratio"": 0.2840988328969746}, ""macd"": {""type"": ""macd"", ""peak1"": -204.67668152343504, ""peak2"": -130.763046699293, ""mode"": ""down""}}, ""context"": {""boundary_proximity"": NaN, ""rejection_speed"": 0.6851865482817456, ""window_span_norm"": 1.0}}"
2025-06-11 15:45:00+00:00,SIG.BEICHI.RANGE.UP,109735.7,1.2905745596297735,"{""zs_index"": 10, ""score"": 1.2905745596297735, ""evidences"": {""volume_price"": {""type"": ""volume_price"", ""price_new"": false, ""vol_weaker"": false, ""mom_weaker"": false}, ""momentum"": {""type"": ""momentum"", ""weaken_cnt"": 1, ""price_new"": false}, ""ratios"": {""volume_ratio"": 2.934019553188534, ""atr_ratio"": 1.6739158376290892, ""speed_ratio"": 1.2854910713797567, ""strength_ratio"": 1.3212199414629244}, ""macd"": {""type"": ""macd"", ""peak1"": 87.70808401838386, ""peak2"": 85.42759837892342, ""mode"": ""up""}}, ""context"": {""boundary_proximity"": 0.8481010152533673, ""rejection_speed"": 0.14285658412958852, ""window_span_norm"": 0.24}}"
2025-06-12 04:30:00+00:00,SIG.BEICHI.RANGE.DOWN,107594.82,2.579841718572976,"{""zs_index"": 10, ""score"": 2.579841718572976, ""evidences"": {""volume_price"": {""type"": ""volume_price"", ""price_new"": true, ""vol_weaker"": false, ""mom_weaker"": true}, ""momentum"": {""type"": ""momentum"", ""weaken_cnt"": 1, ""price_new"": true}, ""ratios"": {""volume_ratio"": 2.2065143368124827, ""atr_ratio"": 0.7485525978035164, ""speed_ratio"": 1.2580552930087538, ""strength_ratio"": 4.033463442195811}, ""macd"": {""type"": ""macd"", ""peak1"": -35.11427566377702, ""peak2"": -77.25301874653854, ""mode"": ""down""}}, ""context"": {""boundary_proximity"": 1.0, ""rejection_speed"": 0.54306953095496, ""window_span_norm"": 0.135}}"
2025-06-18 20:00:00+00:00,SIG.BEICHI.TREND.DOWN,103811.09,3.235262513601745,"{""seg_idx"": [58, 59, 60], ""score"": 3.235262513601745, ""evidences"": {""volume_price"": {""type"": ""volume_price"", ""price_new"": true, ""vol_weaker"": false, ""mom_weaker"": true}, ""momentum"": {""type"": ""momentum"", ""weaken_cnt"": 2, ""price_new"": true}, ""ratios"": {""volume_ratio"": 1.0332931767551534, ""atr_ratio"": 1.368503556373551, ""speed_ratio"": 1.376252828867193, ""strength_ratio"": 0.6903804592783637}, ""macd"": {""type"": ""macd"", ""peak1"": -273.1373011845118, ""peak2"": -52.4002960325885, ""mode"": ""down""}}, ""context"": {""boundary_proximity"": NaN, ""rejection_speed"": 0.7254375226695753, ""window_span_norm"": 1.0}}"
2025-06-20 14:15:00+00:00,SIG.BEICHI.RANGE.UP,105300.38,2.8092234591533525,"{""zs_index"": 11, ""score"": 2.8092234591533525, ""evidences"": {""volume_price"": {""type"": ""volume_price"", ""price_new"": true, ""vol_weaker"": false, ""mom_weaker"": true}, ""momentum"": {""type"": ""momentum"", ""weaken_cnt"": 1, ""price_new"": true}, ""ratios"": {""volume_ratio"": 2.013207798785262, ""atr_ratio"": 1.9442562429456993, ""speed_ratio"": 1.8904404273479762, ""strength_ratio"": 0.23136178620107395}, ""macd"": {""type"": ""macd"", ""peak1"": 47.473224393925676, ""peak2"": 197.2875328724986, ""mode"": ""up""}}, ""context"": {""boundary_proximity"": 0.8787057652555877, ""rejection_speed"": 1.5622130963935987, ""window_span_norm"": 0.205}}"
2025-06-21 21:45:00+00:00,SIG.BEICHI.TREND.DOWN,101455.61,3.4,"{""seg_idx"": [60, 61, 62], ""score"": 3.4, ""evidences"": {""volume_price"": {""type"": ""volume_price"", ""price_new"": true, ""vol_weaker"": true, ""mom_weaker"": true}, ""momentum"": {""type"": ""momentum"", ""weaken_cnt"": 2, ""price_new"": true}, ""ratios"": {""volume_ratio"": 0.7069402980314069, ""atr_ratio"": 0.5033712554624614, ""speed_ratio"": 0.4596932163282993, ""strength_ratio"": 1.2682534092864512}, ""macd"": {""type"": ""macd"", ""peak1"": -52.4002960325885, ""peak2"": -240.8890380920694, ""mode"": ""down""}}, ""context"": {""boundary_proximity"": NaN, ""rejection_speed"": 1.022495625953917, ""window_span_norm"": 1.0}}"
2025-07-03 09:45:00+00:00,SIG.BEICHI.TREND.UP,109942.2,2.877691060915198,"{""seg_idx"": [64, 65, 66], ""score"": 2.877691060915198, ""evidences"": {""volume_price"": {""type"": ""volume_price"", ""price_new"": true, ""vol_weaker"": true, ""mom_weaker"": true}, ""momentum"": {""type"": ""momentum"", ""weaken_cnt"": 4, ""price_new"": true}, ""ratios"": {""volume_ratio"": 0.5018028118539297, ""atr_ratio"": 0.5150780209461637, ""speed_ratio"": 0.5480397982870856, ""strength_ratio"": 0.28817920549022924}, ""macd"": {""type"": ""macd"", ""peak1"": 283.5878423329415, ""peak2"": 145.7582070845147, ""mode"": ""up""}}, ""context"": {""boundary_proximity"": NaN, ""rejection_speed"": 0.12948510152533035, ""window_span_norm"": 1.0}}"
2025-07-04 13:30:00+00:00,SIG.BEICHI.RANGE.UP,108367.0,4.0,"{""zs_index"": 13, ""score"": 4.0, ""evidences"": {""volume_price"": {""type"": ""volume_price"", ""price_new"": true, ""vol_weaker"": false, ""mom_weaker"": true}, ""momentum"": {""type"": ""momentum"", ""weaken_cnt"": 2, ""price_new"": true}, ""ratios"": {""volume_ratio"": 1.6860062307588557, ""atr_ratio"": 1.2329722912073773, ""speed_ratio"": 1.44476269111408, ""strength_ratio"": 0.0952892273433244}, ""macd"": {""type"": ""macd"", ""peak1"": 102.0232209012569, ""peak2"": 145.7582070845147, ""mode"": ""up""}}, ""context"": {""boundary_proximity"": 1.0, ""rejection_speed"": 1.62879429830388, ""window_span_norm"": 1.0}}"
2025-07-09 13:15:00+00:00,SIG.BEICHI.TREND.UP,109576.59,1.6,"{""seg_idx"": [66, 67, 68], ""score"": 1.6, ""evidences"": {""volume_price"": {""type"": ""volume_price"", ""price_new"": false, ""vol_weaker"": true, ""mom_weaker"": true}, ""momentum"": {""type"": ""momentum"", ""weaken_cnt"": 4, ""price_new"": false}, ""ratios"": {""volume_ratio"": 0.732911457505185, ""atr_ratio"": 0.8804574337191247, ""speed_ratio"": 0.8900883979334978, ""strength_ratio"": 0.5967685949009882}, ""macd"": {""type"": ""macd"", ""peak1"": 145.7582070845147, ""peak2"": 77.28615810849489, ""mode"": ""up""}}, ""context"": {""boundary_proximity"": NaN, ""rejection_speed"": 1.5802698160511603, ""window_span_norm"": 1.0}}"
2025-07-09 16:15:00+00:00,SIG.BEICHI.RANGE.DOWN,109203.85,1.4243217763748444,"{""zs_index"": 14, ""score"": 1.4243217763748444, ""evidences"": {""volume_price"": {""type"": ""volume_price"", ""price_new"": false, ""vol_weaker"": false, ""mom_weaker"": false}, ""momentum"": {""type"": ""momentum"", ""weaken_cnt"": 0, ""price_new"": false}, ""ratios"": {""volume_ratio"": 2.193808009254718, ""atr_ratio"": 2.4388349077832263, ""speed_ratio"": 1.3914251304067886, ""strength_ratio"": 33.852662118306554}, ""macd"": {""type"": ""macd"", ""peak1"": -89.39345322031991, ""peak2"": -80.34466696789515, ""mode"": ""down""}}, ""context"": {""boundary_proximity"": 0.2854298991924179, ""rejection_speed"": 0.4217730614323224, ""window_span_norm"": 1.0}}"
2025-07-16 21:00:00+00:00,SIG.BEICHI.TREND.UP,119901.16,2.8283404233288216,"{""seg_idx"": [69, 70, 71], ""score"": 2.8283404233288216, ""evidences"": {""volume_price"": {""type"": ""volume_price"", ""price_new"": true, ""vol_weaker"": true, ""mom_weaker"": true}, ""momentum"": {""type"": ""momentum"", ""weaken_cnt"": 2, ""price_new"": true}, ""ratios"": {""volume_ratio"": 0.5881651020641994, ""atr_ratio"": 1.1112418792609817, ""speed_ratio"": 1.0431155386956565, ""strength_ratio"": 0.5382446891315785}, ""macd"": {""type"": ""macd"", ""peak1"": 268.1196930265493, ""peak2"": 128.50335185642996, ""mode"": ""up""}}, ""context"": {""boundary_proximity"": NaN, ""rejection_speed"": 0.04723403888136955, ""window_span_norm"": 1.0}}"
2025-07-17 01:45:00+00:00,SIG.BEICHI.TREND.DOWN,118149.7,1.376,"{""seg_idx"": [70, 71, 72], ""score"": 1.376, ""evidences"": {""volume_price"": {""type"": ""volume_price"", ""price_new"": false, ""vol_weaker"": true, ""mom_weaker"": true}, ""momentum"": {""type"": ""momentum"", ""weaken_cnt"": 4, ""price_new"": false}, ""ratios"": {""volume_ratio"": 0.5250199884675767, ""atr_ratio"": 0.9081997922709094, ""speed_ratio"": 0.8502656415925981, ""strength_ratio"": 0.7546637711697791}, ""macd"": {""type"": ""macd"", ""peak1"": -169.43363941303596, ""peak2"": -136.06199023051116, ""mode"": ""down""}}, ""context"": {""boundary_proximity"": NaN, ""rejection_speed"": 1.6092306766555284, ""window_span_norm"": 0.44}}"
2025-07-17 19:15:00+00:00,SIG.BEICHI.TREND.UP,119656.09,1.1438099202375938,"{""seg_idx"": [71, 72, 73], ""score"": 1.1438099202375938, ""evidences"": {""volume_price"": {""type"": ""volume_price"", ""price_new"": false, ""vol_weaker"": true, ""mom_weaker"": false}, ""momentum"": {""type"": ""momentum"", ""weaken_cnt"": 1, ""price_new"": false}, ""ratios"": {""volume_ratio"": 0.9437906942514863, ""atr_ratio"": 1.3298099719341032, ""speed_ratio"": 1.1500542009671966, ""strength_ratio"": 1.5739275086751188}, ""macd"": {""type"": ""macd"", ""peak1"": 128.50335185642996, ""peak2"": 109.11113787758637, ""mode"": ""up""}}, ""context"": {""boundary_proximity"": NaN, ""rejection_speed"": 0.23968320039598945, ""window_span_norm"": 1.0}}"
2025-07-20 22:15:00+00:00,SIG.BEICHI.TREND.DOWN,117266.0,3.4,"{""seg_idx"": [72, 73, 74], ""score"": 3.4, ""evidences"": {""volume_price"": {""type"": ""volume_price"", ""price_new"": true, ""vol_weaker"": true, ""mom_weaker"": true}, ""momentum"": {""type"": ""momentum"", ""weaken_cnt"": 3, ""price_new"": true}, ""ratios"": {""volume_ratio"": 0.7621462115793843, ""atr_ratio"": 0.7335736660714919, ""speed_ratio"": 0.6236883985304436, ""strength_ratio"": 0.21908186475075392}, ""macd"": {""type"": ""macd"", ""peak1"": -136.06199023051116, ""peak2"": -202.82585537080053, ""mode"": ""down""}}, ""context"": {""boundary_proximity"": NaN, ""rejection_speed"": 2.369529623976714, ""window_span_norm"": 1.0}}"
2025-07-22 01:15:00+00:00,SIG.BEICHI.TREND.DOWN,117240.21,1.2327092204652024,"{""seg_idx"": [74, 75, 76], ""score"": 1.2327092204652024, ""evidences"": {""volume_price"": {""type"": ""volume_price"", ""price_new"": true, ""vol_weaker"": false, ""mom_weaker"": false}, ""momentum"": {""type"": ""momentum"", ""weaken_cnt"": 1, ""price_new"": true}, ""ratios"": {""volume_ratio"": 1.4787575148789662, ""atr_ratio"": 1.60162076091784, ""speed_ratio"": 1.4940740195179216, ""strength_ratio"": 1.8411129603672298}, ""macd"": {""type"": ""macd"", ""peak1"": -202.82585537080053, ""peak2"": -110.94912186153232, ""mode"": ""down""}}, ""context"": {""boundary_proximity"": NaN, ""rejection_speed"": 0.3878487007753373, ""window_span_norm"": 1.0}}"
2025-07-22 15:00:00+00:00,SIG.BEICHI.TREND.UP,119172.12,1.4407263472030702,"{""seg_idx"": [75, 76, 77], ""score"": 1.4407263472030702, ""evidences"": {""volume_price"": {""type"": ""volume_price"", ""price_new"": false, ""vol_weaker"": false, ""mom_weaker"": true}, ""momentum"": {""type"": ""momentum"", ""weaken_cnt"": 2, ""price_new"": false}, ""ratios"": {""volume_ratio"": 1.5141357855960504, ""atr_ratio"": 1.0934683726423484, ""speed_ratio"": 1.0943334832411988, ""strength_ratio"": 0.46696851262356776}, ""macd"": {""type"": ""macd"", ""peak1"": 181.12584430139287, ""peak2"": 161.45262323585956, ""mode"": ""up""}}, ""context"": {""boundary_proximity"": NaN, ""rejection_speed"": 0.9612105786717839, ""window_span_norm"": 0.6599999999999999}}"
2025-07-27 16:30:00+00:00,SIG.BEICHI.TREND.UP,119312.34,3.2078028206142033,"{""seg_idx"": [78, 79, 80], ""score"": 3.2078028206142033, ""evidences"": {""volume_price"": {""type"": ""volume_price"", ""price_new"": true, ""vol_weaker"": true, ""mom_weaker"": true}, ""momentum"": {""type"": ""momentum"", ""weaken_cnt"": 3, ""price_new"": true}, ""ratios"": {""volume_ratio"": 0.4738062361031281, ""atr_ratio"": 0.463563578286101, ""speed_ratio"": 0.588593252987846, ""strength_ratio"": 0.9462435402721051}, ""macd"": {""type"": ""macd"", ""peak1"": 127.6405137638197, ""peak2"": 118.15085130395957, ""mode"": ""up""}}, ""context"": {""boundary_proximity"": NaN, ""rejection_speed"": 0.6796713676903392, ""window_span_norm"": 1.0}}"
2025-07-30 19:15:00+00:00,SIG.BEICHI.TREND.DOWN,116459.84,1.1010788050452007,"{""seg_idx"": [79, 80, 81], ""score"": 1.1010788050452007, ""evidences"": {""volume_price"": {""type"": ""volume_price"", ""price_new"": false, ""vol_weaker"": true, ""mom_weaker"": true}, ""momentum"": {""type"": ""momentum"", ""weaken_cnt"": 4, ""price_new"": false}, ""ratios"": {""volume_ratio"": 0.411409899255221, ""atr_ratio"": 0.8233567865425707, ""speed_ratio"": 0.779700983801454, ""strength_ratio"": 0.48686446356653196}, ""macd"": {""type"": ""macd"", ""peak1"": -194.69382737397098, ""peak2"": -165.22332332755926, ""mode"": ""down""}}, ""context"": {""boundary_proximity"": NaN, ""rejection_speed"": 0.16846467507533455, ""window_span_norm"": 1.0}}"
2025-08-01 00:45:00+00:00,SIG.BEICHI.RANGE.DOWN,115427.27,1.8152226501148814,"{""zs_index"": 15, ""score"": 1.8152226501148814, ""evidences"": {""volume_price"": {""type"": ""volume_price"", ""price_new"": true, ""vol_weaker"": false, ""mom_weaker"": false}, ""momentum"": {""type"": ""momentum"", ""weaken_cnt"": 0, ""price_new"": true}, ""ratios"": {""volume_ratio"": 1.4207739700663136, ""atr_ratio"": 1.0778837912614452, ""speed_ratio"": 1.430045663972363, ""strength_ratio"": 22.421582192993483}, ""macd"": {""type"": ""macd"", ""peak1"": -165.22332332755926, ""peak2"": -136.04437884439838, ""mode"": ""down""}}, ""context"": {""boundary_proximity"": 1.0, ""rejection_speed"": 0.8287044168581358, ""window_span_norm"": 0.295}}"
2025-08-01 00:45:00+00:00,SIG.BEICHI.TREND.DOWN,115427.27,1.4972226501148813,"{""seg_idx"": [81, 82, 83], ""score"": 1.4972226501148813, ""evidences"": {""volume_price"": {""type"": ""volume_price"", ""price_new"": true, ""vol_weaker"": false, ""mom_weaker"": false}, ""momentum"": {""type"": ""momentum"", ""weaken_cnt"": 0, ""price_new"": true}, ""ratios"": {""volume_ratio"": 1.7630837893804063, ""atr_ratio"": 1.3726653179808352, ""speed_ratio"": 1.4471876512115862, ""strength_ratio"": 3.3423325381121844}, ""macd"": {""type"": ""macd"", ""peak1"": -165.22332332755926, ""peak2"": -136.04437884439838, ""mode"": ""down""}}, ""context"": {""boundary_proximity"": NaN, ""rejection_speed"": 0.8287044168581358, ""window_span_norm"": 1.0}}"
2025-08-01 13:00:00+00:00,SIG.BEICHI.TREND.UP,115781.86,0.9726146843374363,"{""seg_idx"": [82, 83, 84], ""score"": 0.9726146843374363, ""evidences"": {""volume_price"": {""type"": ""volume_price"", ""price_new"": false, ""vol_weaker"": false, ""mom_weaker"": true}, ""momentum"": {""type"": ""momentum"", ""weaken_cnt"": 2, ""price_new"": false}, ""ratios"": {""volume_ratio"": 1.3095253055073153, ""atr_ratio"": 1.2321399519526224, ""speed_ratio"": 1.3586170554678931, ""strength_ratio"": 0.5668915374601221}, ""macd"": {""type"": ""macd"", ""peak1"": 137.4922943047299, ""peak2"": 120.50442982242771, ""mode"": ""up""}}, ""context"": {""boundary_proximity"": NaN, ""rejection_speed"": 0.33435780722906033, ""window_span_norm"": 0.43}}"
2025-08-02 19:00:00+00:00,SIG.BEICHI.TREND.DOWN,112046.9,3.4,"{""seg_idx"": [83, 84, 85], ""score"": 3.4, ""evidences"": {""volume_price"": {""type"": ""volume_price"", ""price_new"": true, ""vol_weaker"": true, ""mom_weaker"": true}, ""momentum"": {""type"": ""momentum"", ""weaken_cnt"": 3, ""price_new"": true}, ""ratios"": {""volume_ratio"": 0.5650492939476796, ""atr_ratio"": 0.8320660392159933, ""speed_ratio"": 0.7633392464087094, ""strength_ratio"": 0.4202780405173619}, ""macd"": {""type"": ""macd"", ""peak1"": -136.04437884439838, ""peak2"": -160.0522449915453, ""mode"": ""down""}}, ""context"": {""boundary_proximity"": NaN, ""rejection_speed"": 1.416700946112727, ""window_span_norm"": 1.0}}"
2025-08-04 17:15:00+00:00,SIG.BEICHI.TREND.UP,115519.86,1.3705207659425263,"{""seg_idx"": [84, 85, 86], ""score"": 1.3705207659425263, ""evidences"": {""volume_price"": {""type"": ""volume_price"", ""price_new"": false, ""vol_weaker"": true, ""mom_weaker"": true}, ""momentum"": {""type"": ""momentum"", ""weaken_cnt"": 3, ""price_new"": false}, ""ratios"": {""volume_ratio"": 0.44697850268093914, ""atr_ratio"": 0.5754155924107567, ""speed_ratio"": 0.6309353108521579, ""strength_ratio"": 0.4035622771899373}, ""macd"": {""type"": ""macd"", ""peak1"": 120.50442982242771, ""peak2"": 107.62603282772703, ""mode"": ""up""}}, ""context"": {""boundary_proximity"": NaN, ""rejection_speed"": 0.6175346099042107, ""window_span_norm"": 1.0}}"
2025-08-06 14:30:00+00:00,SIG.BEICHI.RANGE.DOWN,114300.96,2.5646523555298684,"{""zs_index"": 16, ""score"": 2.5646523555298684, ""evidences"": {""volume_price"": {""type"": ""volume_price"", ""price_new"": true, ""vol_weaker"": true, ""mom_weaker"": false}, ""momentum"": {""type"": ""momentum"", ""weaken_cnt"": 0, ""price_new"": true}, ""ratios"": {""volume_ratio"": 0.8961451650560482, ""atr_ratio"": 1.3837642442335594, ""speed_ratio"": 1.2398757236365072, ""strength_ratio"": 168.9017204425294}, ""macd"": {""type"": ""macd"", ""peak1"": -66.8108981941388, ""peak2"": -175.08135331912737, ""mode"": ""down""}}, ""context"": {""boundary_proximity"": 1.0, ""rejection_speed"": 0.17108725921644713, ""window_span_norm"": 0.655}}"
2025-08-13 14:00:00+00:00,SIG.BEICHI.TREND.UP,122070.75,3.4,"{""seg_idx"": [89, 90, 91], ""score"": 3.4, ""evidences"": {""volume_price"": {""type"": ""volume_price"", ""price_new"": true, ""vol_weaker"": true, ""mom_weaker"": true}, ""momentum"": {""type"": ""momentum"", ""weaken_cnt"": 2, ""price_new"": true}, ""ratios"": {""volume_ratio"": 0.9893849624247053, ""atr_ratio"": 1.12180502630121, ""speed_ratio"": 1.0177901103200837, ""strength_ratio"": 0.6461919414934915}, ""macd"": {""type"": ""macd"", ""peak1"": 285.25466575423224, ""peak2"": 110.80423607291101, ""mode"": ""up""}}, ""context"": {""boundary_proximity"": NaN, ""rejection_speed"": 4.471035815678245, ""window_span_norm"": 1.0}}"
2025-08-21 17:30:00+00:00,SIG.BEICHI.TREND.DOWN,112441.83,2.3074518633313335,"{""seg_idx"": [94, 95, 96], ""score"": 2.3074518633313335, ""evidences"": {""volume_price"": {""type"": ""volume_price"", ""price_new"": true, ""vol_weaker"": true, ""mom_weaker"": false}, ""momentum"": {""type"": ""momentum"", ""weaken_cnt"": 1, ""price_new"": true}, ""ratios"": {""volume_ratio"": 0.9034302515636926, ""atr_ratio"": 1.217555223062804, ""speed_ratio"": 1.2406415307874, ""strength_ratio"": 1.2471500864550757}, ""macd"": {""type"": ""macd"", ""peak1"": -209.5337602104901, ""peak2"": -85.78083171571132, ""mode"": ""down""}}, ""context"": {""boundary_proximity"": NaN, ""rejection_speed"": 0.5124197722188892, ""window_span_norm"": 1.0}}"
2025-08-25 00:45:00+00:00,SIG.BEICHI.TREND.DOWN,112645.1,3.4,"{""seg_idx"": [96, 97, 98], ""score"": 3.4, ""evidences"": {""volume_price"": {""type"": ""volume_price"", ""price_new"": true, ""vol_weaker"": false, ""mom_weaker"": true}, ""momentum"": {""type"": ""momentum"", ""weaken_cnt"": 2, ""price_new"": true}, ""ratios"": {""volume_ratio"": 1.3995851410363496, ""atr_ratio"": 0.8066666102623093, ""speed_ratio"": 0.8109163157240019, ""strength_ratio"": 1.4683685598851115}, ""macd"": {""type"": ""macd"", ""peak1"": -85.78083171571132, ""peak2"": -235.45186943744133, ""mode"": ""down""}}, ""context"": {""boundary_proximity"": NaN, ""rejection_speed"": 1.082370746996583, ""window_span_norm"": 1.0}}"
2025-08-25 04:45:00+00:00,SIG.BEICHI.RANGE.UP,112764.0,1.2928594178732633,"{""zs_index"": 18, ""score"": 1.2928594178732633, ""evidences"": {""volume_price"": {""type"": ""volume_price"", ""price_new"": false, ""vol_weaker"": true, ""mom_weaker"": true}, ""momentum"": {""type"": ""momentum"", ""weaken_cnt"": 4, ""price_new"": false}, ""ratios"": {""volume_ratio"": 0.6383238950677264, ""atr_ratio"": 0.7353097692259527, ""speed_ratio"": 0.8441729487440737, ""strength_ratio"": 0.6782621367611716}, ""macd"": {""type"": ""macd"", ""peak1"": 132.68697197286224, ""peak2"": 90.3559332076662, ""mode"": ""up""}}, ""context"": {""boundary_proximity"": 0.8400007111079506, ""rejection_speed"": 0.2014316520141551, ""window_span_norm"": 0.17}}"
2025-08-29 07:00:00+00:00,SIG.BEICHI.RANGE.UP,110545.0,3.7839305765139133,"{""zs_index"": 19, ""score"": 3.7839305765139133, ""evidences"": {""volume_price"": {""type"": ""volume_price"", ""price_new"": true, ""vol_weaker"": true, ""mom_weaker"": true}, ""momentum"": {""type"": ""momentum"", ""weaken_cnt"": 4, ""price_new"": true}, ""ratios"": {""volume_ratio"": 0.7348956469836533, ""atr_ratio"": 0.8369016943600934, ""speed_ratio"": 0.581421520900231, ""strength_ratio"": 0.002138495246777755}, ""macd"": {""type"": ""macd"", ""peak1"": 49.22191025298801, ""peak2"": 156.4056093079088, ""mode"": ""up""}}, ""context"": {""boundary_proximity"": 0.6398842941898559, ""rejection_speed"": 3.1215605161413578, ""window_span_norm"": 1.0}}"
2025-08-30 02:00:00+00:00,SIG.BEICHI.TREND.DOWN,107774.78,3.34,"{""seg_idx"": [99, 100, 101], ""score"": 3.34, ""evidences"": {""volume_price"": {""type"": ""volume_price"", ""price_new"": true, ""vol_weaker"": true, ""mom_weaker"": true}, ""momentum"": {""type"": ""momentum"", ""weaken_cnt"": 4, ""price_new"": true}, ""ratios"": {""volume_ratio"": 0.6688303122923308, ""atr_ratio"": 0.7994443137370886, ""speed_ratio"": 0.6780679177602121, ""strength_ratio"": 0.8125864768291308}, ""macd"": {""type"": ""macd"", ""peak1"": -317.4290815879118, ""peak2"": -187.50890214532177, ""mode"": ""down""}}, ""context"": {""boundary_proximity"": NaN, ""rejection_speed"": 1.2052725588780302, ""window_span_norm"": 0.8500000000000001}}"
2025-09-18 03:30:00+00:00,SIG.BEICHI.TREND.UP,117686.13,1.5076022184199598,"{""seg_idx"": [103, 104, 105], ""score"": 1.5076022184199598, ""evidences"": {""volume_price"": {""type"": ""volume_price"", ""price_new"": true, ""vol_weaker"": false, ""mom_weaker"": false}, ""momentum"": {""type"": ""momentum"", ""weaken_cnt"": 1, ""price_new"": true}, ""ratios"": {""volume_ratio"": 1.0594352563895486, ""atr_ratio"": 1.6492553044238063, ""speed_ratio"": 1.405786308347664, ""strength_ratio"": 2.0513875718098253}, ""macd"": {""type"": ""macd"", ""peak1"": 145.9615932789751, ""peak2"": 121.94784260559771, ""mode"": ""up""}}, ""context"": {""boundary_proximity"": NaN, ""rejection_speed"": 0.8460036973665996, ""window_span_norm"": 1.0}}"
2025-09-21 20:30:00+00:00,SIG.BEICHI.RANGE.UP,115396.48,1.2308440312951272,"{""zs_index"": 20, ""score"": 1.2308440312951272, ""evidences"": {""volume_price"": {""type"": ""volume_price"", ""price_new"": false, ""vol_weaker"": true, ""mom_weaker"": true}, ""momentum"": {""type"": ""momentum"", ""weaken_cnt"": 4, ""price_new"": false}, ""ratios"": {""volume_ratio"": 0.4067610022445659, ""atr_ratio"": 0.36785372266658833, ""speed_ratio"": 0.48352108496089663, ""strength_ratio"": 0.1940532128584088}, ""macd"": {""type"": ""macd"", ""peak1"": 121.94784260559771, ""peak2"": 63.21617250527714, ""mode"": ""up""}}, ""context"": {""boundary_proximity"": 0.35314008688378673, ""rejection_speed"": 0.031599965274758314, ""window_span_norm"": 1.0}}"
2025-09-24 04:00:00+00:00,SIG.BEICHI.RANGE.DOWN,111475.67,4.0,"{""zs_index"": 20, ""score"": 4.0, ""evidences"": {""volume_price"": {""type"": ""volume_price"", ""price_new"": true, ""vol_weaker"": false, ""mom_weaker"": true}, ""momentum"": {""type"": ""momentum"", ""weaken_cnt"": 2, ""price_new"": true}, ""ratios"": {""volume_ratio"": 1.4900327440823147, ""atr_ratio"": 0.8545591297002421, ""speed_ratio"": 0.913149245984257, ""strength_ratio"": 8.483573277268155}, ""macd"": {""type"": ""macd"", ""peak1"": 12.51400595902524, ""peak2"": -155.10155738932394, ""mode"": ""down""}}, ""context"": {""boundary_proximity"": 1.0, ""rejection_speed"": 1.4172570216859033, ""window_span_norm"": 1.0}}"
2025-09-24 04:00:00+00:00,SIG.BEICHI.TREND.DOWN,111475.67,3.4,"{""seg_idx"": [104, 105, 106], ""score"": 3.4, ""evidences"": {""volume_price"": {""type"": ""volume_price"", ""price_new"": true, ""vol_weaker"": true, ""mom_weaker"": true}, ""momentum"": {""type"": ""momentum"", ""weaken_cnt"": 2, ""price_new"": true}, ""ratios"": {""volume_ratio"": 0.8258610505878843, ""atr_ratio"": 1.2327646995199817, ""speed_ratio"": 0.909201964986819, ""strength_ratio"": 0.480895321686888}, ""macd"": {""type"": ""macd"", ""peak1"": -79.83974460670906, ""peak2"": -155.10155738932394, ""mode"": ""down""}}, ""context"": {""boundary_proximity"": NaN, ""rejection_speed"": 1.4172570216859033, ""window_span_norm"": 1.0}}"
2025-10-03 16:30:00+00:00,SIG.BEICHI.TREND.UP,123778.33,2.6,"{""seg_idx"": [108, 109, 110], ""score"": 2.6, ""evidences"": {""volume_price"": {""type"": ""volume_price"", ""price_new"": true, ""vol_weaker"": false, ""mom_weaker"": true}, ""momentum"": {""type"": ""momentum"", ""weaken_cnt"": 1, ""price_new"": true}, ""ratios"": {""volume_ratio"": 1.6786157131552706, ""atr_ratio"": 1.4598074800342238, ""speed_ratio"": 1.3555178258328482, ""strength_ratio"": 0.7167255167268981}, ""macd"": {""type"": ""macd"", ""peak1"": 198.24413517208995, ""peak2"": 348.6098714930971, ""mode"": ""up""}}, ""context"": {""boundary_proximity"": NaN, ""rejection_speed"": 1.2576689640419232, ""window_span_norm"": 1.0}}"
2025-10-05 05:30:00+00:00,SIG.BEICHI.TREND.UP,125229.99,2.8330038299658717,"{""seg_idx"": [109, 110, 111], ""score"": 2.8330038299658717, ""evidences"": {""volume_price"": {""type"": ""volume_price"", ""price_new"": true, ""vol_weaker"": true, ""mom_weaker"": true}, ""momentum"": {""type"": ""momentum"", ""weaken_cnt"": 4, ""price_new"": true}, ""ratios"": {""volume_ratio"": 0.7429895602912734, ""atr_ratio"": 0.8322720130579797, ""speed_ratio"": 0.8918989856863734, ""strength_ratio"": 0.5661224509649704}, ""macd"": {""type"": ""macd"", ""peak1"": 194.9778336418035, ""peak2"": 186.62465691537125, ""mode"": ""up""}}, ""context"": {""boundary_proximity"": NaN, ""rejection_speed"": 0.05500638327645298, ""window_span_norm"": 1.0}}"
2025-10-09 17:00:00+00:00,SIG.BEICHI.TREND.DOWN,120261.36,1.5218537378770183,"{""seg_idx"": [112, 113, 114], ""score"": 1.5218537378770183, ""evidences"": {""volume_price"": {""type"": ""volume_price"", ""price_new"": true, ""vol_weaker"": false, ""mom_weaker"": false}, ""momentum"": {""type"": ""momentum"", ""weaken_cnt"": 1, ""price_new"": true}, ""ratios"": {""volume_ratio"": 2.1874747123132843, ""atr_ratio"": 1.7320918102703524, ""speed_ratio"": 2.1788661154933586, ""strength_ratio"": 1.7253135402233357}, ""macd"": {""type"": ""macd"", ""peak1"": -269.93209777920924, ""peak2"": -249.24981217371874, ""mode"": ""down""}}, ""context"": {""boundary_proximity"": NaN, ""rejection_speed"": 0.8697562297950309, ""window_span_norm"": 1.0}}"
