ts,etype,price,score,payload
2025-04-12 04:45:00+00:00,SIG.BEICHI.RANGE.DOWN,83208.04,1.0226490280243195,"{""zs_index"": 4, ""score"": 1.0226490280243195, ""evidences"": {""volume_price"": {""type"": ""volume_price"", ""price_new"": false, ""vol_weaker"": true, ""mom_weaker"": true}, ""momentum"": {""type"": ""momentum"", ""weaken_cnt"": 4, ""price_new"": false}, ""ratios"": {""volume_ratio"": 0.32674880142879265, ""atr_ratio"": 0.47210746710046103, ""speed_ratio"": 0.5647362207074952, ""strength_ratio"": 0.025069399419713027}, ""macd"": {""type"": ""macd"", ""peak1"": -113.95609491416567, ""peak2"": -58.67699912779009, ""mode"": ""down""}}, ""context"": {""boundary_proximity"": 0.4274919437605015, ""rejection_speed"": 0.013589769613364208, ""window_span_norm"": 0.395}}"
2025-04-13 01:30:00+00:00,SIG.BEICHI.RANGE.UP,85726.99,3.3983545569704674,"{""zs_index"": 3, ""score"": 3.3983545569704674, ""evidences"": {""volume_price"": {""type"": ""volume_price"", ""price_new"": true, ""vol_weaker"": true, ""mom_weaker"": true}, ""momentum"": {""type"": ""momentum"", ""weaken_cnt"": 2, ""price_new"": true}, ""ratios"": {""volume_ratio"": 0.47340818033290233, ""atr_ratio"": 0.8742676557209998, ""speed_ratio"": 0.8046667899636218, ""strength_ratio"": 1.5346528437186493}, ""macd"": {""type"": ""macd"", ""peak1"": 105.80504169664647, ""peak2"": 158.74334620554515, ""mode"": ""up""}}, ""context"": {""boundary_proximity"": 1.0, ""rejection_speed"": 0.1972575949507793, ""window_span_norm"": 0.7}}"
2025-04-15 14:00:00+00:00,SIG.BEICHI.RANGE.UP,85774.51,3.6240235496501496,"{""zs_index"": 4, ""score"": 3.6240235496501496, ""evidences"": {""volume_price"": {""type"": ""volume_price"", ""price_new"": true, ""vol_weaker"": true, ""mom_weaker"": true}, ""momentum"": {""type"": ""momentum"", ""weaken_cnt"": 3, ""price_new"": true}, ""ratios"": {""volume_ratio"": 0.4907350878044655, ""atr_ratio"": 0.7350456194196767, ""speed_ratio"": 0.8646497274536293, ""strength_ratio"": 0.43005157879323486}, ""macd"": {""type"": ""macd"", ""peak1"": -11.19376233075748, ""peak2"": 55.205580132335655, ""mode"": ""up""}}, ""context"": {""boundary_proximity"": 1.0, ""rejection_speed"": 0.8667059160835826, ""window_span_norm"": 0.26}}"
2025-05-06 14:00:00+00:00,SIG.BEICHI.RANGE.DOWN,94046.37,2.734153385187783,"{""zs_index"": 5, ""score"": 2.734153385187783, ""evidences"": {""volume_price"": {""type"": ""volume_price"", ""price_new"": true, ""vol_weaker"": false, ""mom_weaker"": true}, ""momentum"": {""type"": ""momentum"", ""weaken_cnt"": 2, ""price_new"": true}, ""ratios"": {""volume_ratio"": 1.3441730820576843, ""atr_ratio"": 0.5807501963976448, ""speed_ratio"": 1.0448894254103716, ""strength_ratio"": 0.38404111600710045}, ""macd"": {""type"": ""macd"", ""peak1"": -29.120202189019082, ""peak2"": -33.69482723957444, ""mode"": ""down""}}, ""context"": {""boundary_proximity"": 0.09793186703803047, ""rejection_speed"": 0.39232377494160814, ""window_span_norm"": 0.1}}"
2025-05-09 07:45:00+00:00,SIG.BEICHI.RANGE.UP,103628.77,3.6578326871033418,"{""zs_index"": 6, ""score"": 3.6578326871033418, ""evidences"": {""volume_price"": {""type"": ""volume_price"", ""price_new"": true, ""vol_weaker"": false, ""mom_weaker"": true}, ""momentum"": {""type"": ""momentum"", ""weaken_cnt"": 2, ""price_new"": true}, ""ratios"": {""volume_ratio"": 1.5982271910187509, ""atr_ratio"": 0.7521767656677455, ""speed_ratio"": 0.9270025982909009, ""strength_ratio"": 1.207429979921031}, ""macd"": {""type"": ""macd"", ""peak1"": 27.547619981598572, ""peak2"": 168.70348729194362, ""mode"": ""up""}}, ""context"": {""boundary_proximity"": 1.0, ""rejection_speed"": 0.5930544785055697, ""window_span_norm"": 0.755}}"
2025-05-18 05:30:00+00:00,SIG.BEICHI.RANGE.DOWN,103490.64,3.3435382517234773,"{""zs_index"": 7, ""score"": 3.3435382517234773, ""evidences"": {""volume_price"": {""type"": ""volume_price"", ""price_new"": true, ""vol_weaker"": false, ""mom_weaker"": true}, ""momentum"": {""type"": ""momentum"", ""weaken_cnt"": 3, ""price_new"": true}, ""ratios"": {""volume_ratio"": 1.172175781013183, ""atr_ratio"": 1.2686879011340815, ""speed_ratio"": 0.6731278700105864, ""strength_ratio"": 0.019376781825710426}, ""macd"": {""type"": ""macd"", ""peak1"": 7.968404670839622, ""peak2"": -71.7010964016558, ""mode"": ""down""}}, ""context"": {""boundary_proximity"": 0.2974330535693459, ""rejection_speed"": 0.955130699303116, ""window_span_norm"": 0.48}}"
2025-05-18 14:45:00+00:00,SIG.BEICHI.RANGE.UP,105270.97,3.702,"{""zs_index"": 7, ""score"": 3.702, ""evidences"": {""volume_price"": {""type"": ""volume_price"", ""price_new"": true, ""vol_weaker"": false, ""mom_weaker"": true}, ""momentum"": {""type"": ""momentum"", ""weaken_cnt"": 2, ""price_new"": true}, ""ratios"": {""volume_ratio"": 1.135283252562038, ""atr_ratio"": 0.4518002583563656, ""speed_ratio"": 0.7542867923473138, ""strength_ratio"": 6.111964014084457}, ""macd"": {""type"": ""macd"", ""peak1"": 71.54709574340015, ""peak2"": 130.90442436480137, ""mode"": ""up""}}, ""context"": {""boundary_proximity"": 1.0, ""rejection_speed"": 2.029623792608833, ""window_span_norm"": 0.255}}"
2025-05-28 13:15:00+00:00,SIG.BEICHI.RANGE.UP,108722.45,1.4834941222890605,"{""zs_index"": 8, ""score"": 1.4834941222890605, ""evidences"": {""volume_price"": {""type"": ""volume_price"", ""price_new"": false, ""vol_weaker"": true, ""mom_weaker"": true}, ""momentum"": {""type"": ""momentum"", ""weaken_cnt"": 3, ""price_new"": false}, ""ratios"": {""volume_ratio"": 0.9301249061907773, ""atr_ratio"": 0.839958554307826, ""speed_ratio"": 0.5854259264501858, ""strength_ratio"": 1.784113678558251}, ""macd"": {""type"": ""macd"", ""peak1"": 52.11115292555294, ""peak2"": 33.77897703317211, ""mode"": ""up""}}, ""context"": {""boundary_proximity"": 0.34915687048176747, ""rejection_speed"": 1.0246711437798486, ""window_span_norm"": 0.185}}"
2025-06-09 06:15:00+00:00,SIG.BEICHI.RANGE.DOWN,105521.84,1.284803070378789,"{""zs_index"": 9, ""score"": 1.284803070378789, ""evidences"": {""volume_price"": {""type"": ""volume_price"", ""price_new"": false, ""vol_weaker"": true, ""mom_weaker"": true}, ""momentum"": {""type"": ""momentum"", ""weaken_cnt"": 1, ""price_new"": false}, ""ratios"": {""volume_ratio"": 0.9572575635892726, ""atr_ratio"": 1.2066277213996228, ""speed_ratio"": 0.48368255638182606, ""strength_ratio"": 19.225244691227324}, ""macd"": {""type"": ""macd"", ""peak1"": -41.58997903829088, ""peak2"": -6.671340176834676, ""mode"": ""down""}}, ""context"": {""boundary_proximity"": 0.05800511729798152, ""rejection_speed"": 1.2031236829112386, ""window_span_norm"": 0.125}}"
2025-06-11 15:45:00+00:00,SIG.BEICHI.RANGE.UP,109735.7,1.2905745596297735,"{""zs_index"": 10, ""score"": 1.2905745596297735, ""evidences"": {""volume_price"": {""type"": ""volume_price"", ""price_new"": false, ""vol_weaker"": false, ""mom_weaker"": false}, ""momentum"": {""type"": ""momentum"", ""weaken_cnt"": 1, ""price_new"": false}, ""ratios"": {""volume_ratio"": 2.934019553188534, ""atr_ratio"": 1.6739158376290892, ""speed_ratio"": 1.2854910713797567, ""strength_ratio"": 1.3212199414629244}, ""macd"": {""type"": ""macd"", ""peak1"": 87.70808401838386, ""peak2"": 85.42759837892342, ""mode"": ""up""}}, ""context"": {""boundary_proximity"": 0.8481010152533673, ""rejection_speed"": 0.14285658412958852, ""window_span_norm"": 0.24}}"
2025-06-12 04:30:00+00:00,SIG.BEICHI.RANGE.DOWN,107594.82,2.579841718572976,"{""zs_index"": 10, ""score"": 2.579841718572976, ""evidences"": {""volume_price"": {""type"": ""volume_price"", ""price_new"": true, ""vol_weaker"": false, ""mom_weaker"": true}, ""momentum"": {""type"": ""momentum"", ""weaken_cnt"": 1, ""price_new"": true}, ""ratios"": {""volume_ratio"": 2.2065143368124827, ""atr_ratio"": 0.7485525978035164, ""speed_ratio"": 1.2580552930087538, ""strength_ratio"": 4.033463442195811}, ""macd"": {""type"": ""macd"", ""peak1"": -35.11427566377702, ""peak2"": -77.25301874653854, ""mode"": ""down""}}, ""context"": {""boundary_proximity"": 1.0, ""rejection_speed"": 0.54306953095496, ""window_span_norm"": 0.135}}"
2025-06-20 14:15:00+00:00,SIG.BEICHI.RANGE.UP,105300.38,2.8092234591533525,"{""zs_index"": 11, ""score"": 2.8092234591533525, ""evidences"": {""volume_price"": {""type"": ""volume_price"", ""price_new"": true, ""vol_weaker"": false, ""mom_weaker"": true}, ""momentum"": {""type"": ""momentum"", ""weaken_cnt"": 1, ""price_new"": true}, ""ratios"": {""volume_ratio"": 2.013207798785262, ""atr_ratio"": 1.9442562429456993, ""speed_ratio"": 1.8904404273479762, ""strength_ratio"": 0.23136178620107395}, ""macd"": {""type"": ""macd"", ""peak1"": 47.473224393925676, ""peak2"": 197.2875328724986, ""mode"": ""up""}}, ""context"": {""boundary_proximity"": 0.8787057652555877, ""rejection_speed"": 1.5622130963935987, ""window_span_norm"": 0.205}}"
2025-07-04 13:30:00+00:00,SIG.BEICHI.RANGE.UP,108367.0,4.0,"{""zs_index"": 13, ""score"": 4.0, ""evidences"": {""volume_price"": {""type"": ""volume_price"", ""price_new"": true, ""vol_weaker"": false, ""mom_weaker"": true}, ""momentum"": {""type"": ""momentum"", ""weaken_cnt"": 2, ""price_new"": true}, ""ratios"": {""volume_ratio"": 1.6860062307588557, ""atr_ratio"": 1.2329722912073773, ""speed_ratio"": 1.44476269111408, ""strength_ratio"": 0.0952892273433244}, ""macd"": {""type"": ""macd"", ""peak1"": 102.0232209012569, ""peak2"": 145.7582070845147, ""mode"": ""up""}}, ""context"": {""boundary_proximity"": 1.0, ""rejection_speed"": 1.62879429830388, ""window_span_norm"": 1.0}}"
2025-07-09 16:15:00+00:00,SIG.BEICHI.RANGE.DOWN,109203.85,1.4243217763748444,"{""zs_index"": 14, ""score"": 1.4243217763748444, ""evidences"": {""volume_price"": {""type"": ""volume_price"", ""price_new"": false, ""vol_weaker"": false, ""mom_weaker"": false}, ""momentum"": {""type"": ""momentum"", ""weaken_cnt"": 0, ""price_new"": false}, ""ratios"": {""volume_ratio"": 2.193808009254718, ""atr_ratio"": 2.4388349077832263, ""speed_ratio"": 1.3914251304067886, ""strength_ratio"": 33.852662118306554}, ""macd"": {""type"": ""macd"", ""peak1"": -89.39345322031991, ""peak2"": -80.34466696789515, ""mode"": ""down""}}, ""context"": {""boundary_proximity"": 0.2854298991924179, ""rejection_speed"": 0.4217730614323224, ""window_span_norm"": 1.0}}"
2025-08-01 00:45:00+00:00,SIG.BEICHI.RANGE.DOWN,115427.27,1.8152226501148814,"{""zs_index"": 15, ""score"": 1.8152226501148814, ""evidences"": {""volume_price"": {""type"": ""volume_price"", ""price_new"": true, ""vol_weaker"": false, ""mom_weaker"": false}, ""momentum"": {""type"": ""momentum"", ""weaken_cnt"": 0, ""price_new"": true}, ""ratios"": {""volume_ratio"": 1.4207739700663136, ""atr_ratio"": 1.0778837912614452, ""speed_ratio"": 1.430045663972363, ""strength_ratio"": 22.421582192993483}, ""macd"": {""type"": ""macd"", ""peak1"": -165.22332332755926, ""peak2"": -136.04437884439838, ""mode"": ""down""}}, ""context"": {""boundary_proximity"": 1.0, ""rejection_speed"": 0.8287044168581358, ""window_span_norm"": 0.295}}"
2025-08-06 14:30:00+00:00,SIG.BEICHI.RANGE.DOWN,114300.96,2.5646523555298684,"{""zs_index"": 16, ""score"": 2.5646523555298684, ""evidences"": {""volume_price"": {""type"": ""volume_price"", ""price_new"": true, ""vol_weaker"": true, ""mom_weaker"": false}, ""momentum"": {""type"": ""momentum"", ""weaken_cnt"": 0, ""price_new"": true}, ""ratios"": {""volume_ratio"": 0.8961451650560482, ""atr_ratio"": 1.3837642442335594, ""speed_ratio"": 1.2398757236365072, ""strength_ratio"": 168.9017204425294}, ""macd"": {""type"": ""macd"", ""peak1"": -66.8108981941388, ""peak2"": -175.08135331912737, ""mode"": ""down""}}, ""context"": {""boundary_proximity"": 1.0, ""rejection_speed"": 0.17108725921644713, ""window_span_norm"": 0.655}}"
2025-08-25 04:45:00+00:00,SIG.BEICHI.RANGE.UP,112764.0,1.2928594178732633,"{""zs_index"": 18, ""score"": 1.2928594178732633, ""evidences"": {""volume_price"": {""type"": ""volume_price"", ""price_new"": false, ""vol_weaker"": true, ""mom_weaker"": true}, ""momentum"": {""type"": ""momentum"", ""weaken_cnt"": 4, ""price_new"": false}, ""ratios"": {""volume_ratio"": 0.6383238950677264, ""atr_ratio"": 0.7353097692259527, ""speed_ratio"": 0.8441729487440737, ""strength_ratio"": 0.6782621367611716}, ""macd"": {""type"": ""macd"", ""peak1"": 132.68697197286224, ""peak2"": 90.3559332076662, ""mode"": ""up""}}, ""context"": {""boundary_proximity"": 0.8400007111079506, ""rejection_speed"": 0.2014316520141551, ""window_span_norm"": 0.17}}"
2025-08-29 07:00:00+00:00,SIG.BEICHI.RANGE.UP,110545.0,3.7839305765139133,"{""zs_index"": 19, ""score"": 3.7839305765139133, ""evidences"": {""volume_price"": {""type"": ""volume_price"", ""price_new"": true, ""vol_weaker"": true, ""mom_weaker"": true}, ""momentum"": {""type"": ""momentum"", ""weaken_cnt"": 4, ""price_new"": true}, ""ratios"": {""volume_ratio"": 0.7348956469836533, ""atr_ratio"": 0.8369016943600934, ""speed_ratio"": 0.581421520900231, ""strength_ratio"": 0.002138495246777755}, ""macd"": {""type"": ""macd"", ""peak1"": 49.22191025298801, ""peak2"": 156.4056093079088, ""mode"": ""up""}}, ""context"": {""boundary_proximity"": 0.6398842941898559, ""rejection_speed"": 3.1215605161413578, ""window_span_norm"": 1.0}}"
2025-09-21 20:30:00+00:00,SIG.BEICHI.RANGE.UP,115396.48,1.2308440312951272,"{""zs_index"": 20, ""score"": 1.2308440312951272, ""evidences"": {""volume_price"": {""type"": ""volume_price"", ""price_new"": false, ""vol_weaker"": true, ""mom_weaker"": true}, ""momentum"": {""type"": ""momentum"", ""weaken_cnt"": 4, ""price_new"": false}, ""ratios"": {""volume_ratio"": 0.4067610022445659, ""atr_ratio"": 0.36785372266658833, ""speed_ratio"": 0.48352108496089663, ""strength_ratio"": 0.1940532128584088}, ""macd"": {""type"": ""macd"", ""peak1"": 121.94784260559771, ""peak2"": 63.21617250527714, ""mode"": ""up""}}, ""context"": {""boundary_proximity"": 0.35314008688378673, ""rejection_speed"": 0.031599965274758314, ""window_span_norm"": 1.0}}"
2025-09-24 04:00:00+00:00,SIG.BEICHI.RANGE.DOWN,111475.67,4.0,"{""zs_index"": 20, ""score"": 4.0, ""evidences"": {""volume_price"": {""type"": ""volume_price"", ""price_new"": true, ""vol_weaker"": false, ""mom_weaker"": true}, ""momentum"": {""type"": ""momentum"", ""weaken_cnt"": 2, ""price_new"": true}, ""ratios"": {""volume_ratio"": 1.4900327440823147, ""atr_ratio"": 0.8545591297002421, ""speed_ratio"": 0.913149245984257, ""strength_ratio"": 8.483573277268155}, ""macd"": {""type"": ""macd"", ""peak1"": 12.51400595902524, ""peak2"": -155.10155738932394, ""mode"": ""down""}}, ""context"": {""boundary_proximity"": 1.0, ""rejection_speed"": 1.4172570216859033, ""window_span_norm"": 1.0}}"
