ts,etype,price,score,payload
2025-04-13 01:00:00+00:00,SIG.BEICHI.TREND.UP,85259.77,2.5884748124010963,"{""seg_idx"": [4, 5, 6], ""score"": 2.5884748124010963, ""evidences"": {""volume_price"": {""type"": ""volume_price"", ""price_new"": true, ""vol_weaker"": true, ""mom_weaker"": true}, ""momentum"": {""type"": ""momentum"", ""weaken_cnt"": 4, ""price_new"": true}, ""ratios"": {""volume_ratio"": 0.2528076184267221, ""atr_ratio"": 0.44836937294481743, ""speed_ratio"": 0.3051025130572782, ""strength_ratio"": 0.8107549370457778}, ""macd"": {""type"": ""macd"", ""peak1"": 775.5708664422782, ""peak2"": 81.39610045819461, ""mode"": ""up""}}, ""context"": {""boundary_proximity"": NaN, ""rejection_speed"": 0.02745802066849345, ""window_span_norm"": 0.43000000000000005}}"
2025-04-25 01:00:00+00:00,SIG.BEICHI.TREND.UP,93678.13,2.3507608674634857,"{""seg_idx"": [6, 7, 8], ""score"": 2.3507608674634857, ""evidences"": {""volume_price"": {""type"": ""volume_price"", ""price_new"": true, ""vol_weaker"": false, ""mom_weaker"": true}, ""momentum"": {""type"": ""momentum"", ""weaken_cnt"": 1, ""price_new"": true}, ""ratios"": {""volume_ratio"": 1.4605595483307587, ""atr_ratio"": 1.3142977277659513, ""speed_ratio"": 1.2415587755926971, ""strength_ratio"": 0.6760295746075621}, ""macd"": {""type"": ""macd"", ""peak1"": 81.39610045819461, ""peak2"": 275.66854689261277, ""mode"": ""up""}}, ""context"": {""boundary_proximity"": NaN, ""rejection_speed"": 0.5846014457724763, ""window_span_norm"": 1.0}}"
2025-04-28 01:00:00+00:00,SIG.BEICHI.TREND.DOWN,92949.99,1.3599999999999999,"{""seg_idx"": [7, 8, 9], ""score"": 1.3599999999999999, ""evidences"": {""volume_price"": {""type"": ""volume_price"", ""price_new"": false, ""vol_weaker"": true, ""mom_weaker"": true}, ""momentum"": {""type"": ""momentum"", ""weaken_cnt"": 4, ""price_new"": false}, ""ratios"": {""volume_ratio"": 0.44829416462601823, ""atr_ratio"": 0.6752217362627256, ""speed_ratio"": 0.6026106191320965, ""strength_ratio"": 0.8015393108977164}, ""macd"": {""type"": ""macd"", ""peak1"": -197.56288794624112, ""peak2"": -91.00636091684203, ""mode"": ""down""}}, ""context"": {""boundary_proximity"": NaN, ""rejection_speed"": 2.106373326858161, ""window_span_norm"": 0.4}}"
2025-04-29 11:00:00+00:00,SIG.BEICHI.TREND.UP,95129.74,3.0068438131669604,"{""seg_idx"": [8, 9, 10], ""score"": 3.0068438131669604, ""evidences"": {""volume_price"": {""type"": ""volume_price"", ""price_new"": true, ""vol_weaker"": true, ""mom_weaker"": true}, ""momentum"": {""type"": ""momentum"", ""weaken_cnt"": 3, ""price_new"": true}, ""ratios"": {""volume_ratio"": 0.4789936160217854, ""atr_ratio"": 0.7747227247862014, ""speed_ratio"": 0.7660048944501789, ""strength_ratio"": 1.0992559824870798}, ""macd"": {""type"": ""macd"", ""peak1"": 275.66854689261277, ""peak2"": 62.58410265684881, ""mode"": ""up""}}, ""context"": {""boundary_proximity"": NaN, ""rejection_speed"": 0.34473968861160126, ""window_span_norm"": 1.0}}"
2025-05-13 20:00:00+00:00,SIG.BEICHI.TREND.UP,104562.39,2.7347467744131735,"{""seg_idx"": [13, 14, 15], ""score"": 2.7347467744131735, ""evidences"": {""volume_price"": {""type"": ""volume_price"", ""price_new"": true, ""vol_weaker"": true, ""mom_weaker"": true}, ""momentum"": {""type"": ""momentum"", ""weaken_cnt"": 4, ""price_new"": true}, ""ratios"": {""volume_ratio"": 0.9953655193294251, ""atr_ratio"": 0.9093671842545591, ""speed_ratio"": 0.6538895753999767, ""strength_ratio"": 0.8464159281023572}, ""macd"": {""type"": ""macd"", ""peak1"": 353.2789125480346, ""peak2"": 212.57717910730935, ""mode"": ""up""}}, ""context"": {""boundary_proximity"": NaN, ""rejection_speed"": 0.3512446240219555, ""window_span_norm"": 0.31}}"
2025-06-04 14:00:00+00:00,SIG.BEICHI.TREND.DOWN,105033.3,0.8688738070598017,"{""seg_idx"": [24, 25, 26], ""score"": 0.8688738070598017, ""evidences"": {""volume_price"": {""type"": ""volume_price"", ""price_new"": false, ""vol_weaker"": true, ""mom_weaker"": true}, ""momentum"": {""type"": ""momentum"", ""weaken_cnt"": 4, ""price_new"": false}, ""ratios"": {""volume_ratio"": 0.6580531823373187, ""atr_ratio"": 0.7066025792677775, ""speed_ratio"": 0.6465249437267964, ""strength_ratio"": 0.8326505290825192}, ""macd"": {""type"": ""macd"", ""peak1"": -249.0453217391891, ""peak2"": -85.93745487490055, ""mode"": ""down""}}, ""context"": {""boundary_proximity"": NaN, ""rejection_speed"": 0.014789678433002888, ""window_span_norm"": 0.6499999999999999}}"
2025-06-16 20:00:00+00:00,SIG.BEICHI.TREND.UP,108782.68,1.6,"{""seg_idx"": [27, 28, 29], ""score"": 1.6, ""evidences"": {""volume_price"": {""type"": ""volume_price"", ""price_new"": false, ""vol_weaker"": false, ""mom_weaker"": false}, ""momentum"": {""type"": ""momentum"", ""weaken_cnt"": 1, ""price_new"": false}, ""ratios"": {""volume_ratio"": 1.0051360596083148, ""atr_ratio"": 1.0648075844762288, ""speed_ratio"": 1.1450023346512563, ""strength_ratio"": 1.7850420869361774}, ""macd"": {""type"": ""macd"", ""peak1"": 324.86696205150884, ""peak2"": 182.09850517623352, ""mode"": ""up""}}, ""context"": {""boundary_proximity"": NaN, ""rejection_speed"": 1.0213874041334061, ""window_span_norm"": 1.0}}"
2025-07-11 06:00:00+00:00,SIG.BEICHI.TREND.UP,117648.33,3.259244639087953,"{""seg_idx"": [35, 36, 37], ""score"": 3.259244639087953, ""evidences"": {""volume_price"": {""type"": ""volume_price"", ""price_new"": true, ""vol_weaker"": true, ""mom_weaker"": true}, ""momentum"": {""type"": ""momentum"", ""weaken_cnt"": 2, ""price_new"": true}, ""ratios"": {""volume_ratio"": 0.9347230600080668, ""atr_ratio"": 0.898383808111536, ""speed_ratio"": 0.8587936119181723, ""strength_ratio"": 1.02626012655707}, ""macd"": {""type"": ""macd"", ""peak1"": 273.6593603064483, ""peak2"": 427.3003435246652, ""mode"": ""up""}}, ""context"": {""boundary_proximity"": NaN, ""rejection_speed"": 0.7654077318132552, ""window_span_norm"": 1.0}}"
2025-07-16 21:00:00+00:00,SIG.BEICHI.TREND.UP,119297.64,2.850974513282928,"{""seg_idx"": [37, 38, 39], ""score"": 2.850974513282928, ""evidences"": {""volume_price"": {""type"": ""volume_price"", ""price_new"": true, ""vol_weaker"": false, ""mom_weaker"": true}, ""momentum"": {""type"": ""momentum"", ""weaken_cnt"": 2, ""price_new"": true}, ""ratios"": {""volume_ratio"": 1.574823916159508, ""atr_ratio"": 1.9075179071412642, ""speed_ratio"": 1.3828266700554028, ""strength_ratio"": 0.40209215837457174}, ""macd"": {""type"": ""macd"", ""peak1"": 427.3003435246652, ""peak2"": 256.2906033665592, ""mode"": ""up""}}, ""context"": {""boundary_proximity"": NaN, ""rejection_speed"": 0.08495752213821381, ""window_span_norm"": 1.0}}"
2025-07-21 20:00:00+00:00,SIG.BEICHI.TREND.DOWN,116939.4,2.7128662852056626,"{""seg_idx"": [38, 39, 40], ""score"": 2.7128662852056626, ""evidences"": {""volume_price"": {""type"": ""volume_price"", ""price_new"": true, ""vol_weaker"": true, ""mom_weaker"": true}, ""momentum"": {""type"": ""momentum"", ""weaken_cnt"": 4, ""price_new"": true}, ""ratios"": {""volume_ratio"": 0.728538857233966, ""atr_ratio"": 0.9124019949154334, ""speed_ratio"": 0.8137330788180608, ""strength_ratio"": 0.8987678732402762}, ""macd"": {""type"": ""macd"", ""peak1"": -421.25495711305234, ""peak2"": -208.41503216931284, ""mode"": ""down""}}, ""context"": {""boundary_proximity"": NaN, ""rejection_speed"": 0.28811047534277096, ""window_span_norm"": 0.35}}"
2025-07-22 23:00:00+00:00,SIG.BEICHI.TREND.UP,119954.42,2.314645228366797,"{""seg_idx"": [39, 40, 41], ""score"": 2.314645228366797, ""evidences"": {""volume_price"": {""type"": ""volume_price"", ""price_new"": true, ""vol_weaker"": true, ""mom_weaker"": true}, ""momentum"": {""type"": ""momentum"", ""weaken_cnt"": 1, ""price_new"": true}, ""ratios"": {""volume_ratio"": 0.8248368101433092, ""atr_ratio"": 0.8955553273078455, ""speed_ratio"": 1.1217201879822254, ""strength_ratio"": 2.246118089007583}, ""macd"": {""type"": ""macd"", ""peak1"": 256.2906033665592, ""peak2"": 251.82270028400882, ""mode"": ""up""}}, ""context"": {""boundary_proximity"": NaN, ""rejection_speed"": 0.7244087139446622, ""window_span_norm"": 0.7}}"
2025-08-03 19:00:00+00:00,SIG.BEICHI.TREND.UP,114313.19,1.391299630227154,"{""seg_idx"": [42, 43, 44], ""score"": 1.391299630227154, ""evidences"": {""volume_price"": {""type"": ""volume_price"", ""price_new"": false, ""vol_weaker"": true, ""mom_weaker"": true}, ""momentum"": {""type"": ""momentum"", ""weaken_cnt"": 2, ""price_new"": false}, ""ratios"": {""volume_ratio"": 0.7636167495522772, ""atr_ratio"": 1.1033426282618932, ""speed_ratio"": 0.8015700571293237, ""strength_ratio"": 2.3153255525339356}, ""macd"": {""type"": ""macd"", ""peak1"": 274.52528166423434, ""peak2"": 167.0317678231429, ""mode"": ""up""}}, ""context"": {""boundary_proximity"": NaN, ""rejection_speed"": 0.6521660503785902, ""window_span_norm"": 1.0}}"
2025-08-20 14:00:00+00:00,SIG.BEICHI.TREND.DOWN,113465.84,2.7882297715198385,"{""seg_idx"": [47, 48, 49], ""score"": 2.7882297715198385, ""evidences"": {""volume_price"": {""type"": ""volume_price"", ""price_new"": true, ""vol_weaker"": true, ""mom_weaker"": true}, ""momentum"": {""type"": ""momentum"", ""weaken_cnt"": 4, ""price_new"": true}, ""ratios"": {""volume_ratio"": 0.8586598490040825, ""atr_ratio"": 0.8035288975769197, ""speed_ratio"": 0.8585381013072209, ""strength_ratio"": 0.41447893716716017}, ""macd"": {""type"": ""macd"", ""peak1"": -340.5160606339401, ""peak2"": -205.70482255406864, ""mode"": ""down""}}, ""context"": {""boundary_proximity"": NaN, ""rejection_speed"": 0.3403829525330644, ""window_span_norm"": 0.46}}"
2025-08-22 12:00:00+00:00,SIG.BEICHI.TREND.DOWN,112341.5,3.030768770982549,"{""seg_idx"": [48, 49, 50], ""score"": 3.030768770982549, ""evidences"": {""volume_price"": {""type"": ""volume_price"", ""price_new"": true, ""vol_weaker"": true, ""mom_weaker"": true}, ""momentum"": {""type"": ""momentum"", ""weaken_cnt"": 3, ""price_new"": true}, ""ratios"": {""volume_ratio"": 0.7144066786663101, ""atr_ratio"": 0.9219073202912775, ""speed_ratio"": 0.8562802577485571, ""strength_ratio"": 1.1968910783231004}, ""macd"": {""type"": ""macd"", ""peak1"": -568.4251301141057, ""peak2"": -139.7906606639317, ""mode"": ""down""}}, ""context"": {""boundary_proximity"": NaN, ""rejection_speed"": 0.3846146183042489, ""window_span_norm"": 1.0}}"
2025-08-29 09:00:00+00:00,SIG.BEICHI.TREND.DOWN,109772.71,2.136452507796256,"{""seg_idx"": [50, 51, 52], ""score"": 2.136452507796256, ""evidences"": {""volume_price"": {""type"": ""volume_price"", ""price_new"": true, ""vol_weaker"": false, ""mom_weaker"": true}, ""momentum"": {""type"": ""momentum"", ""weaken_cnt"": 1, ""price_new"": true}, ""ratios"": {""volume_ratio"": 1.2801060629044334, ""atr_ratio"": 0.9423527342219665, ""speed_ratio"": 1.3910068169637773, ""strength_ratio"": 1.8502360535998055}, ""macd"": {""type"": ""macd"", ""peak1"": -139.7906606639317, ""peak2"": -279.41689472446643, ""mode"": ""down""}}, ""context"": {""boundary_proximity"": NaN, ""rejection_speed"": 0.4674208463270928, ""window_span_norm"": 0.64}}"
2025-09-04 16:00:00+00:00,SIG.BEICHI.TREND.DOWN,109438.34,1.4580052343871588,"{""seg_idx"": [53, 54, 55], ""score"": 1.4580052343871588, ""evidences"": {""volume_price"": {""type"": ""volume_price"", ""price_new"": false, ""vol_weaker"": true, ""mom_weaker"": true}, ""momentum"": {""type"": ""momentum"", ""weaken_cnt"": 2, ""price_new"": false}, ""ratios"": {""volume_ratio"": 0.7993288719093234, ""atr_ratio"": 0.9475749613709165, ""speed_ratio"": 1.0470549709537005, ""strength_ratio"": 2.7107952308574337}, ""macd"": {""type"": ""macd"", ""peak1"": -265.18994949667183, ""peak2"": -229.162457501269, ""mode"": ""down""}}, ""context"": {""boundary_proximity"": NaN, ""rejection_speed"": 0.830008723978598, ""window_span_norm"": 0.9}}"
2025-09-05 13:00:00+00:00,SIG.BEICHI.TREND.UP,113084.16,3.184,"{""seg_idx"": [54, 55, 56], ""score"": 3.184, ""evidences"": {""volume_price"": {""type"": ""volume_price"", ""price_new"": true, ""vol_weaker"": false, ""mom_weaker"": true}, ""momentum"": {""type"": ""momentum"", ""weaken_cnt"": 2, ""price_new"": true}, ""ratios"": {""volume_ratio"": 1.1153481040496596, ""atr_ratio"": 0.7472781520996125, ""speed_ratio"": 0.9820200762392133, ""strength_ratio"": 1.6634280324883104}, ""macd"": {""type"": ""macd"", ""peak1"": 166.69937734715944, ""peak2"": 264.56584940071684, ""mode"": ""up""}}, ""context"": {""boundary_proximity"": NaN, ""rejection_speed"": 1.3600385304158877, ""window_span_norm"": 0.45999999999999996}}"
2025-09-24 17:00:00+00:00,SIG.BEICHI.TREND.UP,113761.3,1.4753900392551935,"{""seg_idx"": [57, 58, 59], ""score"": 1.4753900392551935, ""evidences"": {""volume_price"": {""type"": ""volume_price"", ""price_new"": false, ""vol_weaker"": true, ""mom_weaker"": true}, ""momentum"": {""type"": ""momentum"", ""weaken_cnt"": 2, ""price_new"": false}, ""ratios"": {""volume_ratio"": 0.8259837116223068, ""atr_ratio"": 1.0229928857870783, ""speed_ratio"": 1.174499349552946, ""strength_ratio"": 0.844370386247289}, ""macd"": {""type"": ""macd"", ""peak1"": 265.0770281222156, ""peak2"": 151.80654100821775, ""mode"": ""up""}}, ""context"": {""boundary_proximity"": NaN, ""rejection_speed"": 0.8656500654253226, ""window_span_norm"": 0.89}}"
2025-09-25 18:00:00+00:00,SIG.BEICHI.TREND.DOWN,109760.2,1.6,"{""seg_idx"": [58, 59, 60], ""score"": 1.6, ""evidences"": {""volume_price"": {""type"": ""volume_price"", ""price_new"": true, ""vol_weaker"": false, ""mom_weaker"": false}, ""momentum"": {""type"": ""momentum"", ""weaken_cnt"": 1, ""price_new"": true}, ""ratios"": {""volume_ratio"": 1.8365841582339075, ""atr_ratio"": 1.5009870273747585, ""speed_ratio"": 1.7861321207081187, ""strength_ratio"": 1.7819340763230676}, ""macd"": {""type"": ""macd"", ""peak1"": -266.902173448898, ""peak2"": -228.61045996857067, ""mode"": ""down""}}, ""context"": {""boundary_proximity"": NaN, ""rejection_speed"": 1.6059422486867274, ""window_span_norm"": 1.0}}"
2025-09-29 20:00:00+00:00,SIG.BEICHI.TREND.UP,114258.29,3.0849284823799237,"{""seg_idx"": [59, 60, 61], ""score"": 3.0849284823799237, ""evidences"": {""volume_price"": {""type"": ""volume_price"", ""price_new"": true, ""vol_weaker"": true, ""mom_weaker"": true}, ""momentum"": {""type"": ""momentum"", ""weaken_cnt"": 2, ""price_new"": true}, ""ratios"": {""volume_ratio"": 0.7345790590206253, ""atr_ratio"": 0.7113106307167792, ""speed_ratio"": 0.6747997568003449, ""strength_ratio"": 1.1906104066055279}, ""macd"": {""type"": ""macd"", ""peak1"": 151.80654100821775, ""peak2"": 264.2640122774936, ""mode"": ""up""}}, ""context"": {""boundary_proximity"": NaN, ""rejection_speed"": 0.4748808039665396, ""window_span_norm"": 1.0}}"
2025-10-10 13:00:00+00:00,SIG.BEICHI.TREND.UP,121684.2,2.9450562344912656,"{""seg_idx"": [61, 62, 63], ""score"": 2.9450562344912656, ""evidences"": {""volume_price"": {""type"": ""volume_price"", ""price_new"": true, ""vol_weaker"": false, ""mom_weaker"": true}, ""momentum"": {""type"": ""momentum"", ""weaken_cnt"": 2, ""price_new"": true}, ""ratios"": {""volume_ratio"": 1.635920539620921, ""atr_ratio"": 1.9725136851069471, ""speed_ratio"": 1.4924883591815472, ""strength_ratio"": 0.35025666504693126}, ""macd"": {""type"": ""macd"", ""peak1"": 264.2640122774936, ""peak2"": 80.49096903017372, ""mode"": ""up""}}, ""context"": {""boundary_proximity"": NaN, ""rejection_speed"": 0.24842705748544297, ""window_span_norm"": 0.99}}"
