ts,etype,price,score,payload
2025-04-02 21:00:00+00:00,SIG.BEICHI.RANGE.UP,84855.99,3.656,"{""zs_index"": 0, ""score"": 3.656, ""evidences"": {""volume_price"": {""type"": ""volume_price"", ""price_new"": true, ""vol_weaker"": false, ""mom_weaker"": true}, ""momentum"": {""type"": ""momentum"", ""weaken_cnt"": 2, ""price_new"": true}, ""ratios"": {""volume_ratio"": 2.7262794170515567, ""atr_ratio"": 1.1087470722015018, ""speed_ratio"": 3.726077978731135, ""strength_ratio"": 0.0712694883174625}, ""macd"": {""type"": ""macd"", ""peak1"": 155.4171606609263, ""peak2"": 192.64945277990802, ""mode"": ""up""}}, ""context"": {""boundary_proximity"": 1.0, ""rejection_speed"": 1.960340273248898, ""window_span_norm"": 0.14}}"
2025-04-12 06:00:00+00:00,SIG.BEICHI.RANGE.DOWN,83567.42,1.4669866867306243,"{""zs_index"": 1, ""score"": 1.4669866867306243, ""evidences"": {""volume_price"": {""type"": ""volume_price"", ""price_new"": false, ""vol_weaker"": true, ""mom_weaker"": true}, ""momentum"": {""type"": ""momentum"", ""weaken_cnt"": 4, ""price_new"": false}, ""ratios"": {""volume_ratio"": 0.3442685668966777, ""atr_ratio"": 0.4949271403698294, ""speed_ratio"": 0.37352874786366314, ""strength_ratio"": 0.21720256215470463}, ""macd"": {""type"": ""macd"", ""peak1"": -226.99990123298522, ""peak2"": -116.66575342555734, ""mode"": ""down""}}, ""context"": {""boundary_proximity"": 0.4829559328854748, ""rejection_speed"": 0.875355211665566, ""window_span_norm"": 0.13}}"
2025-04-25 06:00:00+00:00,SIG.BEICHI.RANGE.DOWN,93538.07,1.6567468962809566,"{""zs_index"": 2, ""score"": 1.6567468962809566, ""evidences"": {""volume_price"": {""type"": ""volume_price"", ""price_new"": false, ""vol_weaker"": false, ""mom_weaker"": false}, ""momentum"": {""type"": ""momentum"", ""weaken_cnt"": 1, ""price_new"": false}, ""ratios"": {""volume_ratio"": 1.0375300992193093, ""atr_ratio"": 1.5391646229386222, ""speed_ratio"": 1.7504836555514327, ""strength_ratio"": 1.398920535756623}, ""macd"": {""type"": ""macd"", ""peak1"": -262.21464136407377, ""peak2"": -40.18651502402173, ""mode"": ""down""}}, ""context"": {""boundary_proximity"": 0.8724715774419876, ""rejection_speed"": 0.7887732496929402, ""window_span_norm"": 0.15}}"
2025-05-15 14:00:00+00:00,SIG.BEICHI.RANGE.DOWN,101987.65,1.814192338346923,"{""zs_index"": 4, ""score"": 1.814192338346923, ""evidences"": {""volume_price"": {""type"": ""volume_price"", ""price_new"": false, ""vol_weaker"": true, ""mom_weaker"": true}, ""momentum"": {""type"": ""momentum"", ""weaken_cnt"": 2, ""price_new"": false}, ""ratios"": {""volume_ratio"": 0.6400747993862261, ""atr_ratio"": 0.5669838198775256, ""speed_ratio"": 0.8398920186513049, ""strength_ratio"": 22.107746901813975}, ""macd"": {""type"": ""macd"", ""peak1"": -271.1923661766489, ""peak2"": -165.1988014703331, ""mode"": ""down""}}, ""context"": {""boundary_proximity"": 1.0, ""rejection_speed"": 0.9136538972448717, ""window_span_norm"": 0.165}}"
2025-05-21 06:00:00+00:00,SIG.BEICHI.RANGE.UP,107751.41,3.4075078488589385,"{""zs_index"": 4, ""score"": 3.4075078488589385, ""evidences"": {""volume_price"": {""type"": ""volume_price"", ""price_new"": true, ""vol_weaker"": true, ""mom_weaker"": true}, ""momentum"": {""type"": ""momentum"", ""weaken_cnt"": 2, ""price_new"": true}, ""ratios"": {""volume_ratio"": 0.6052282239117721, ""atr_ratio"": 0.6647619688967555, ""speed_ratio"": 0.43285312969172224, ""strength_ratio"": 2.1270432648160074}, ""macd"": {""type"": ""macd"", ""peak1"": 124.44008364697208, ""peak2"": 249.73689318393775, ""mode"": ""up""}}, ""context"": {""boundary_proximity"": 1.0, ""rejection_speed"": 0.5225130814315647, ""window_span_norm"": 0.235}}"
2025-05-29 12:00:00+00:00,SIG.BEICHI.RANGE.UP,108434.78,1.7968072272807867,"{""zs_index"": 5, ""score"": 1.7968072272807867, ""evidences"": {""volume_price"": {""type"": ""volume_price"", ""price_new"": false, ""vol_weaker"": true, ""mom_weaker"": true}, ""momentum"": {""type"": ""momentum"", ""weaken_cnt"": 3, ""price_new"": false}, ""ratios"": {""volume_ratio"": 0.7891547147753282, ""atr_ratio"": 0.6025004336952453, ""speed_ratio"": 0.9289506652379377, ""strength_ratio"": 5.348196843339216}, ""macd"": {""type"": ""macd"", ""peak1"": 300.52486425977673, ""peak2"": 162.90681747232182, ""mode"": ""up""}}, ""context"": {""boundary_proximity"": 1.0, ""rejection_speed"": 0.7580120454679782, ""window_span_norm"": 0.355}}"
2025-05-31 03:00:00+00:00,SIG.BEICHI.RANGE.DOWN,103684.01,2.4654105017085306,"{""zs_index"": 5, ""score"": 2.4654105017085306, ""evidences"": {""volume_price"": {""type"": ""volume_price"", ""price_new"": true, ""vol_weaker"": true, ""mom_weaker"": false}, ""momentum"": {""type"": ""momentum"", ""weaken_cnt"": 0, ""price_new"": true}, ""ratios"": {""volume_ratio"": 0.996146915919813, ""atr_ratio"": 1.1700966811944746, ""speed_ratio"": 1.9149097087552238, ""strength_ratio"": 1.5921575759099464}, ""macd"": {""type"": ""macd"", ""peak1"": -107.07403708163673, ""peak2"": -249.0453217391891, ""mode"": ""down""}}, ""context"": {""boundary_proximity"": 1.0, ""rejection_speed"": 0.28235083618088397, ""window_span_norm"": 0.24}}"
2025-06-11 20:00:00+00:00,SIG.BEICHI.RANGE.UP,108906.44,3.217648837307772,"{""zs_index"": 7, ""score"": 3.217648837307772, ""evidences"": {""volume_price"": {""type"": ""volume_price"", ""price_new"": true, ""vol_weaker"": true, ""mom_weaker"": true}, ""momentum"": {""type"": ""momentum"", ""weaken_cnt"": 4, ""price_new"": true}, ""ratios"": {""volume_ratio"": 0.7134447241477329, ""atr_ratio"": 0.9407906408753794, ""speed_ratio"": 0.8100678387210726, ""strength_ratio"": 0.13175986997096112}, ""macd"": {""type"": ""macd"", ""peak1"": 281.90796978238643, ""peak2"": 15.324957729049459, ""mode"": ""up""}}, ""context"": {""boundary_proximity"": 1.0, ""rejection_speed"": 0.20274806217962008, ""window_span_norm"": 0.24}}"
2025-06-17 17:00:00+00:00,SIG.BEICHI.RANGE.DOWN,103814.01,2.798337794393831,"{""zs_index"": 7, ""score"": 2.798337794393831, ""evidences"": {""volume_price"": {""type"": ""volume_price"", ""price_new"": true, ""vol_weaker"": false, ""mom_weaker"": true}, ""momentum"": {""type"": ""momentum"", ""weaken_cnt"": 1, ""price_new"": true}, ""ratios"": {""volume_ratio"": 1.5705435024644194, ""atr_ratio"": 0.8997724865115101, ""speed_ratio"": 1.428150058538668, ""strength_ratio"": 84.38606751175692}, ""macd"": {""type"": ""macd"", ""peak1"": -335.1201001354451, ""peak2"": -366.8216201219211, ""mode"": ""down""}}, ""context"": {""boundary_proximity"": 1.0, ""rejection_speed"": 0.6805629906563846, ""window_span_norm"": 0.475}}"
2025-06-23 21:00:00+00:00,SIG.BEICHI.RANGE.DOWN,103705.52,3.5377896593381237,"{""zs_index"": 8, ""score"": 3.5377896593381237, ""evidences"": {""volume_price"": {""type"": ""volume_price"", ""price_new"": true, ""vol_weaker"": false, ""mom_weaker"": true}, ""momentum"": {""type"": ""momentum"", ""weaken_cnt"": 2, ""price_new"": true}, ""ratios"": {""volume_ratio"": 2.6267961999198475, ""atr_ratio"": 1.4028359945300954, ""speed_ratio"": 2.5379036477963406, ""strength_ratio"": 0.03142362940439593}, ""macd"": {""type"": ""macd"", ""peak1"": -80.61819015600699, ""peak2"": -317.8486056693586, ""mode"": ""down""}}, ""context"": {""boundary_proximity"": 1.0, ""rejection_speed"": 0.5896494322302056, ""window_span_norm"": 0.46}}"
2025-06-26 03:00:00+00:00,SIG.BEICHI.RANGE.UP,107853.79,1.5454037135962413,"{""zs_index"": 8, ""score"": 1.5454037135962413, ""evidences"": {""volume_price"": {""type"": ""volume_price"", ""price_new"": false, ""vol_weaker"": false, ""mom_weaker"": true}, ""momentum"": {""type"": ""momentum"", ""weaken_cnt"": 2, ""price_new"": false}, ""ratios"": {""volume_ratio"": 1.1106850368949734, ""atr_ratio"": 0.890003429739364, ""speed_ratio"": 0.7749156075126329, ""strength_ratio"": 13.739611558119948}, ""macd"": {""type"": ""macd"", ""peak1"": 182.09850517623352, ""peak2"": 57.71425742652036, ""mode"": ""up""}}, ""context"": {""boundary_proximity"": 1.0, ""rejection_speed"": 0.4056728559937353, ""window_span_norm"": 0.255}}"
2025-07-06 11:00:00+00:00,SIG.BEICHI.RANGE.DOWN,108076.01,3.231010784954116,"{""zs_index"": 9, ""score"": 3.231010784954116, ""evidences"": {""volume_price"": {""type"": ""volume_price"", ""price_new"": true, ""vol_weaker"": false, ""mom_weaker"": true}, ""momentum"": {""type"": ""momentum"", ""weaken_cnt"": 3, ""price_new"": true}, ""ratios"": {""volume_ratio"": 1.0926813586562343, ""atr_ratio"": 0.8481472711920712, ""speed_ratio"": 1.464083787110601, ""strength_ratio"": 0.227531376914729}, ""macd"": {""type"": ""macd"", ""peak1"": 23.061689673895387, ""peak2"": -13.328837827680736, ""mode"": ""down""}}, ""context"": {""boundary_proximity"": 0.32835130825686, ""rejection_speed"": 1.353836569162477, ""window_span_norm"": 0.085}}"
2025-08-01 08:00:00+00:00,SIG.BEICHI.RANGE.DOWN,114615.99,3.4897268180530965,"{""zs_index"": 10, ""score"": 3.4897268180530965, ""evidences"": {""volume_price"": {""type"": ""volume_price"", ""price_new"": true, ""vol_weaker"": true, ""mom_weaker"": true}, ""momentum"": {""type"": ""momentum"", ""weaken_cnt"": 2, ""price_new"": true}, ""ratios"": {""volume_ratio"": 0.5805096163469953, ""atr_ratio"": 0.8824923116804316, ""speed_ratio"": 0.6040805069504752, ""strength_ratio"": 14.024145301643541}, ""macd"": {""type"": ""macd"", ""peak1"": -358.1016344297204, ""peak2"": -311.6582058872371, ""mode"": ""down""}}, ""context"": {""boundary_proximity"": 1.0, ""rejection_speed"": 0.709544696755161, ""window_span_norm"": 0.16}}"
2025-08-18 09:00:00+00:00,SIG.BEICHI.RANGE.DOWN,115038.46,2.5044960176165967,"{""zs_index"": 11, ""score"": 2.5044960176165967, ""evidences"": {""volume_price"": {""type"": ""volume_price"", ""price_new"": true, ""vol_weaker"": false, ""mom_weaker"": true}, ""momentum"": {""type"": ""momentum"", ""weaken_cnt"": 1, ""price_new"": true}, ""ratios"": {""volume_ratio"": 1.7579729827233956, ""atr_ratio"": 0.9208313243668311, ""speed_ratio"": 1.5192254867084771, ""strength_ratio"": 19.224689072600757}, ""macd"": {""type"": ""macd"", ""peak1"": -93.25191877459139, ""peak2"": -296.8014814537627, ""mode"": ""down""}}, ""context"": {""boundary_proximity"": 1.0, ""rejection_speed"": 0.29749336269432786, ""window_span_norm"": 0.315}}"
2025-08-24 18:00:00+00:00,SIG.BEICHI.RANGE.UP,114626.97,3.75,"{""zs_index"": 12, ""score"": 3.75, ""evidences"": {""volume_price"": {""type"": ""volume_price"", ""price_new"": true, ""vol_weaker"": false, ""mom_weaker"": true}, ""momentum"": {""type"": ""momentum"", ""weaken_cnt"": 2, ""price_new"": true}, ""ratios"": {""volume_ratio"": 1.3415955874856031, ""atr_ratio"": 0.789921683159043, ""speed_ratio"": 0.6776036349073, ""strength_ratio"": 2.219626633708808}, ""macd"": {""type"": ""macd"", ""peak1"": 169.22904500781218, ""peak2"": 504.83520185729657, ""mode"": ""up""}}, ""context"": {""boundary_proximity"": 1.0, ""rejection_speed"": 1.0732966389098821, ""window_span_norm"": 0.375}}"
2025-09-28 21:00:00+00:00,SIG.BEICHI.RANGE.DOWN,110833.99,3.8000000000000003,"{""zs_index"": 14, ""score"": 3.8000000000000003, ""evidences"": {""volume_price"": {""type"": ""volume_price"", ""price_new"": true, ""vol_weaker"": true, ""mom_weaker"": true}, ""momentum"": {""type"": ""momentum"", ""weaken_cnt"": 2, ""price_new"": true}, ""ratios"": {""volume_ratio"": 0.8917713555794408, ""atr_ratio"": 0.8277959722330179, ""speed_ratio"": 1.1970472392646707, ""strength_ratio"": 0.14743486068417566}, ""macd"": {""type"": ""macd"", ""peak1"": -220.04701393612393, ""peak2"": -238.40335321280747, ""mode"": ""down""}}, ""context"": {""boundary_proximity"": 1.0, ""rejection_speed"": 1.6901629735560157, ""window_span_norm"": 0.5}}"
2025-09-29 20:00:00+00:00,SIG.BEICHI.RANGE.UP,114258.29,1.488547440464143,"{""zs_index"": 14, ""score"": 1.488547440464143, ""evidences"": {""volume_price"": {""type"": ""volume_price"", ""price_new"": true, ""vol_weaker"": false, ""mom_weaker"": false}, ""momentum"": {""type"": ""momentum"", ""weaken_cnt"": 0, ""price_new"": true}, ""ratios"": {""volume_ratio"": 1.9351891868939028, ""atr_ratio"": 2.448265282948225, ""speed_ratio"": 1.3967032081648867, ""strength_ratio"": 25.598068411571152}, ""macd"": {""type"": ""macd"", ""peak1"": 151.80654100821775, ""peak2"": 146.32272252836356, ""mode"": ""up""}}, ""context"": {""boundary_proximity"": 1.0, ""rejection_speed"": 0.37757906744023834, ""window_span_norm"": 0.155}}"
