ts,etype,price,score,payload
2025-03-27 10:00:00+00:00,SIG.BEICHI.RANGE.UP,87507.68,1.3361862178109518,"{""zs_index"": 0, ""score"": 1.3361862178109518, ""evidences"": {""volume_price"": {""type"": ""volume_price"", ""price_new"": false, ""vol_weaker"": false, ""mom_weaker"": true}, ""momentum"": {""type"": ""momentum"", ""weaken_cnt"": 2, ""price_new"": false}, ""ratios"": {""volume_ratio"": 1.0433284989451153, ""atr_ratio"": 0.7451955696250381, ""speed_ratio"": 0.5034939315924888, ""strength_ratio"": 4.017570285996972}, ""macd"": {""type"": ""macd"", ""peak1"": 115.46324093469099, ""peak2"": -4.604858138649959, ""mode"": ""up""}}, ""context"": {""boundary_proximity"": 0.9539151023900572, ""rejection_speed"": 0.22306192729486243, ""window_span_norm"": 0.075}}"
2025-04-06 06:00:00+00:00,SIG.BEICHI.RANGE.UP,83410.66,1.2927304092263963,"{""zs_index"": 1, ""score"": 1.2927304092263963, ""evidences"": {""volume_price"": {""type"": ""volume_price"", ""price_new"": false, ""vol_weaker"": true, ""mom_weaker"": true}, ""momentum"": {""type"": ""momentum"", ""weaken_cnt"": 4, ""price_new"": false}, ""ratios"": {""volume_ratio"": 0.7443472738559034, ""atr_ratio"": 0.5177337072944498, ""speed_ratio"": 0.7557902844253414, ""strength_ratio"": 0.7460063838234393}, ""macd"": {""type"": ""macd"", ""peak1"": 96.50938834506968, ""peak2"": 21.938393317136274, ""mode"": ""up""}}, ""context"": {""boundary_proximity"": 0.4397613106895114, ""rejection_speed"": 0.6747893713544826, ""window_span_norm"": 0.06}}"
2025-04-09 16:30:00+00:00,SIG.BEICHI.RANGE.DOWN,78267.68,3.7840000000000003,"{""zs_index"": 2, ""score"": 3.7840000000000003, ""evidences"": {""volume_price"": {""type"": ""volume_price"", ""price_new"": true, ""vol_weaker"": true, ""mom_weaker"": true}, ""momentum"": {""type"": ""momentum"", ""weaken_cnt"": 4, ""price_new"": true}, ""ratios"": {""volume_ratio"": 0.5780951564302866, ""atr_ratio"": 0.7228693138386786, ""speed_ratio"": 0.8016025968834597, ""strength_ratio"": 0.5919604746670227}, ""macd"": {""type"": ""macd"", ""peak1"": -214.47801399796094, ""peak2"": -298.60496621169136, ""mode"": ""down""}}, ""context"": {""boundary_proximity"": 1.0, ""rejection_speed"": 1.2358654455640197, ""window_span_norm"": 0.46}}"
2025-04-12 21:00:00+00:00,SIG.BEICHI.RANGE.UP,85399.84,3.4745020731107834,"{""zs_index"": 2, ""score"": 3.4745020731107834, ""evidences"": {""volume_price"": {""type"": ""volume_price"", ""price_new"": true, ""vol_weaker"": true, ""mom_weaker"": true}, ""momentum"": {""type"": ""momentum"", ""weaken_cnt"": 2, ""price_new"": true}, ""ratios"": {""volume_ratio"": 0.4393142827342373, ""atr_ratio"": 0.5855713839775939, ""speed_ratio"": 0.7236488118270907, ""strength_ratio"": 5.873552663993626}, ""macd"": {""type"": ""macd"", ""peak1"": 604.9538415953602, ""peak2"": 221.28630805692256, ""mode"": ""up""}}, ""context"": {""boundary_proximity"": 1.0, ""rejection_speed"": 0.3475034551846389, ""window_span_norm"": 0.665}}"
2025-05-06 13:30:00+00:00,SIG.BEICHI.RANGE.DOWN,93616.92,3.626,"{""zs_index"": 4, ""score"": 3.626, ""evidences"": {""volume_price"": {""type"": ""volume_price"", ""price_new"": true, ""vol_weaker"": true, ""mom_weaker"": true}, ""momentum"": {""type"": ""momentum"", ""weaken_cnt"": 3, ""price_new"": true}, ""ratios"": {""volume_ratio"": 0.9955393100985215, ""atr_ratio"": 0.5442787671927369, ""speed_ratio"": 0.5419164282578935, ""strength_ratio"": 1.5114569993834812}, ""macd"": {""type"": ""macd"", ""peak1"": -139.36430375338676, ""peak2"": -59.096335771888874, ""mode"": ""down""}}, ""context"": {""boundary_proximity"": 1.0, ""rejection_speed"": 1.0842079203114825, ""window_span_norm"": 0.065}}"
2025-05-19 14:30:00+00:00,SIG.BEICHI.RANGE.DOWN,104328.11,3.5046353835220314,"{""zs_index"": 6, ""score"": 3.5046353835220314, ""evidences"": {""volume_price"": {""type"": ""volume_price"", ""price_new"": true, ""vol_weaker"": false, ""mom_weaker"": true}, ""momentum"": {""type"": ""momentum"", ""weaken_cnt"": 2, ""price_new"": true}, ""ratios"": {""volume_ratio"": 2.5838851978426773, ""atr_ratio"": 1.8479601002644526, ""speed_ratio"": 2.0490712088217906, ""strength_ratio"": 0.2812325751541128}, ""macd"": {""type"": ""macd"", ""peak1"": -111.91406751730779, ""peak2"": -319.46545749510983, ""mode"": ""down""}}, ""context"": {""boundary_proximity"": 0.3177256392033858, ""rejection_speed"": 2.319778855013816, ""window_span_norm"": 0.785}}"
2025-05-20 02:00:00+00:00,SIG.BEICHI.RANGE.UP,106461.75,3.491464237860301,"{""zs_index"": 5, ""score"": 3.491464237860301, ""evidences"": {""volume_price"": {""type"": ""volume_price"", ""price_new"": true, ""vol_weaker"": true, ""mom_weaker"": true}, ""momentum"": {""type"": ""momentum"", ""weaken_cnt"": 2, ""price_new"": true}, ""ratios"": {""volume_ratio"": 0.7609420282962664, ""atr_ratio"": 0.9116570811396995, ""speed_ratio"": 0.6442224644669018, ""strength_ratio"": 11.390886207559063}, ""macd"": {""type"": ""macd"", ""peak1"": 153.69142037638818, ""peak2"": 329.8343370127452, ""mode"": ""up""}}, ""context"": {""boundary_proximity"": 1.0, ""rejection_speed"": 0.6924403964338348, ""window_span_norm"": 0.19}}"
2025-05-22 17:30:00+00:00,SIG.BEICHI.RANGE.UP,111502.31,3.3634602583372737,"{""zs_index"": 7, ""score"": 3.3634602583372737, ""evidences"": {""volume_price"": {""type"": ""volume_price"", ""price_new"": true, ""vol_weaker"": true, ""mom_weaker"": true}, ""momentum"": {""type"": ""momentum"", ""weaken_cnt"": 2, ""price_new"": true}, ""ratios"": {""volume_ratio"": 0.41361201579624773, ""atr_ratio"": 0.5884319997464017, ""speed_ratio"": 0.473048897907166, ""strength_ratio"": 5.672187379311476}, ""macd"": {""type"": ""macd"", ""peak1"": 273.65008243622253, ""peak2"": 200.43962500526186, ""mode"": ""up""}}, ""context"": {""boundary_proximity"": 1.0, ""rejection_speed"": 0.41910043056212254, ""window_span_norm"": 0.28}}"
2025-05-29 13:00:00+00:00,SIG.BEICHI.RANGE.UP,108300.0,3.652,"{""zs_index"": 8, ""score"": 3.652, ""evidences"": {""volume_price"": {""type"": ""volume_price"", ""price_new"": true, ""vol_weaker"": true, ""mom_weaker"": true}, ""momentum"": {""type"": ""momentum"", ""weaken_cnt"": 2, ""price_new"": true}, ""ratios"": {""volume_ratio"": 0.7919367620369079, ""atr_ratio"": 0.5932838185751039, ""speed_ratio"": 0.5699680281594127, ""strength_ratio"": 5.116707174119263}, ""macd"": {""type"": ""macd"", ""peak1"": 148.94448810268474, ""peak2"": 91.3697087992488, ""mode"": ""up""}}, ""context"": {""boundary_proximity"": 1.0, ""rejection_speed"": 1.2477884957584142, ""window_span_norm"": 0.13}}"
2025-07-02 08:00:00+00:00,SIG.BEICHI.RANGE.DOWN,107630.89,3.199648955787669,"{""zs_index"": 10, ""score"": 3.199648955787669, ""evidences"": {""volume_price"": {""type"": ""volume_price"", ""price_new"": true, ""vol_weaker"": true, ""mom_weaker"": true}, ""momentum"": {""type"": ""momentum"", ""weaken_cnt"": 4, ""price_new"": true}, ""ratios"": {""volume_ratio"": 0.5177423894886142, ""atr_ratio"": 0.5692691412782044, ""speed_ratio"": 0.42629655481324413, ""strength_ratio"": 0.16096361736054304}, ""macd"": {""type"": ""macd"", ""peak1"": -66.5985970922306, ""peak2"": -51.64784226645776, ""mode"": ""down""}}, ""context"": {""boundary_proximity"": 0.06608159297944782, ""rejection_speed"": 2.9351442309033873, ""window_span_norm"": 0.4}}"
2025-07-09 13:00:00+00:00,SIG.BEICHI.RANGE.UP,109576.59,3.39288499398232,"{""zs_index"": 10, ""score"": 3.39288499398232, ""evidences"": {""volume_price"": {""type"": ""volume_price"", ""price_new"": true, ""vol_weaker"": false, ""mom_weaker"": true}, ""momentum"": {""type"": ""momentum"", ""weaken_cnt"": 2, ""price_new"": true}, ""ratios"": {""volume_ratio"": 1.3718162574695578, ""atr_ratio"": 0.8374340561652549, ""speed_ratio"": 0.9088770384256294, ""strength_ratio"": 1.597243044335591}, ""macd"": {""type"": ""macd"", ""peak1"": 71.9223367843091, ""peak2"": 89.03711465116979, ""mode"": ""up""}}, ""context"": {""boundary_proximity"": 1.0, ""rejection_speed"": 0.4081416566371997, ""window_span_norm"": 0.37}}"
2025-07-29 10:00:00+00:00,SIG.BEICHI.RANGE.UP,118659.32,1.360866865905442,"{""zs_index"": 11, ""score"": 1.360866865905442, ""evidences"": {""volume_price"": {""type"": ""volume_price"", ""price_new"": false, ""vol_weaker"": false, ""mom_weaker"": true}, ""momentum"": {""type"": ""momentum"", ""weaken_cnt"": 4, ""price_new"": false}, ""ratios"": {""volume_ratio"": 1.0491436140292227, ""atr_ratio"": 0.7210564503492154, ""speed_ratio"": 0.65284387961342, ""strength_ratio"": 0.09574816981349436}, ""macd"": {""type"": ""macd"", ""peak1"": 116.00088204339588, ""peak2"": 111.54975390349806, ""mode"": ""up""}}, ""context"": {""boundary_proximity"": 0.10948449737472532, ""rejection_speed"": 0.9952936124676777, ""window_span_norm"": 0.245}}"
2025-08-15 08:00:00+00:00,SIG.BEICHI.RANGE.UP,119080.0,1.753844225013673,"{""zs_index"": 13, ""score"": 1.753844225013673, ""evidences"": {""volume_price"": {""type"": ""volume_price"", ""price_new"": false, ""vol_weaker"": true, ""mom_weaker"": true}, ""momentum"": {""type"": ""momentum"", ""weaken_cnt"": 3, ""price_new"": false}, ""ratios"": {""volume_ratio"": 0.4619277524424878, ""atr_ratio"": 0.6053663008931865, ""speed_ratio"": 0.4024284303101972, ""strength_ratio"": 2.244276554764785}, ""macd"": {""type"": ""macd"", ""peak1"": 167.45769971558752, ""peak2"": 145.21409676248112, ""mode"": ""up""}}, ""context"": {""boundary_proximity"": 0.8258221838027631, ""rejection_speed"": 0.767251524553359, ""window_span_norm"": 0.495}}"
2025-08-18 03:30:00+00:00,SIG.BEICHI.RANGE.DOWN,115319.0,2.620972584454263,"{""zs_index"": 13, ""score"": 2.620972584454263, ""evidences"": {""volume_price"": {""type"": ""volume_price"", ""price_new"": true, ""vol_weaker"": false, ""mom_weaker"": true}, ""momentum"": {""type"": ""momentum"", ""weaken_cnt"": 1, ""price_new"": true}, ""ratios"": {""volume_ratio"": 1.5735705874733972, ""atr_ratio"": 0.9510125415960529, ""speed_ratio"": 1.491380448157088, ""strength_ratio"": 28.019628188381315}, ""macd"": {""type"": ""macd"", ""peak1"": -189.420513357679, ""peak2"": -239.95582373592924, ""mode"": ""down""}}, ""context"": {""boundary_proximity"": 1.0, ""rejection_speed"": 0.32162097409043805, ""window_span_norm"": 0.57}}"
2025-08-29 05:30:00+00:00,SIG.BEICHI.RANGE.UP,111315.42,2.963459044806128,"{""zs_index"": 15, ""score"": 2.963459044806128, ""evidences"": {""volume_price"": {""type"": ""volume_price"", ""price_new"": true, ""vol_weaker"": true, ""mom_weaker"": true}, ""momentum"": {""type"": ""momentum"", ""weaken_cnt"": 2, ""price_new"": true}, ""ratios"": {""volume_ratio"": 0.6974924205088374, ""atr_ratio"": 0.6570990012029337, ""speed_ratio"": 0.8593608682432463, ""strength_ratio"": 2.712631028719935}, ""macd"": {""type"": ""macd"", ""peak1"": 96.16122953961536, ""peak2"": 162.16086538330478, ""mode"": ""up""}}, ""context"": {""boundary_proximity"": 0.09110368318678508, ""rejection_speed"": 0.5779947248234287, ""window_span_norm"": 0.405}}"
2025-08-29 21:00:00+00:00,SIG.BEICHI.RANGE.DOWN,107962.4,1.2627864513779423,"{""zs_index"": 15, ""score"": 1.2627864513779423, ""evidences"": {""volume_price"": {""type"": ""volume_price"", ""price_new"": true, ""vol_weaker"": false, ""mom_weaker"": false}, ""momentum"": {""type"": ""momentum"", ""weaken_cnt"": 0, ""price_new"": true}, ""ratios"": {""volume_ratio"": 1.427556490601471, ""atr_ratio"": 1.2350815622460216, ""speed_ratio"": 2.559437881449091, ""strength_ratio"": 3.1119304262910634}, ""macd"": {""type"": ""macd"", ""peak1"": -178.0006429347394, ""peak2"": -139.4029238720433, ""mode"": ""down""}}, ""context"": {""boundary_proximity"": 1.0, ""rejection_speed"": 0.011310752296570447, ""window_span_norm"": 0.14}}"
2025-09-01 07:00:00+00:00,SIG.BEICHI.RANGE.DOWN,108436.12,3.5401950375613134,"{""zs_index"": 16, ""score"": 3.5401950375613134, ""evidences"": {""volume_price"": {""type"": ""volume_price"", ""price_new"": true, ""vol_weaker"": false, ""mom_weaker"": true}, ""momentum"": {""type"": ""momentum"", ""weaken_cnt"": 2, ""price_new"": true}, ""ratios"": {""volume_ratio"": 1.1856106305164464, ""atr_ratio"": 1.7087179210999075, ""speed_ratio"": 2.6889397061013884, ""strength_ratio"": 0.20166072147178202}, ""macd"": {""type"": ""macd"", ""peak1"": -54.71743321622474, ""peak2"": -137.52074797181265, ""mode"": ""down""}}, ""context"": {""boundary_proximity"": 0.8036583959355224, ""rejection_speed"": 1.2107416117959604, ""window_span_norm"": 0.145}}"
2025-09-03 15:30:00+00:00,SIG.BEICHI.RANGE.UP,112222.74,1.4099289130153676,"{""zs_index"": 16, ""score"": 1.4099289130153676, ""evidences"": {""volume_price"": {""type"": ""volume_price"", ""price_new"": true, ""vol_weaker"": false, ""mom_weaker"": false}, ""momentum"": {""type"": ""momentum"", ""weaken_cnt"": 0, ""price_new"": true}, ""ratios"": {""volume_ratio"": 1.057844670978166, ""atr_ratio"": 1.2185931600877087, ""speed_ratio"": 1.5206424854540186, ""strength_ratio"": 4.551966464639489}, ""macd"": {""type"": ""macd"", ""peak1"": 173.10425822284617, ""peak2"": 117.08933637810469, ""mode"": ""up""}}, ""context"": {""boundary_proximity"": 1.0, ""rejection_speed"": 0.08321485502561306, ""window_span_norm"": 0.4}}"
2025-09-07 07:30:00+00:00,SIG.BEICHI.RANGE.DOWN,110753.42,3.736,"{""zs_index"": 17, ""score"": 3.736, ""evidences"": {""volume_price"": {""type"": ""volume_price"", ""price_new"": true, ""vol_weaker"": true, ""mom_weaker"": true}, ""momentum"": {""type"": ""momentum"", ""weaken_cnt"": 3, ""price_new"": true}, ""ratios"": {""volume_ratio"": 0.49120437830113794, ""atr_ratio"": 0.2825153869564234, ""speed_ratio"": 0.7698517636830128, ""strength_ratio"": 0.3417439692978547}, ""macd"": {""type"": ""macd"", ""peak1"": -49.306682125745795, ""peak2"": -65.18647670556587, ""mode"": ""down""}}, ""context"": {""boundary_proximity"": 1.0, ""rejection_speed"": 1.7637176863013002, ""window_span_norm"": 0.34}}"
2025-09-30 12:30:00+00:00,SIG.BEICHI.RANGE.DOWN,113002.06,1.435087779477385,"{""zs_index"": 18, ""score"": 1.435087779477385, ""evidences"": {""volume_price"": {""type"": ""volume_price"", ""price_new"": false, ""vol_weaker"": false, ""mom_weaker"": true}, ""momentum"": {""type"": ""momentum"", ""weaken_cnt"": 2, ""price_new"": false}, ""ratios"": {""volume_ratio"": 1.2129664648731204, ""atr_ratio"": 1.3607241105172632, ""speed_ratio"": 0.3985248332843717, ""strength_ratio"": 22.62769303529645}, ""macd"": {""type"": ""macd"", ""peak1"": -186.20836887497967, ""peak2"": -182.6507193811613, ""mode"": ""down""}}, ""context"": {""boundary_proximity"": 0.5494986086366596, ""rejection_speed"": 0.1756476904923155, ""window_span_norm"": 1.0}}"
