ts,etype,price,score,payload
2025-03-27 10:00:00+00:00,SIG.BEICHI.RANGE.UP,87507.68,1.3361862178109518,"{""zs_index"": 0, ""score"": 1.3361862178109518, ""evidences"": {""volume_price"": {""type"": ""volume_price"", ""price_new"": false, ""vol_weaker"": false, ""mom_weaker"": true}, ""momentum"": {""type"": ""momentum"", ""weaken_cnt"": 2, ""price_new"": false}, ""ratios"": {""volume_ratio"": 1.0433284989451153, ""atr_ratio"": 0.7451955696250381, ""speed_ratio"": 0.5034939315924888, ""strength_ratio"": 4.017570285996972}, ""macd"": {""type"": ""macd"", ""peak1"": 115.46324093469099, ""peak2"": -4.604858138649959, ""mode"": ""up""}}, ""context"": {""boundary_proximity"": 0.9539151023900572, ""rejection_speed"": 0.22306192729486243, ""window_span_norm"": 0.075}}"
2025-03-29 17:00:00+00:00,SIG.BEICHI.TREND.DOWN,82198.46,3.1278249375559724,"{""seg_idx"": [0, 1, 2], ""score"": 3.1278249375559724, ""evidences"": {""volume_price"": {""type"": ""volume_price"", ""price_new"": true, ""vol_weaker"": true, ""mom_weaker"": true}, ""momentum"": {""type"": ""momentum"", ""weaken_cnt"": 3, ""price_new"": true}, ""ratios"": {""volume_ratio"": 0.8457023064779633, ""atr_ratio"": 0.8299714266839159, ""speed_ratio"": 0.8330477840425596, ""strength_ratio"": 0.6139729187204271}, ""macd"": {""type"": ""macd"", ""peak1"": -155.17870276376084, ""peak2"": -177.97840622152535, ""mode"": ""down""}}, ""context"": {""boundary_proximity"": NaN, ""rejection_speed"": 0.5730415625932876, ""window_span_norm"": 0.9600000000000001}}"
2025-03-31 22:30:00+00:00,SIG.BEICHI.TREND.DOWN,82409.99,1.1962122409957532,"{""seg_idx"": [2, 3, 4], ""score"": 1.1962122409957532, ""evidences"": {""volume_price"": {""type"": ""volume_price"", ""price_new"": false, ""vol_weaker"": true, ""mom_weaker"": true}, ""momentum"": {""type"": ""momentum"", ""weaken_cnt"": 2, ""price_new"": false}, ""ratios"": {""volume_ratio"": 0.7558249592142743, ""atr_ratio"": 1.413277705903574, ""speed_ratio"": 1.5896012775792168, ""strength_ratio"": 0.7937672845035569}, ""macd"": {""type"": ""macd"", ""peak1"": -177.97840622152535, ""peak2"": -112.68883006440689, ""mode"": ""down""}}, ""context"": {""boundary_proximity"": NaN, ""rejection_speed"": 0.36035373499292195, ""window_span_norm"": 0.9500000000000001}}"
2025-04-06 06:00:00+00:00,SIG.BEICHI.RANGE.UP,83410.66,1.2927304092263963,"{""zs_index"": 1, ""score"": 1.2927304092263963, ""evidences"": {""volume_price"": {""type"": ""volume_price"", ""price_new"": false, ""vol_weaker"": true, ""mom_weaker"": true}, ""momentum"": {""type"": ""momentum"", ""weaken_cnt"": 4, ""price_new"": false}, ""ratios"": {""volume_ratio"": 0.7443472738559034, ""atr_ratio"": 0.5177337072944498, ""speed_ratio"": 0.7557902844253414, ""strength_ratio"": 0.7460063838234393}, ""macd"": {""type"": ""macd"", ""peak1"": 96.50938834506968, ""peak2"": 21.938393317136274, ""mode"": ""up""}}, ""context"": {""boundary_proximity"": 0.4397613106895114, ""rejection_speed"": 0.6747893713544826, ""window_span_norm"": 0.06}}"
2025-04-07 07:00:00+00:00,SIG.BEICHI.TREND.DOWN,75070.74,3.320429914957228,"{""seg_idx"": [5, 6, 7], ""score"": 3.320429914957228, ""evidences"": {""volume_price"": {""type"": ""volume_price"", ""price_new"": true, ""vol_weaker"": true, ""mom_weaker"": true}, ""momentum"": {""type"": ""momentum"", ""weaken_cnt"": 2, ""price_new"": true}, ""ratios"": {""volume_ratio"": 0.772216550041292, ""atr_ratio"": 0.6695080541915246, ""speed_ratio"": 0.7888241493526016, ""strength_ratio"": 1.065267363876853}, ""macd"": {""type"": ""macd"", ""peak1"": -483.32920663163935, ""peak2"": -344.9050512618344, ""mode"": ""down""}}, ""context"": {""boundary_proximity"": NaN, ""rejection_speed"": 0.8673831915953807, ""window_span_norm"": 1.0}}"
2025-04-09 16:30:00+00:00,SIG.BEICHI.RANGE.DOWN,78267.68,3.7840000000000003,"{""zs_index"": 2, ""score"": 3.7840000000000003, ""evidences"": {""volume_price"": {""type"": ""volume_price"", ""price_new"": true, ""vol_weaker"": true, ""mom_weaker"": true}, ""momentum"": {""type"": ""momentum"", ""weaken_cnt"": 4, ""price_new"": true}, ""ratios"": {""volume_ratio"": 0.5780951564302866, ""atr_ratio"": 0.7228693138386786, ""speed_ratio"": 0.8016025968834597, ""strength_ratio"": 0.5919604746670227}, ""macd"": {""type"": ""macd"", ""peak1"": -214.47801399796094, ""peak2"": -298.60496621169136, ""mode"": ""down""}}, ""context"": {""boundary_proximity"": 1.0, ""rejection_speed"": 1.2358654455640197, ""window_span_norm"": 0.46}}"
2025-04-12 21:00:00+00:00,SIG.BEICHI.RANGE.UP,85399.84,3.4745020731107834,"{""zs_index"": 2, ""score"": 3.4745020731107834, ""evidences"": {""volume_price"": {""type"": ""volume_price"", ""price_new"": true, ""vol_weaker"": true, ""mom_weaker"": true}, ""momentum"": {""type"": ""momentum"", ""weaken_cnt"": 2, ""price_new"": true}, ""ratios"": {""volume_ratio"": 0.4393142827342373, ""atr_ratio"": 0.5855713839775939, ""speed_ratio"": 0.7236488118270907, ""strength_ratio"": 5.873552663993626}, ""macd"": {""type"": ""macd"", ""peak1"": 604.9538415953602, ""peak2"": 221.28630805692256, ""mode"": ""up""}}, ""context"": {""boundary_proximity"": 1.0, ""rejection_speed"": 0.3475034551846389, ""window_span_norm"": 0.665}}"
2025-04-15 05:30:00+00:00,SIG.BEICHI.TREND.UP,85545.71,2.8962072654002107,"{""seg_idx"": [10, 11, 12], ""score"": 2.8962072654002107, ""evidences"": {""volume_price"": {""type"": ""volume_price"", ""price_new"": true, ""vol_weaker"": true, ""mom_weaker"": true}, ""momentum"": {""type"": ""momentum"", ""weaken_cnt"": 3, ""price_new"": true}, ""ratios"": {""volume_ratio"": 0.9440568745009725, ""atr_ratio"": 1.0598177391961336, ""speed_ratio"": 0.9384535406760911, ""strength_ratio"": 0.45196168580562096}, ""macd"": {""type"": ""macd"", ""peak1"": 221.28630805692256, ""peak2"": 158.01478046518696, ""mode"": ""up""}}, ""context"": {""boundary_proximity"": NaN, ""rejection_speed"": 0.1603454423336846, ""window_span_norm"": 1.0}}"
2025-04-16 01:00:00+00:00,SIG.BEICHI.TREND.DOWN,83520.01,1.8225011304054926,"{""seg_idx"": [11, 12, 13], ""score"": 1.8225011304054926, ""evidences"": {""volume_price"": {""type"": ""volume_price"", ""price_new"": true, ""vol_weaker"": false, ""mom_weaker"": true}, ""momentum"": {""type"": ""momentum"", ""weaken_cnt"": 1, ""price_new"": true}, ""ratios"": {""volume_ratio"": 1.077666987538474, ""atr_ratio"": 1.3791691291309318, ""speed_ratio"": 0.8146542023049188, ""strength_ratio"": 1.4802718328931794}, ""macd"": {""type"": ""macd"", ""peak1"": -146.2180089046196, ""peak2"": -154.79048638294717, ""mode"": ""down""}}, ""context"": {""boundary_proximity"": NaN, ""rejection_speed"": 0.06416855067582092, ""window_span_norm"": 0.45999999999999996}}"
2025-04-16 17:30:00+00:00,SIG.BEICHI.TREND.UP,83281.21,1.596,"{""seg_idx"": [12, 13, 14], ""score"": 1.596, ""evidences"": {""volume_price"": {""type"": ""volume_price"", ""price_new"": false, ""vol_weaker"": true, ""mom_weaker"": true}, ""momentum"": {""type"": ""momentum"", ""weaken_cnt"": 3, ""price_new"": false}, ""ratios"": {""volume_ratio"": 0.8462234193168807, ""atr_ratio"": 0.7143648365250841, ""speed_ratio"": 1.0639933098028556, ""strength_ratio"": 0.22451667864897626}, ""macd"": {""type"": ""macd"", ""peak1"": 158.01478046518696, ""peak2"": 154.99953155462183, ""mode"": ""up""}}, ""context"": {""boundary_proximity"": NaN, ""rejection_speed"": 2.9787836505412075, ""window_span_norm"": 0.99}}"
2025-04-17 14:30:00+00:00,SIG.BEICHI.TREND.DOWN,84087.08,1.3559999999999999,"{""seg_idx"": [13, 14, 15], ""score"": 1.3559999999999999, ""evidences"": {""volume_price"": {""type"": ""volume_price"", ""price_new"": false, ""vol_weaker"": true, ""mom_weaker"": true}, ""momentum"": {""type"": ""momentum"", ""weaken_cnt"": 4, ""price_new"": false}, ""ratios"": {""volume_ratio"": 0.5709941369935068, ""atr_ratio"": 0.5256724125280217, ""speed_ratio"": 0.7787368775928013, ""strength_ratio"": 0.5942269897255058}, ""macd"": {""type"": ""macd"", ""peak1"": -154.79048638294717, ""peak2"": -54.77984208258736, ""mode"": ""down""}}, ""context"": {""boundary_proximity"": NaN, ""rejection_speed"": 1.4135026915361582, ""window_span_norm"": 0.39}}"
2025-04-21 15:30:00+00:00,SIG.BEICHI.TREND.UP,88044.8,2.9910473910123416,"{""seg_idx"": [14, 15, 16], ""score"": 2.9910473910123416, ""evidences"": {""volume_price"": {""type"": ""volume_price"", ""price_new"": true, ""vol_weaker"": true, ""mom_weaker"": true}, ""momentum"": {""type"": ""momentum"", ""weaken_cnt"": 2, ""price_new"": true}, ""ratios"": {""volume_ratio"": 0.7203875059328915, ""atr_ratio"": 0.6491827341638904, ""speed_ratio"": 0.5804327291813302, ""strength_ratio"": 6.817723056321323}, ""macd"": {""type"": ""macd"", ""peak1"": 154.99953155462183, ""peak2"": 286.9820055624218, ""mode"": ""up""}}, ""context"": {""boundary_proximity"": NaN, ""rejection_speed"": 0.31841231835390327, ""window_span_norm"": 1.0}}"
2025-04-25 01:00:00+00:00,SIG.BEICHI.TREND.UP,93681.38,1.059557639139319,"{""seg_idx"": [16, 17, 18], ""score"": 1.059557639139319, ""evidences"": {""volume_price"": {""type"": ""volume_price"", ""price_new"": true, ""vol_weaker"": false, ""mom_weaker"": false}, ""momentum"": {""type"": ""momentum"", ""weaken_cnt"": 1, ""price_new"": true}, ""ratios"": {""volume_ratio"": 1.2853323474987435, ""atr_ratio"": 1.5341055783214643, ""speed_ratio"": 1.23365264447831, ""strength_ratio"": 1.255420160415634}, ""macd"": {""type"": ""macd"", ""peak1"": 286.9820055624218, ""peak2"": 132.35961360205016, ""mode"": ""up""}}, ""context"": {""boundary_proximity"": NaN, ""rejection_speed"": 0.09926273189886511, ""window_span_norm"": 1.0}}"
2025-04-25 20:00:00+00:00,SIG.BEICHI.TREND.UP,94966.17,2.7601612072409045,"{""seg_idx"": [17, 18, 19], ""score"": 2.7601612072409045, ""evidences"": {""volume_price"": {""type"": ""volume_price"", ""price_new"": true, ""vol_weaker"": true, ""mom_weaker"": true}, ""momentum"": {""type"": ""momentum"", ""weaken_cnt"": 4, ""price_new"": true}, ""ratios"": {""volume_ratio"": 0.8665896134101515, ""atr_ratio"": 0.9945564531986582, ""speed_ratio"": 0.9936639580373712, ""strength_ratio"": 0.5636071255485472}, ""macd"": {""type"": ""macd"", ""peak1"": 224.81597943966233, ""peak2"": 130.38652872073226, ""mode"": ""up""}}, ""context"": {""boundary_proximity"": NaN, ""rejection_speed"": 0.16026867873484157, ""window_span_norm"": 0.66}}"
2025-04-29 01:30:00+00:00,SIG.BEICHI.TREND.UP,94857.49,2.14721562503773,"{""seg_idx"": [18, 19, 20], ""score"": 2.14721562503773, ""evidences"": {""volume_price"": {""type"": ""volume_price"", ""price_new"": true, ""vol_weaker"": true, ""mom_weaker"": false}, ""momentum"": {""type"": ""momentum"", ""weaken_cnt"": 1, ""price_new"": true}, ""ratios"": {""volume_ratio"": 0.624169888309503, ""atr_ratio"": 1.028209659111395, ""speed_ratio"": 1.0549658042754697, ""strength_ratio"": 1.276189198234703}, ""macd"": {""type"": ""macd"", ""peak1"": 132.35961360205016, ""peak2"": 83.72829399686827, ""mode"": ""up""}}, ""context"": {""boundary_proximity"": NaN, ""rejection_speed"": 0.5853593750628835, ""window_span_norm"": 0.49}}"
2025-05-01 16:30:00+00:00,SIG.BEICHI.TREND.UP,97007.14,2.074551153550351,"{""seg_idx"": [20, 21, 22], ""score"": 2.074551153550351, ""evidences"": {""volume_price"": {""type"": ""volume_price"", ""price_new"": true, ""vol_weaker"": false, ""mom_weaker"": true}, ""momentum"": {""type"": ""momentum"", ""weaken_cnt"": 1, ""price_new"": true}, ""ratios"": {""volume_ratio"": 1.782943228871702, ""atr_ratio"": 1.1156351032627396, ""speed_ratio"": 1.1958164503086914, ""strength_ratio"": 0.7618707139853754}, ""macd"": {""type"": ""macd"", ""peak1"": 83.72829399686827, ""peak2"": 121.83603270398822, ""mode"": ""up""}}, ""context"": {""boundary_proximity"": NaN, ""rejection_speed"": 0.2975852559172519, ""window_span_norm"": 0.74}}"
2025-05-05 20:30:00+00:00,SIG.BEICHI.TREND.DOWN,94242.02,2.1426487785104746,"{""seg_idx"": [21, 22, 23], ""score"": 2.1426487785104746, ""evidences"": {""volume_price"": {""type"": ""volume_price"", ""price_new"": true, ""vol_weaker"": false, ""mom_weaker"": true}, ""momentum"": {""type"": ""momentum"", ""weaken_cnt"": 1, ""price_new"": true}, ""ratios"": {""volume_ratio"": 1.0767651915524719, ""atr_ratio"": 0.9422471316844336, ""speed_ratio"": 1.1652636479064387, ""strength_ratio"": 1.194974606174745}, ""macd"": {""type"": ""macd"", ""peak1"": -145.6505078304596, ""peak2"": -132.54187715856256, ""mode"": ""down""}}, ""context"": {""boundary_proximity"": NaN, ""rejection_speed"": 0.29108129751745726, ""window_span_norm"": 0.9199999999999999}}"
2025-05-06 13:30:00+00:00,SIG.BEICHI.RANGE.DOWN,93616.92,3.626,"{""zs_index"": 4, ""score"": 3.626, ""evidences"": {""volume_price"": {""type"": ""volume_price"", ""price_new"": true, ""vol_weaker"": true, ""mom_weaker"": true}, ""momentum"": {""type"": ""momentum"", ""weaken_cnt"": 3, ""price_new"": true}, ""ratios"": {""volume_ratio"": 0.9955393100985215, ""atr_ratio"": 0.5442787671927369, ""speed_ratio"": 0.5419164282578935, ""strength_ratio"": 1.5114569993834812}, ""macd"": {""type"": ""macd"", ""peak1"": -139.36430375338676, ""peak2"": -59.096335771888874, ""mode"": ""down""}}, ""context"": {""boundary_proximity"": 1.0, ""rejection_speed"": 1.0842079203114825, ""window_span_norm"": 0.065}}"
2025-05-14 15:00:00+00:00,SIG.BEICHI.TREND.DOWN,103417.03,3.1002130089516404,"{""seg_idx"": [27, 28, 29], ""score"": 3.1002130089516404, ""evidences"": {""volume_price"": {""type"": ""volume_price"", ""price_new"": true, ""vol_weaker"": false, ""mom_weaker"": true}, ""momentum"": {""type"": ""momentum"", ""weaken_cnt"": 2, ""price_new"": true}, ""ratios"": {""volume_ratio"": 1.1911936427389422, ""atr_ratio"": 0.89723420639365, ""speed_ratio"": 0.8961339635544205, ""strength_ratio"": 1.260279786905219}, ""macd"": {""type"": ""macd"", ""peak1"": -62.92874699594938, ""peak2"": -125.60283838629186, ""mode"": ""down""}}, ""context"": {""boundary_proximity"": NaN, ""rejection_speed"": 0.7470216815860669, ""window_span_norm"": 0.63}}"
2025-05-19 14:30:00+00:00,SIG.BEICHI.RANGE.DOWN,104328.11,3.5046353835220314,"{""zs_index"": 6, ""score"": 3.5046353835220314, ""evidences"": {""volume_price"": {""type"": ""volume_price"", ""price_new"": true, ""vol_weaker"": false, ""mom_weaker"": true}, ""momentum"": {""type"": ""momentum"", ""weaken_cnt"": 2, ""price_new"": true}, ""ratios"": {""volume_ratio"": 2.5838851978426773, ""atr_ratio"": 1.8479601002644526, ""speed_ratio"": 2.0490712088217906, ""strength_ratio"": 0.2812325751541128}, ""macd"": {""type"": ""macd"", ""peak1"": -111.91406751730779, ""peak2"": -319.46545749510983, ""mode"": ""down""}}, ""context"": {""boundary_proximity"": 0.3177256392033858, ""rejection_speed"": 2.319778855013816, ""window_span_norm"": 0.785}}"
2025-05-20 02:00:00+00:00,SIG.BEICHI.RANGE.UP,106461.75,3.491464237860301,"{""zs_index"": 5, ""score"": 3.491464237860301, ""evidences"": {""volume_price"": {""type"": ""volume_price"", ""price_new"": true, ""vol_weaker"": true, ""mom_weaker"": true}, ""momentum"": {""type"": ""momentum"", ""weaken_cnt"": 2, ""price_new"": true}, ""ratios"": {""volume_ratio"": 0.7609420282962664, ""atr_ratio"": 0.9116570811396995, ""speed_ratio"": 0.6442224644669018, ""strength_ratio"": 11.390886207559063}, ""macd"": {""type"": ""macd"", ""peak1"": 153.69142037638818, ""peak2"": 329.8343370127452, ""mode"": ""up""}}, ""context"": {""boundary_proximity"": 1.0, ""rejection_speed"": 0.6924403964338348, ""window_span_norm"": 0.19}}"
2025-05-21 06:30:00+00:00,SIG.BEICHI.TREND.UP,107751.41,2.9294011153379804,"{""seg_idx"": [31, 32, 33], ""score"": 2.9294011153379804, ""evidences"": {""volume_price"": {""type"": ""volume_price"", ""price_new"": true, ""vol_weaker"": true, ""mom_weaker"": true}, ""momentum"": {""type"": ""momentum"", ""weaken_cnt"": 2, ""price_new"": true}, ""ratios"": {""volume_ratio"": 0.8474428585320319, ""atr_ratio"": 1.0351746716452492, ""speed_ratio"": 1.0236203965034067, ""strength_ratio"": 0.626676812139624}, ""macd"": {""type"": ""macd"", ""peak1"": 329.8343370127452, ""peak2"": 199.0638026225878, ""mode"": ""up""}}, ""context"": {""boundary_proximity"": NaN, ""rejection_speed"": 0.4690018588966345, ""window_span_norm"": 0.62}}"
2025-05-22 17:30:00+00:00,SIG.BEICHI.RANGE.UP,111502.31,3.3634602583372737,"{""zs_index"": 7, ""score"": 3.3634602583372737, ""evidences"": {""volume_price"": {""type"": ""volume_price"", ""price_new"": true, ""vol_weaker"": true, ""mom_weaker"": true}, ""momentum"": {""type"": ""momentum"", ""weaken_cnt"": 2, ""price_new"": true}, ""ratios"": {""volume_ratio"": 0.41361201579624773, ""atr_ratio"": 0.5884319997464017, ""speed_ratio"": 0.473048897907166, ""strength_ratio"": 5.672187379311476}, ""macd"": {""type"": ""macd"", ""peak1"": 273.65008243622253, ""peak2"": 200.43962500526186, ""mode"": ""up""}}, ""context"": {""boundary_proximity"": 1.0, ""rejection_speed"": 0.41910043056212254, ""window_span_norm"": 0.28}}"
2025-05-29 13:00:00+00:00,SIG.BEICHI.RANGE.UP,108300.0,3.652,"{""zs_index"": 8, ""score"": 3.652, ""evidences"": {""volume_price"": {""type"": ""volume_price"", ""price_new"": true, ""vol_weaker"": true, ""mom_weaker"": true}, ""momentum"": {""type"": ""momentum"", ""weaken_cnt"": 2, ""price_new"": true}, ""ratios"": {""volume_ratio"": 0.7919367620369079, ""atr_ratio"": 0.5932838185751039, ""speed_ratio"": 0.5699680281594127, ""strength_ratio"": 5.116707174119263}, ""macd"": {""type"": ""macd"", ""peak1"": 148.94448810268474, ""peak2"": 91.3697087992488, ""mode"": ""up""}}, ""context"": {""boundary_proximity"": 1.0, ""rejection_speed"": 1.2477884957584142, ""window_span_norm"": 0.13}}"
2025-05-31 03:00:00+00:00,SIG.BEICHI.TREND.DOWN,103482.12,1.084887264230825,"{""seg_idx"": [39, 40, 41], ""score"": 1.084887264230825, ""evidences"": {""volume_price"": {""type"": ""volume_price"", ""price_new"": true, ""vol_weaker"": false, ""mom_weaker"": false}, ""momentum"": {""type"": ""momentum"", ""weaken_cnt"": 1, ""price_new"": true}, ""ratios"": {""volume_ratio"": 1.1597574859971986, ""atr_ratio"": 1.1440487601751486, ""speed_ratio"": 1.3711516932135268, ""strength_ratio"": 1.3820357643849663}, ""macd"": {""type"": ""macd"", ""peak1"": -167.97491798735925, ""peak2"": -59.44449866014537, ""mode"": ""down""}}, ""context"": {""boundary_proximity"": NaN, ""rejection_speed"": 0.39481210705137504, ""window_span_norm"": 0.62}}"
2025-06-10 19:30:00+00:00,SIG.BEICHI.TREND.UP,109526.3,2.246321635950516,"{""seg_idx"": [42, 43, 44], ""score"": 2.246321635950516, ""evidences"": {""volume_price"": {""type"": ""volume_price"", ""price_new"": true, ""vol_weaker"": false, ""mom_weaker"": true}, ""momentum"": {""type"": ""momentum"", ""weaken_cnt"": 1, ""price_new"": true}, ""ratios"": {""volume_ratio"": 1.6096458408758325, ""atr_ratio"": 1.3422314207410695, ""speed_ratio"": 1.4765501506870589, ""strength_ratio"": 0.4234044352688596}, ""macd"": {""type"": ""macd"", ""peak1"": 161.69061620764597, ""peak2"": 245.47720856748202, ""mode"": ""up""}}, ""context"": {""boundary_proximity"": NaN, ""rejection_speed"": 0.410536059917526, ""window_span_norm"": 1.0}}"
2025-06-16 20:30:00+00:00,SIG.BEICHI.TREND.UP,108782.68,1.1998194236118087,"{""seg_idx"": [44, 45, 46], ""score"": 1.1998194236118087, ""evidences"": {""volume_price"": {""type"": ""volume_price"", ""price_new"": false, ""vol_weaker"": true, ""mom_weaker"": true}, ""momentum"": {""type"": ""momentum"", ""weaken_cnt"": 2, ""price_new"": false}, ""ratios"": {""volume_ratio"": 0.8624408958778043, ""atr_ratio"": 1.0247941862843635, ""speed_ratio"": 0.9735231282341686, ""strength_ratio"": 4.600168741769432}, ""macd"": {""type"": ""macd"", ""peak1"": 245.47720856748202, ""peak2"": 129.29209584146383, ""mode"": ""up""}}, ""context"": {""boundary_proximity"": NaN, ""rejection_speed"": 0.33303237268634783, ""window_span_norm"": 1.0}}"
2025-06-18 13:30:00+00:00,SIG.BEICHI.TREND.DOWN,104439.81,1.1219833778964423,"{""seg_idx"": [45, 46, 47], ""score"": 1.1219833778964423, ""evidences"": {""volume_price"": {""type"": ""volume_price"", ""price_new"": false, ""vol_weaker"": true, ""mom_weaker"": true}, ""momentum"": {""type"": ""momentum"", ""weaken_cnt"": 4, ""price_new"": false}, ""ratios"": {""volume_ratio"": 0.6975093884570152, ""atr_ratio"": 0.8554085492502591, ""speed_ratio"": 0.8414948058263044, ""strength_ratio"": 0.5642846166894355}, ""macd"": {""type"": ""macd"", ""peak1"": -349.022184968142, ""peak2"": -170.58477033938584, ""mode"": ""down""}}, ""context"": {""boundary_proximity"": NaN, ""rejection_speed"": 0.20330562982740366, ""window_span_norm"": 1.0}}"
2025-07-02 08:00:00+00:00,SIG.BEICHI.RANGE.DOWN,107630.89,3.199648955787669,"{""zs_index"": 10, ""score"": 3.199648955787669, ""evidences"": {""volume_price"": {""type"": ""volume_price"", ""price_new"": true, ""vol_weaker"": true, ""mom_weaker"": true}, ""momentum"": {""type"": ""momentum"", ""weaken_cnt"": 4, ""price_new"": true}, ""ratios"": {""volume_ratio"": 0.5177423894886142, ""atr_ratio"": 0.5692691412782044, ""speed_ratio"": 0.42629655481324413, ""strength_ratio"": 0.16096361736054304}, ""macd"": {""type"": ""macd"", ""peak1"": -66.5985970922306, ""peak2"": -51.64784226645776, ""mode"": ""down""}}, ""context"": {""boundary_proximity"": 0.06608159297944782, ""rejection_speed"": 2.9351442309033873, ""window_span_norm"": 0.4}}"
2025-07-03 09:30:00+00:00,SIG.BEICHI.TREND.UP,109942.2,3.4,"{""seg_idx"": [50, 51, 52], ""score"": 3.4, ""evidences"": {""volume_price"": {""type"": ""volume_price"", ""price_new"": true, ""vol_weaker"": false, ""mom_weaker"": true}, ""momentum"": {""type"": ""momentum"", ""weaken_cnt"": 2, ""price_new"": true}, ""ratios"": {""volume_ratio"": 1.0933994919344774, ""atr_ratio"": 0.8319527132343016, ""speed_ratio"": 0.8562942248262414, ""strength_ratio"": 1.5375793791326997}, ""macd"": {""type"": ""macd"", ""peak1"": 92.31998932683717, ""peak2"": 186.75716685493703, ""mode"": ""up""}}, ""context"": {""boundary_proximity"": NaN, ""rejection_speed"": 1.8977473789843087, ""window_span_norm"": 1.0}}"
2025-07-04 16:00:00+00:00,SIG.BEICHI.TREND.DOWN,107520.59,1.568,"{""seg_idx"": [51, 52, 53], ""score"": 1.568, ""evidences"": {""volume_price"": {""type"": ""volume_price"", ""price_new"": false, ""vol_weaker"": false, ""mom_weaker"": true}, ""momentum"": {""type"": ""momentum"", ""weaken_cnt"": 2, ""price_new"": false}, ""ratios"": {""volume_ratio"": 1.2901178935686977, ""atr_ratio"": 1.3734814573220104, ""speed_ratio"": 0.9544878618220236, ""strength_ratio"": 0.7930721819342464}, ""macd"": {""type"": ""macd"", ""peak1"": -125.07114536776916, ""peak2"": -117.16191764176762, ""mode"": ""down""}}, ""context"": {""boundary_proximity"": NaN, ""rejection_speed"": 1.1290776119755812, ""window_span_norm"": 0.9199999999999999}}"
2025-07-09 13:00:00+00:00,SIG.BEICHI.RANGE.UP,109576.59,3.39288499398232,"{""zs_index"": 10, ""score"": 3.39288499398232, ""evidences"": {""volume_price"": {""type"": ""volume_price"", ""price_new"": true, ""vol_weaker"": false, ""mom_weaker"": true}, ""momentum"": {""type"": ""momentum"", ""weaken_cnt"": 2, ""price_new"": true}, ""ratios"": {""volume_ratio"": 1.3718162574695578, ""atr_ratio"": 0.8374340561652549, ""speed_ratio"": 0.9088770384256294, ""strength_ratio"": 1.597243044335591}, ""macd"": {""type"": ""macd"", ""peak1"": 71.9223367843091, ""peak2"": 89.03711465116979, ""mode"": ""up""}}, ""context"": {""boundary_proximity"": 1.0, ""rejection_speed"": 0.4081416566371997, ""window_span_norm"": 0.37}}"
2025-07-16 21:00:00+00:00,SIG.BEICHI.TREND.UP,119940.78,1.3073852712797898,"{""seg_idx"": [57, 58, 59], ""score"": 1.3073852712797898, ""evidences"": {""volume_price"": {""type"": ""volume_price"", ""price_new"": false, ""vol_weaker"": false, ""mom_weaker"": true}, ""momentum"": {""type"": ""momentum"", ""weaken_cnt"": 2, ""price_new"": false}, ""ratios"": {""volume_ratio"": 1.0048727496223153, ""atr_ratio"": 1.3337806207885885, ""speed_ratio"": 1.0404721827155807, ""strength_ratio"": 0.4124607272310432}, ""macd"": {""type"": ""macd"", ""peak1"": 326.4301371772715, ""peak2"": 228.5283915685377, ""mode"": ""up""}}, ""context"": {""boundary_proximity"": NaN, ""rejection_speed"": 0.5123087854663165, ""window_span_norm"": 1.0}}"
2025-07-17 13:00:00+00:00,SIG.BEICHI.TREND.DOWN,117904.0,1.427090527437269,"{""seg_idx"": [58, 59, 60], ""score"": 1.427090527437269, ""evidences"": {""volume_price"": {""type"": ""volume_price"", ""price_new"": false, ""vol_weaker"": true, ""mom_weaker"": true}, ""momentum"": {""type"": ""momentum"", ""weaken_cnt"": 4, ""price_new"": false}, ""ratios"": {""volume_ratio"": 0.49786733180054665, ""atr_ratio"": 0.6890033147848443, ""speed_ratio"": 0.8785947733709859, ""strength_ratio"": 0.4729765809635531}, ""macd"": {""type"": ""macd"", ""peak1"": -332.9820826496014, ""peak2"": -158.0074536134777, ""mode"": ""down""}}, ""context"": {""boundary_proximity"": NaN, ""rejection_speed"": 0.9584842123954482, ""window_span_norm"": 0.63}}"
2025-07-17 19:00:00+00:00,SIG.BEICHI.TREND.UP,119656.09,0.9640289867819312,"{""seg_idx"": [59, 60, 61], ""score"": 0.9640289867819312, ""evidences"": {""volume_price"": {""type"": ""volume_price"", ""price_new"": false, ""vol_weaker"": true, ""mom_weaker"": true}, ""momentum"": {""type"": ""momentum"", ""weaken_cnt"": 3, ""price_new"": false}, ""ratios"": {""volume_ratio"": 0.699110518528937, ""atr_ratio"": 0.9295661924077434, ""speed_ratio"": 0.959501066289152, ""strength_ratio"": 2.9856240365334936}, ""macd"": {""type"": ""macd"", ""peak1"": 228.5283915685377, ""peak2"": 158.79811623347024, ""mode"": ""up""}}, ""context"": {""boundary_proximity"": NaN, ""rejection_speed"": 0.06004831130321873, ""window_span_norm"": 0.82}}"
2025-07-21 00:00:00+00:00,SIG.BEICHI.TREND.DOWN,116914.5,3.197283585742125,"{""seg_idx"": [60, 61, 62], ""score"": 3.197283585742125, ""evidences"": {""volume_price"": {""type"": ""volume_price"", ""price_new"": true, ""vol_weaker"": true, ""mom_weaker"": true}, ""momentum"": {""type"": ""momentum"", ""weaken_cnt"": 3, ""price_new"": true}, ""ratios"": {""volume_ratio"": 0.8896983360395299, ""atr_ratio"": 0.7757401392186727, ""speed_ratio"": 0.6326654356116114, ""strength_ratio"": 0.6090648966171366}, ""macd"": {""type"": ""macd"", ""peak1"": -158.0074536134777, ""peak2"": -233.12204148875495, ""mode"": ""down""}}, ""context"": {""boundary_proximity"": NaN, ""rejection_speed"": 0.662139309570209, ""window_span_norm"": 1.0}}"
2025-07-22 01:00:00+00:00,SIG.BEICHI.TREND.DOWN,117240.21,1.361767787408311,"{""seg_idx"": [62, 63, 64], ""score"": 1.361767787408311, ""evidences"": {""volume_price"": {""type"": ""volume_price"", ""price_new"": true, ""vol_weaker"": false, ""mom_weaker"": false}, ""momentum"": {""type"": ""momentum"", ""weaken_cnt"": 1, ""price_new"": true}, ""ratios"": {""volume_ratio"": 1.379714889504327, ""atr_ratio"": 1.3411488548772068, ""speed_ratio"": 1.3163202271634125, ""strength_ratio"": 1.878356808912094}, ""macd"": {""type"": ""macd"", ""peak1"": -233.12204148875495, ""peak2"": -181.19641935714398, ""mode"": ""down""}}, ""context"": {""boundary_proximity"": NaN, ""rejection_speed"": 0.6029463123471851, ""window_span_norm"": 1.0}}"
2025-07-22 19:00:00+00:00,SIG.BEICHI.TREND.UP,119633.96,2.7875795628346713,"{""seg_idx"": [63, 64, 65], ""score"": 2.7875795628346713, ""evidences"": {""volume_price"": {""type"": ""volume_price"", ""price_new"": true, ""vol_weaker"": false, ""mom_weaker"": true}, ""momentum"": {""type"": ""momentum"", ""weaken_cnt"": 3, ""price_new"": true}, ""ratios"": {""volume_ratio"": 1.3826077557035141, ""atr_ratio"": 0.9655170489320315, ""speed_ratio"": 1.0753393124588386, ""strength_ratio"": 0.4863544763733662}, ""macd"": {""type"": ""macd"", ""peak1"": 187.3057312041192, ""peak2"": 173.93751682638006, ""mode"": ""up""}}, ""context"": {""boundary_proximity"": NaN, ""rejection_speed"": 0.35263260472445207, ""window_span_norm"": 0.44000000000000006}}"
2025-07-23 17:00:00+00:00,SIG.BEICHI.TREND.DOWN,117647.23,1.1528655021981156,"{""seg_idx"": [64, 65, 66], ""score"": 1.1528655021981156, ""evidences"": {""volume_price"": {""type"": ""volume_price"", ""price_new"": false, ""vol_weaker"": true, ""mom_weaker"": true}, ""momentum"": {""type"": ""momentum"", ""weaken_cnt"": 1, ""price_new"": false}, ""ratios"": {""volume_ratio"": 0.8194687796111096, ""atr_ratio"": 0.7752055650409433, ""speed_ratio"": 1.0072209866043544, ""strength_ratio"": 1.0792426017135393}, ""macd"": {""type"": ""macd"", ""peak1"": -181.19641935714398, ""peak2"": -162.74594410923729, ""mode"": ""down""}}, ""context"": {""boundary_proximity"": NaN, ""rejection_speed"": 0.4414425036635261, ""window_span_norm"": 0.72}}"
2025-07-29 10:00:00+00:00,SIG.BEICHI.RANGE.UP,118659.32,1.360866865905442,"{""zs_index"": 11, ""score"": 1.360866865905442, ""evidences"": {""volume_price"": {""type"": ""volume_price"", ""price_new"": false, ""vol_weaker"": false, ""mom_weaker"": true}, ""momentum"": {""type"": ""momentum"", ""weaken_cnt"": 4, ""price_new"": false}, ""ratios"": {""volume_ratio"": 1.0491436140292227, ""atr_ratio"": 0.7210564503492154, ""speed_ratio"": 0.65284387961342, ""strength_ratio"": 0.09574816981349436}, ""macd"": {""type"": ""macd"", ""peak1"": 116.00088204339588, ""peak2"": 111.54975390349806, ""mode"": ""up""}}, ""context"": {""boundary_proximity"": 0.10948449737472532, ""rejection_speed"": 0.9952936124676777, ""window_span_norm"": 0.245}}"
2025-08-01 08:30:00+00:00,SIG.BEICHI.TREND.DOWN,114615.99,3.244,"{""seg_idx"": [67, 68, 69], ""score"": 3.244, ""evidences"": {""volume_price"": {""type"": ""volume_price"", ""price_new"": true, ""vol_weaker"": true, ""mom_weaker"": true}, ""momentum"": {""type"": ""momentum"", ""weaken_cnt"": 2, ""price_new"": true}, ""ratios"": {""volume_ratio"": 0.6681942779632369, ""atr_ratio"": 1.4602445994550632, ""speed_ratio"": 1.0151839141079961, ""strength_ratio"": 0.8206465250483193}, ""macd"": {""type"": ""macd"", ""peak1"": -318.45867441212243, ""peak2"": -191.84811862895302, ""mode"": ""down""}}, ""context"": {""boundary_proximity"": NaN, ""rejection_speed"": 1.0565532706403848, ""window_span_norm"": 0.6100000000000001}}"
2025-08-15 08:00:00+00:00,SIG.BEICHI.RANGE.UP,119080.0,1.753844225013673,"{""zs_index"": 13, ""score"": 1.753844225013673, ""evidences"": {""volume_price"": {""type"": ""volume_price"", ""price_new"": false, ""vol_weaker"": true, ""mom_weaker"": true}, ""momentum"": {""type"": ""momentum"", ""weaken_cnt"": 3, ""price_new"": false}, ""ratios"": {""volume_ratio"": 0.4619277524424878, ""atr_ratio"": 0.6053663008931865, ""speed_ratio"": 0.4024284303101972, ""strength_ratio"": 2.244276554764785}, ""macd"": {""type"": ""macd"", ""peak1"": 167.45769971558752, ""peak2"": 145.21409676248112, ""mode"": ""up""}}, ""context"": {""boundary_proximity"": 0.8258221838027631, ""rejection_speed"": 0.767251524553359, ""window_span_norm"": 0.495}}"
2025-08-18 03:30:00+00:00,SIG.BEICHI.RANGE.DOWN,115319.0,2.620972584454263,"{""zs_index"": 13, ""score"": 2.620972584454263, ""evidences"": {""volume_price"": {""type"": ""volume_price"", ""price_new"": true, ""vol_weaker"": false, ""mom_weaker"": true}, ""momentum"": {""type"": ""momentum"", ""weaken_cnt"": 1, ""price_new"": true}, ""ratios"": {""volume_ratio"": 1.5735705874733972, ""atr_ratio"": 0.9510125415960529, ""speed_ratio"": 1.491380448157088, ""strength_ratio"": 28.019628188381315}, ""macd"": {""type"": ""macd"", ""peak1"": -189.420513357679, ""peak2"": -239.95582373592924, ""mode"": ""down""}}, ""context"": {""boundary_proximity"": 1.0, ""rejection_speed"": 0.32162097409043805, ""window_span_norm"": 0.57}}"
2025-08-20 14:00:00+00:00,SIG.BEICHI.TREND.DOWN,113153.29,3.1844615170272643,"{""seg_idx"": [76, 77, 78], ""score"": 3.1844615170272643, ""evidences"": {""volume_price"": {""type"": ""volume_price"", ""price_new"": true, ""vol_weaker"": true, ""mom_weaker"": true}, ""momentum"": {""type"": ""momentum"", ""weaken_cnt"": 4, ""price_new"": true}, ""ratios"": {""volume_ratio"": 0.4936972484739389, ""atr_ratio"": 0.6694993666959298, ""speed_ratio"": 0.6237787059448627, ""strength_ratio"": 0.3967416771551992}, ""macd"": {""type"": ""macd"", ""peak1"": -389.35531308315353, ""peak2"": -187.9852762295506, ""mode"": ""down""}}, ""context"": {""boundary_proximity"": NaN, ""rejection_speed"": 0.6407691950454408, ""window_span_norm"": 1.0}}"
2025-08-29 05:30:00+00:00,SIG.BEICHI.RANGE.UP,111315.42,2.963459044806128,"{""zs_index"": 15, ""score"": 2.963459044806128, ""evidences"": {""volume_price"": {""type"": ""volume_price"", ""price_new"": true, ""vol_weaker"": true, ""mom_weaker"": true}, ""momentum"": {""type"": ""momentum"", ""weaken_cnt"": 2, ""price_new"": true}, ""ratios"": {""volume_ratio"": 0.6974924205088374, ""atr_ratio"": 0.6570990012029337, ""speed_ratio"": 0.8593608682432463, ""strength_ratio"": 2.712631028719935}, ""macd"": {""type"": ""macd"", ""peak1"": 96.16122953961536, ""peak2"": 162.16086538330478, ""mode"": ""up""}}, ""context"": {""boundary_proximity"": 0.09110368318678508, ""rejection_speed"": 0.5779947248234287, ""window_span_norm"": 0.405}}"
2025-08-29 09:00:00+00:00,SIG.BEICHI.TREND.DOWN,109755.67,1.2757479933875984,"{""seg_idx"": [82, 83, 84], ""score"": 1.2757479933875984, ""evidences"": {""volume_price"": {""type"": ""volume_price"", ""price_new"": false, ""vol_weaker"": true, ""mom_weaker"": true}, ""momentum"": {""type"": ""momentum"", ""weaken_cnt"": 3, ""price_new"": false}, ""ratios"": {""volume_ratio"": 0.45941570841029916, ""atr_ratio"": 0.6186865956465283, ""speed_ratio"": 0.5689397602719599, ""strength_ratio"": 0.7869496741484008}, ""macd"": {""type"": ""macd"", ""peak1"": -275.8724625399658, ""peak2"": -178.0006429347394, ""mode"": ""down""}}, ""context"": {""boundary_proximity"": NaN, ""rejection_speed"": 0.7062466556459974, ""window_span_norm"": 0.63}}"
2025-08-29 21:00:00+00:00,SIG.BEICHI.RANGE.DOWN,107962.4,1.2627864513779423,"{""zs_index"": 15, ""score"": 1.2627864513779423, ""evidences"": {""volume_price"": {""type"": ""volume_price"", ""price_new"": true, ""vol_weaker"": false, ""mom_weaker"": false}, ""momentum"": {""type"": ""momentum"", ""weaken_cnt"": 0, ""price_new"": true}, ""ratios"": {""volume_ratio"": 1.427556490601471, ""atr_ratio"": 1.2350815622460216, ""speed_ratio"": 2.559437881449091, ""strength_ratio"": 3.1119304262910634}, ""macd"": {""type"": ""macd"", ""peak1"": -178.0006429347394, ""peak2"": -139.4029238720433, ""mode"": ""down""}}, ""context"": {""boundary_proximity"": 1.0, ""rejection_speed"": 0.011310752296570447, ""window_span_norm"": 0.14}}"
2025-09-01 05:00:00+00:00,SIG.BEICHI.TREND.DOWN,107715.74,2.995933717987021,"{""seg_idx"": [84, 85, 86], ""score"": 2.995933717987021, ""evidences"": {""volume_price"": {""type"": ""volume_price"", ""price_new"": true, ""vol_weaker"": true, ""mom_weaker"": true}, ""momentum"": {""type"": ""momentum"", ""weaken_cnt"": 3, ""price_new"": true}, ""ratios"": {""volume_ratio"": 0.8246606559808589, ""atr_ratio"": 0.8250222712231001, ""speed_ratio"": 0.8087747856785781, ""strength_ratio"": 1.162181962795766}, ""macd"": {""type"": ""macd"", ""peak1"": -178.0006429347394, ""peak2"": -137.52074797181265, ""mode"": ""down""}}, ""context"": {""boundary_proximity"": NaN, ""rejection_speed"": 0.5465561966450352, ""window_span_norm"": 0.67}}"
2025-09-01 07:00:00+00:00,SIG.BEICHI.RANGE.DOWN,108436.12,3.5401950375613134,"{""zs_index"": 16, ""score"": 3.5401950375613134, ""evidences"": {""volume_price"": {""type"": ""volume_price"", ""price_new"": true, ""vol_weaker"": false, ""mom_weaker"": true}, ""momentum"": {""type"": ""momentum"", ""weaken_cnt"": 2, ""price_new"": true}, ""ratios"": {""volume_ratio"": 1.1856106305164464, ""atr_ratio"": 1.7087179210999075, ""speed_ratio"": 2.6889397061013884, ""strength_ratio"": 0.20166072147178202}, ""macd"": {""type"": ""macd"", ""peak1"": -54.71743321622474, ""peak2"": -137.52074797181265, ""mode"": ""down""}}, ""context"": {""boundary_proximity"": 0.8036583959355224, ""rejection_speed"": 1.2107416117959604, ""window_span_norm"": 0.145}}"
2025-09-01 21:30:00+00:00,SIG.BEICHI.TREND.DOWN,107800.8,1.3399999999999999,"{""seg_idx"": [85, 86, 87], ""score"": 1.3399999999999999, ""evidences"": {""volume_price"": {""type"": ""volume_price"", ""price_new"": false, ""vol_weaker"": true, ""mom_weaker"": true}, ""momentum"": {""type"": ""momentum"", ""weaken_cnt"": 4, ""price_new"": false}, ""ratios"": {""volume_ratio"": 0.4262786949790027, ""atr_ratio"": 0.5995891328846619, ""speed_ratio"": 0.6810292291702378, ""strength_ratio"": 0.8973186152036728}, ""macd"": {""type"": ""macd"", ""peak1"": -139.4029238720433, ""peak2"": -129.34796195082015, ""mode"": ""down""}}, ""context"": {""boundary_proximity"": NaN, ""rejection_speed"": 2.479232154753382, ""window_span_norm"": 0.35}}"
2025-09-03 15:30:00+00:00,SIG.BEICHI.RANGE.UP,112222.74,1.4099289130153676,"{""zs_index"": 16, ""score"": 1.4099289130153676, ""evidences"": {""volume_price"": {""type"": ""volume_price"", ""price_new"": true, ""vol_weaker"": false, ""mom_weaker"": false}, ""momentum"": {""type"": ""momentum"", ""weaken_cnt"": 0, ""price_new"": true}, ""ratios"": {""volume_ratio"": 1.057844670978166, ""atr_ratio"": 1.2185931600877087, ""speed_ratio"": 1.5206424854540186, ""strength_ratio"": 4.551966464639489}, ""macd"": {""type"": ""macd"", ""peak1"": 173.10425822284617, ""peak2"": 117.08933637810469, ""mode"": ""up""}}, ""context"": {""boundary_proximity"": 1.0, ""rejection_speed"": 0.08321485502561306, ""window_span_norm"": 0.4}}"
2025-09-05 13:00:00+00:00,SIG.BEICHI.TREND.UP,112942.01,3.251807223222988,"{""seg_idx"": [88, 89, 90], ""score"": 3.251807223222988, ""evidences"": {""volume_price"": {""type"": ""volume_price"", ""price_new"": true, ""vol_weaker"": true, ""mom_weaker"": true}, ""momentum"": {""type"": ""momentum"", ""weaken_cnt"": 3, ""price_new"": true}, ""ratios"": {""volume_ratio"": 0.9658708726957291, ""atr_ratio"": 0.6749574558314018, ""speed_ratio"": 0.8954456761224008, ""strength_ratio"": 1.4044715744691076}, ""macd"": {""type"": ""macd"", ""peak1"": 117.08933637810469, ""peak2"": 199.8945428832479, ""mode"": ""up""}}, ""context"": {""boundary_proximity"": NaN, ""rejection_speed"": 0.7596787053716467, ""window_span_norm"": 0.99}}"
2025-09-07 07:30:00+00:00,SIG.BEICHI.RANGE.DOWN,110753.42,3.736,"{""zs_index"": 17, ""score"": 3.736, ""evidences"": {""volume_price"": {""type"": ""volume_price"", ""price_new"": true, ""vol_weaker"": true, ""mom_weaker"": true}, ""momentum"": {""type"": ""momentum"", ""weaken_cnt"": 3, ""price_new"": true}, ""ratios"": {""volume_ratio"": 0.49120437830113794, ""atr_ratio"": 0.2825153869564234, ""speed_ratio"": 0.7698517636830128, ""strength_ratio"": 0.3417439692978547}, ""macd"": {""type"": ""macd"", ""peak1"": -49.306682125745795, ""peak2"": -65.18647670556587, ""mode"": ""down""}}, ""context"": {""boundary_proximity"": 1.0, ""rejection_speed"": 1.7637176863013002, ""window_span_norm"": 0.34}}"
2025-09-10 14:00:00+00:00,SIG.BEICHI.TREND.UP,114087.96,3.28,"{""seg_idx"": [90, 91, 92], ""score"": 3.28, ""evidences"": {""volume_price"": {""type"": ""volume_price"", ""price_new"": true, ""vol_weaker"": false, ""mom_weaker"": true}, ""momentum"": {""type"": ""momentum"", ""weaken_cnt"": 3, ""price_new"": true}, ""ratios"": {""volume_ratio"": 1.2949953021484675, ""atr_ratio"": 0.8611173558154674, ""speed_ratio"": 0.8555365942896455, ""strength_ratio"": 1.8057526708696239}, ""macd"": {""type"": ""macd"", ""peak1"": 199.8945428832479, ""peak2"": 186.59697188061335, ""mode"": ""up""}}, ""context"": {""boundary_proximity"": NaN, ""rejection_speed"": 1.0403450999196437, ""window_span_norm"": 0.7}}"
2025-09-23 03:00:00+00:00,SIG.BEICHI.TREND.DOWN,112309.25,2.443569108977137,"{""seg_idx"": [94, 95, 96], ""score"": 2.443569108977137, ""evidences"": {""volume_price"": {""type"": ""volume_price"", ""price_new"": true, ""vol_weaker"": true, ""mom_weaker"": true}, ""momentum"": {""type"": ""momentum"", ""weaken_cnt"": 1, ""price_new"": true}, ""ratios"": {""volume_ratio"": 0.8555039656746753, ""atr_ratio"": 1.3244026446275394, ""speed_ratio"": 1.1662983255220325, ""strength_ratio"": 0.47457386153276754}, ""macd"": {""type"": ""macd"", ""peak1"": -124.54899983303244, ""peak2"": -199.43140161055703, ""mode"": ""down""}}, ""context"": {""boundary_proximity"": NaN, ""rejection_speed"": 0.8059485149618951, ""window_span_norm"": 0.9}}"
2025-09-29 15:00:00+00:00,SIG.BEICHI.TREND.UP,113800.01,2.7479197749914492,"{""seg_idx"": [98, 99, 100], ""score"": 2.7479197749914492, ""evidences"": {""volume_price"": {""type"": ""volume_price"", ""price_new"": true, ""vol_weaker"": false, ""mom_weaker"": true}, ""momentum"": {""type"": ""momentum"", ""weaken_cnt"": 2, ""price_new"": true}, ""ratios"": {""volume_ratio"": 1.1316568535601257, ""atr_ratio"": 0.7427019373123421, ""speed_ratio"": 1.3411466529882794, ""strength_ratio"": 0.8781129013283087}, ""macd"": {""type"": ""macd"", ""peak1"": 85.27777520373874, ""peak2"": 183.7224592139156, ""mode"": ""up""}}, ""context"": {""boundary_proximity"": NaN, ""rejection_speed"": 0.1398662916524156, ""window_span_norm"": 0.66}}"
2025-09-30 12:30:00+00:00,SIG.BEICHI.RANGE.DOWN,113002.06,1.435087779477385,"{""zs_index"": 18, ""score"": 1.435087779477385, ""evidences"": {""volume_price"": {""type"": ""volume_price"", ""price_new"": false, ""vol_weaker"": false, ""mom_weaker"": true}, ""momentum"": {""type"": ""momentum"", ""weaken_cnt"": 2, ""price_new"": false}, ""ratios"": {""volume_ratio"": 1.2129664648731204, ""atr_ratio"": 1.3607241105172632, ""speed_ratio"": 0.3985248332843717, ""strength_ratio"": 22.62769303529645}, ""macd"": {""type"": ""macd"", ""peak1"": -186.20836887497967, ""peak2"": -182.6507193811613, ""mode"": ""down""}}, ""context"": {""boundary_proximity"": 0.5494986086366596, ""rejection_speed"": 0.1756476904923155, ""window_span_norm"": 1.0}}"
2025-10-05 05:30:00+00:00,SIG.BEICHI.TREND.UP,125127.99,2.8515225995040443,"{""seg_idx"": [100, 101, 102], ""score"": 2.8515225995040443, ""evidences"": {""volume_price"": {""type"": ""volume_price"", ""price_new"": true, ""vol_weaker"": true, ""mom_weaker"": true}, ""momentum"": {""type"": ""momentum"", ""weaken_cnt"": 3, ""price_new"": true}, ""ratios"": {""volume_ratio"": 0.9108298813977382, ""atr_ratio"": 1.2184787410591988, ""speed_ratio"": 0.9188036533926923, ""strength_ratio"": 0.4665459071687294}, ""macd"": {""type"": ""macd"", ""peak1"": 183.7224592139156, ""peak2"": 306.8070215883863, ""mode"": ""up""}}, ""context"": {""boundary_proximity"": NaN, ""rejection_speed"": 0.0858709991734078, ""window_span_norm"": 1.0}}"
2025-10-06 17:00:00+00:00,SIG.BEICHI.TREND.UP,125653.56,3.4,"{""seg_idx"": [101, 102, 103], ""score"": 3.4, ""evidences"": {""volume_price"": {""type"": ""volume_price"", ""price_new"": true, ""vol_weaker"": true, ""mom_weaker"": true}, ""momentum"": {""type"": ""momentum"", ""weaken_cnt"": 2, ""price_new"": true}, ""ratios"": {""volume_ratio"": 0.9079086820393782, ""atr_ratio"": 1.068775655677519, ""speed_ratio"": 0.979829941233418, ""strength_ratio"": 1.2059709512670465}, ""macd"": {""type"": ""macd"", ""peak1"": 295.41589077289785, ""peak2"": 131.7991895068561, ""mode"": ""up""}}, ""context"": {""boundary_proximity"": NaN, ""rejection_speed"": 1.4837151346688302, ""window_span_norm"": 1.0}}"
