ts,etype,price,score,payload
2025-04-19 12:00:00+00:00,SIG.BEICHI.RANGE.UP,85191.19,1.3097050149483356,"{""zs_index"": 0, ""score"": 1.3097050149483356, ""evidences"": {""volume_price"": {""type"": ""volume_price"", ""price_new"": false, ""vol_weaker"": true, ""mom_weaker"": true}, ""momentum"": {""type"": ""momentum"", ""weaken_cnt"": 2, ""price_new"": false}, ""ratios"": {""volume_ratio"": 0.5114840496053702, ""atr_ratio"": 0.776380134912253, ""speed_ratio"": 0.5198371792428794, ""strength_ratio"": 2.177406511556808}, ""macd"": {""type"": ""macd"", ""peak1"": 416.87889441030154, ""peak2"": 27.356851176385675, ""mode"": ""up""}}, ""context"": {""boundary_proximity"": 1.0, ""rejection_speed"": 0.04950835824722581, ""window_span_norm"": 0.2}}"
2025-05-28 08:00:00+00:00,SIG.BEICHI.RANGE.UP,108870.38,1.195798685639408,"{""zs_index"": 1, ""score"": 1.195798685639408, ""evidences"": {""volume_price"": {""type"": ""volume_price"", ""price_new"": false, ""vol_weaker"": true, ""mom_weaker"": true}, ""momentum"": {""type"": ""momentum"", ""weaken_cnt"": 3, ""price_new"": false}, ""ratios"": {""volume_ratio"": 0.5458702323224094, ""atr_ratio"": 1.0907336707238737, ""speed_ratio"": 0.9084741572013141, ""strength_ratio"": 0.037939089239040116}, ""macd"": {""type"": ""macd"", ""peak1"": 519.8425385650312, ""peak2"": 126.65575070494276, ""mode"": ""up""}}, ""context"": {""boundary_proximity"": 0.90008935343705, ""rejection_speed"": 0.006241789295296518, ""window_span_norm"": 0.13}}"
2025-08-09 20:00:00+00:00,SIG.BEICHI.RANGE.DOWN,116462.25,3.444905393700582,"{""zs_index"": 2, ""score"": 3.444905393700582, ""evidences"": {""volume_price"": {""type"": ""volume_price"", ""price_new"": true, ""vol_weaker"": true, ""mom_weaker"": true}, ""momentum"": {""type"": ""momentum"", ""weaken_cnt"": 4, ""price_new"": true}, ""ratios"": {""volume_ratio"": 0.7783592303311258, ""atr_ratio"": 0.892823893573567, ""speed_ratio"": 0.9637840609826626, ""strength_ratio"": 0.11090132047778967}, ""macd"": {""type"": ""macd"", ""peak1"": -133.17525649095626, ""peak2"": -448.32517096597553, ""mode"": ""down""}}, ""context"": {""boundary_proximity"": 1.0, ""rejection_speed"": 0.5248423228343035, ""window_span_norm"": 0.325}}"
2025-08-14 08:00:00+00:00,SIG.BEICHI.RANGE.UP,120949.67,3.642,"{""zs_index"": 2, ""score"": 3.642, ""evidences"": {""volume_price"": {""type"": ""volume_price"", ""price_new"": true, ""vol_weaker"": true, ""mom_weaker"": true}, ""momentum"": {""type"": ""momentum"", ""weaken_cnt"": 2, ""price_new"": true}, ""ratios"": {""volume_ratio"": 0.9484372030573732, ""atr_ratio"": 0.7957215676987198, ""speed_ratio"": 0.9604202525297079, ""strength_ratio"": 2.5053451980115136}, ""macd"": {""type"": ""macd"", ""peak1"": 401.552600393656, ""peak2"": 297.9505545750984, ""mode"": ""up""}}, ""context"": {""boundary_proximity"": 1.0, ""rejection_speed"": 1.696304910050304, ""window_span_norm"": 0.105}}"
2025-09-07 04:00:00+00:00,SIG.BEICHI.RANGE.DOWN,110753.42,1.8699999999999999,"{""zs_index"": 3, ""score"": 1.8699999999999999, ""evidences"": {""volume_price"": {""type"": ""volume_price"", ""price_new"": false, ""vol_weaker"": true, ""mom_weaker"": true}, ""momentum"": {""type"": ""momentum"", ""weaken_cnt"": 4, ""price_new"": false}, ""ratios"": {""volume_ratio"": 0.3270613872566023, ""atr_ratio"": 0.3444428788996275, ""speed_ratio"": 0.592978885779699, ""strength_ratio"": 0.6963461480128503}, ""macd"": {""type"": ""macd"", ""peak1"": -353.1466743791872, ""peak2"": -175.22936815280934, ""mode"": ""down""}}, ""context"": {""boundary_proximity"": 1.0, ""rejection_speed"": 1.3178458465124017, ""window_span_norm"": 0.175}}"
2025-09-25 00:00:00+00:00,SIG.BEICHI.RANGE.UP,112546.21,1.7964286105806262,"{""zs_index"": 3, ""score"": 1.7964286105806262, ""evidences"": {""volume_price"": {""type"": ""volume_price"", ""price_new"": false, ""vol_weaker"": false, ""mom_weaker"": true}, ""momentum"": {""type"": ""momentum"", ""weaken_cnt"": 3, ""price_new"": false}, ""ratios"": {""volume_ratio"": 1.0752924999473208, ""atr_ratio"": 1.4681760241021884, ""speed_ratio"": 0.9199406675165793, ""strength_ratio"": 0.5626759399703631}, ""macd"": {""type"": ""macd"", ""peak1"": 237.0755323715752, ""peak2"": 196.82108268116474, ""mode"": ""up""}}, ""context"": {""boundary_proximity"": 0.8698856054481231, ""rejection_speed"": 0.8608287455195877, ""window_span_norm"": 0.395}}"
2025-09-29 08:00:00+00:00,SIG.BEICHI.RANGE.DOWN,112100.0,3.3330559700024964,"{""zs_index"": 4, ""score"": 3.3330559700024964, ""evidences"": {""volume_price"": {""type"": ""volume_price"", ""price_new"": true, ""vol_weaker"": true, ""mom_weaker"": true}, ""momentum"": {""type"": ""momentum"", ""weaken_cnt"": 2, ""price_new"": true}, ""ratios"": {""volume_ratio"": 0.6055283363520461, ""atr_ratio"": 0.5643833395201494, ""speed_ratio"": 1.0052917305345264, ""strength_ratio"": 0.474210690280536}, ""macd"": {""type"": ""macd"", ""peak1"": -385.5297219761832, ""peak2"": -266.35267724927735, ""mode"": ""down""}}, ""context"": {""boundary_proximity"": 1.0, ""rejection_speed"": 0.44509328333749454, ""window_span_norm"": 0.165}}"
