ts,etype,price,score,payload
2025-04-08 04:55:00+00:00,SIG.BEICHI.RANGE.UP,80300.0,1.3642717701327711,"{""zs_index"": 0, ""score"": 1.3642717701327711, ""evidences"": {""volume_price"": {""type"": ""volume_price"", ""price_new"": false, ""vol_weaker"": true, ""mom_weaker"": true}, ""momentum"": {""type"": ""momentum"", ""weaken_cnt"": 3, ""price_new"": false}, ""ratios"": {""volume_ratio"": 0.4017373744444746, ""atr_ratio"": 0.41355317480623727, ""speed_ratio"": 0.6332592286216611, ""strength_ratio"": 2.704490674204029}, ""macd"": {""type"": ""macd"", ""peak1"": 153.71312165045708, ""peak2"": 37.39336627126921, ""mode"": ""up""}}, ""context"": {""boundary_proximity"": 1.0, ""rejection_speed"": 0.19711961688795185, ""window_span_norm"": 0.115}}"
2025-04-09 13:05:00+00:00,SIG.BEICHI.RANGE.DOWN,76859.29,1.4063752639806906,"{""zs_index"": 1, ""score"": 1.4063752639806906, ""evidences"": {""volume_price"": {""type"": ""volume_price"", ""price_new"": false, ""vol_weaker"": false, ""mom_weaker"": false}, ""momentum"": {""type"": ""momentum"", ""weaken_cnt"": 0, ""price_new"": false}, ""ratios"": {""volume_ratio"": 1.7102654982042031, ""atr_ratio"": 1.5854461670706206, ""speed_ratio"": 1.0689752620766113, ""strength_ratio"": 12.11163584926571}, ""macd"": {""type"": ""macd"", ""peak1"": -188.30156456132792, ""peak2"": -111.63150449825527, ""mode"": ""down""}}, ""context"": {""boundary_proximity"": 0.6093728028432498, ""rejection_speed"": 0.3245859704579014, ""window_span_norm"": 0.615}}"
2025-04-09 21:20:00+00:00,SIG.BEICHI.RANGE.UP,83392.02,2.5630045843846605,"{""zs_index"": 1, ""score"": 2.5630045843846605, ""evidences"": {""volume_price"": {""type"": ""volume_price"", ""price_new"": true, ""vol_weaker"": false, ""mom_weaker"": true}, ""momentum"": {""type"": ""momentum"", ""weaken_cnt"": 1, ""price_new"": true}, ""ratios"": {""volume_ratio"": 2.7464275377690752, ""atr_ratio"": 1.4330693630522653, ""speed_ratio"": 1.2953875207369683, ""strength_ratio"": 0.9220585517254305}, ""macd"": {""type"": ""macd"", ""peak1"": 21.477434733839118, ""peak2"": 357.3772521011223, ""mode"": ""up""}}, ""context"": {""boundary_proximity"": 1.0, ""rejection_speed"": 0.31500764064110054, ""window_span_norm"": 0.435}}"
2025-04-11 08:00:00+00:00,SIG.BEICHI.RANGE.DOWN,81208.79,4.0,"{""zs_index"": 2, ""score"": 4.0, ""evidences"": {""volume_price"": {""type"": ""volume_price"", ""price_new"": true, ""vol_weaker"": true, ""mom_weaker"": true}, ""momentum"": {""type"": ""momentum"", ""weaken_cnt"": 3, ""price_new"": true}, ""ratios"": {""volume_ratio"": 0.43584833194054917, ""atr_ratio"": 0.4715936405996917, ""speed_ratio"": 0.6020736520336328, ""strength_ratio"": 0.11276773636023546}, ""macd"": {""type"": ""macd"", ""peak1"": -82.50642882013041, ""peak2"": -236.21136218958992, ""mode"": ""down""}}, ""context"": {""boundary_proximity"": 1.0, ""rejection_speed"": 1.2074800650441062, ""window_span_norm"": 1.0}}"
2025-04-13 01:30:00+00:00,SIG.BEICHI.RANGE.UP,85640.21,3.5788868026460294,"{""zs_index"": 2, ""score"": 3.5788868026460294, ""evidences"": {""volume_price"": {""type"": ""volume_price"", ""price_new"": true, ""vol_weaker"": true, ""mom_weaker"": true}, ""momentum"": {""type"": ""momentum"", ""weaken_cnt"": 2, ""price_new"": true}, ""ratios"": {""volume_ratio"": 0.6479440401396703, ""atr_ratio"": 0.5155833660944991, ""speed_ratio"": 0.9262409811012046, ""strength_ratio"": 1.279183951875197}, ""macd"": {""type"": ""macd"", ""peak1"": 78.16946963090749, ""peak2"": 110.66845325212742, ""mode"": ""up""}}, ""context"": {""boundary_proximity"": 1.0, ""rejection_speed"": 0.29814467107671583, ""window_span_norm"": 1.0}}"
2025-04-20 11:55:00+00:00,SIG.BEICHI.RANGE.DOWN,84129.83,1.5682834879810474,"{""zs_index"": 3, ""score"": 1.5682834879810474, ""evidences"": {""volume_price"": {""type"": ""volume_price"", ""price_new"": false, ""vol_weaker"": true, ""mom_weaker"": true}, ""momentum"": {""type"": ""momentum"", ""weaken_cnt"": 2, ""price_new"": false}, ""ratios"": {""volume_ratio"": 0.3847509777221036, ""atr_ratio"": 0.6067191203158337, ""speed_ratio"": 0.814917289998535, ""strength_ratio"": 3.1488181210811916}, ""macd"": {""type"": ""macd"", ""peak1"": -60.30051431007895, ""peak2"": -13.24801615467193, ""mode"": ""down""}}, ""context"": {""boundary_proximity"": 0.5438058133017456, ""rejection_speed"": 1.0039708010140027, ""window_span_norm"": 0.105}}"
2025-05-06 13:35:00+00:00,SIG.BEICHI.RANGE.DOWN,93832.02,1.4071591902145748,"{""zs_index"": 4, ""score"": 1.4071591902145748, ""evidences"": {""volume_price"": {""type"": ""volume_price"", ""price_new"": false, ""vol_weaker"": false, ""mom_weaker"": true}, ""momentum"": {""type"": ""momentum"", ""weaken_cnt"": 2, ""price_new"": false}, ""ratios"": {""volume_ratio"": 1.150267041222354, ""atr_ratio"": 1.0910193703000113, ""speed_ratio"": 1.3880090588051457, ""strength_ratio"": 0.44020759410135807}, ""macd"": {""type"": ""macd"", ""peak1"": -20.04531485966905, ""peak2"": -7.195949424558769, ""mode"": ""down""}}, ""context"": {""boundary_proximity"": 0.42237926005273363, ""rejection_speed"": 0.8528860569715576, ""window_span_norm"": 0.105}}"
2025-05-06 22:40:00+00:00,SIG.BEICHI.RANGE.DOWN,96037.81,3.551160708893272,"{""zs_index"": 5, ""score"": 3.551160708893272, ""evidences"": {""volume_price"": {""type"": ""volume_price"", ""price_new"": true, ""vol_weaker"": false, ""mom_weaker"": true}, ""momentum"": {""type"": ""momentum"", ""weaken_cnt"": 2, ""price_new"": true}, ""ratios"": {""volume_ratio"": 2.2409288908455225, ""atr_ratio"": 1.0418956087390079, ""speed_ratio"": 1.2450667481335624, ""strength_ratio"": 0.02526351250751344}, ""macd"": {""type"": ""macd"", ""peak1"": -43.40890635199293, ""peak2"": -77.56191055525186, ""mode"": ""down""}}, ""context"": {""boundary_proximity"": 0.2519345148221198, ""rejection_speed"": 1.5543775355977663, ""window_span_norm"": 1.0}}"
2025-05-08 21:25:00+00:00,SIG.BEICHI.RANGE.UP,103300.64,3.0648794955224834,"{""zs_index"": 5, ""score"": 3.0648794955224834, ""evidences"": {""volume_price"": {""type"": ""volume_price"", ""price_new"": true, ""vol_weaker"": false, ""mom_weaker"": true}, ""momentum"": {""type"": ""momentum"", ""weaken_cnt"": 1, ""price_new"": true}, ""ratios"": {""volume_ratio"": 1.2954846580320465, ""atr_ratio"": 0.9055024877190608, ""speed_ratio"": 1.5266156889575022, ""strength_ratio"": 2.410285934713869}, ""macd"": {""type"": ""macd"", ""peak1"": -9.496098162179578, ""peak2"": 184.5661581642787, ""mode"": ""up""}}, ""context"": {""boundary_proximity"": 1.0, ""rejection_speed"": 0.7747991592041386, ""window_span_norm"": 1.0}}"
2025-05-12 14:15:00+00:00,SIG.BEICHI.RANGE.UP,104059.99,3.026041147452032,"{""zs_index"": 6, ""score"": 3.026041147452032, ""evidences"": {""volume_price"": {""type"": ""volume_price"", ""price_new"": true, ""vol_weaker"": false, ""mom_weaker"": true}, ""momentum"": {""type"": ""momentum"", ""weaken_cnt"": 2, ""price_new"": true}, ""ratios"": {""volume_ratio"": 1.3738421070275362, ""atr_ratio"": 1.3476883302838745, ""speed_ratio"": 1.1632179807349812, ""strength_ratio"": 0.01669246861663606}, ""macd"": {""type"": ""macd"", ""peak1"": 47.77187677756636, ""peak2"": 35.27634392820413, ""mode"": ""up""}}, ""context"": {""boundary_proximity"": 0.5870795024330173, ""rejection_speed"": 0.41298907665370327, ""window_span_norm"": 0.065}}"
2025-05-19 14:45:00+00:00,SIG.BEICHI.RANGE.DOWN,103963.88,2.998170911553027,"{""zs_index"": 8, ""score"": 2.998170911553027, ""evidences"": {""volume_price"": {""type"": ""volume_price"", ""price_new"": true, ""vol_weaker"": true, ""mom_weaker"": true}, ""momentum"": {""type"": ""momentum"", ""weaken_cnt"": 1, ""price_new"": true}, ""ratios"": {""volume_ratio"": 0.8264718349827375, ""atr_ratio"": 0.7728370827114146, ""speed_ratio"": 1.0465091808647606, ""strength_ratio"": 1.7897311554624107}, ""macd"": {""type"": ""macd"", ""peak1"": -62.797456131472586, ""peak2"": -71.78935559354824, ""mode"": ""down""}}, ""context"": {""boundary_proximity"": 0.9988092041658992, ""rejection_speed"": 0.8248089817558123, ""window_span_norm"": 0.76}}"
2025-05-20 01:55:00+00:00,SIG.BEICHI.RANGE.UP,106450.0,1.6899252417376274,"{""zs_index"": 8, ""score"": 1.6899252417376274, ""evidences"": {""volume_price"": {""type"": ""volume_price"", ""price_new"": false, ""vol_weaker"": true, ""mom_weaker"": true}, ""momentum"": {""type"": ""momentum"", ""weaken_cnt"": 2, ""price_new"": false}, ""ratios"": {""volume_ratio"": 0.4239902268447648, ""atr_ratio"": 0.8994324126245328, ""speed_ratio"": 0.9510725616322793, ""strength_ratio"": 3.855751194841345}, ""macd"": {""type"": ""macd"", ""peak1"": 79.22779085943648, ""peak2"": 48.13974266841696, ""mode"": ""up""}}, ""context"": {""boundary_proximity"": 1.0, ""rejection_speed"": 0.7365420695627123, ""window_span_norm"": 0.12}}"
2025-05-27 20:55:00+00:00,SIG.BEICHI.RANGE.UP,109551.69,1.4350546324617504,"{""zs_index"": 9, ""score"": 1.4350546324617504, ""evidences"": {""volume_price"": {""type"": ""volume_price"", ""price_new"": false, ""vol_weaker"": true, ""mom_weaker"": true}, ""momentum"": {""type"": ""momentum"", ""weaken_cnt"": 4, ""price_new"": false}, ""ratios"": {""volume_ratio"": 0.34093670437090223, ""atr_ratio"": 0.680457963503361, ""speed_ratio"": 0.4712439521711989, ""strength_ratio"": 0.5157520589404411}, ""macd"": {""type"": ""macd"", ""peak1"": 101.80882568694952, ""peak2"": 89.66052922756683, ""mode"": ""up""}}, ""context"": {""boundary_proximity"": 0.0884243874362507, ""rejection_speed"": 1.4500580107583236, ""window_span_norm"": 0.455}}"
2025-05-29 14:35:00+00:00,SIG.BEICHI.RANGE.DOWN,107148.98,3.57570541823499,"{""zs_index"": 9, ""score"": 3.57570541823499, ""evidences"": {""volume_price"": {""type"": ""volume_price"", ""price_new"": true, ""vol_weaker"": true, ""mom_weaker"": true}, ""momentum"": {""type"": ""momentum"", ""weaken_cnt"": 2, ""price_new"": true}, ""ratios"": {""volume_ratio"": 0.6660682310426077, ""atr_ratio"": 0.7792364319126592, ""speed_ratio"": 0.84499989841006, ""strength_ratio"": 6.932794331546906}, ""macd"": {""type"": ""macd"", ""peak1"": -135.1498764096155, ""peak2"": -112.092843798893, ""mode"": ""down""}}, ""context"": {""boundary_proximity"": 1.0, ""rejection_speed"": 0.29284236372498296, ""window_span_norm"": 1.0}}"
2025-06-15 21:55:00+00:00,SIG.BEICHI.RANGE.DOWN,104807.75,0.9366615403424048,"{""zs_index"": 10, ""score"": 0.9366615403424048, ""evidences"": {""volume_price"": {""type"": ""volume_price"", ""price_new"": false, ""vol_weaker"": true, ""mom_weaker"": true}, ""momentum"": {""type"": ""momentum"", ""weaken_cnt"": 2, ""price_new"": false}, ""ratios"": {""volume_ratio"": 0.45260859899834355, ""atr_ratio"": 0.6773760615553218, ""speed_ratio"": 0.7257866082160537, ""strength_ratio"": 45.48267205825617}, ""macd"": {""type"": ""macd"", ""peak1"": -50.49589594157936, ""peak2"": 9.00299452114092, ""mode"": ""down""}}, ""context"": {""boundary_proximity"": 0.013473406622699358, ""rejection_speed"": 0.49429582728130866, ""window_span_norm"": 0.08}}"
2025-06-16 04:50:00+00:00,SIG.BEICHI.RANGE.DOWN,106254.67,3.2261237047341647,"{""zs_index"": 11, ""score"": 3.2261237047341647, ""evidences"": {""volume_price"": {""type"": ""volume_price"", ""price_new"": true, ""vol_weaker"": true, ""mom_weaker"": true}, ""momentum"": {""type"": ""momentum"", ""weaken_cnt"": 4, ""price_new"": true}, ""ratios"": {""volume_ratio"": 0.21373363489584093, ""atr_ratio"": 0.3576719697912133, ""speed_ratio"": 0.613554626337507, ""strength_ratio"": 0.005755839459752696}, ""macd"": {""type"": ""macd"", ""peak1"": -103.74133619669516, ""peak2"": -230.63887785640947, ""mode"": ""down""}}, ""context"": {""boundary_proximity"": 0.34862706978170344, ""rejection_speed"": 0.3615791047752384, ""window_span_norm"": 1.0}}"
2025-06-16 23:25:00+00:00,SIG.BEICHI.RANGE.UP,107575.68,0.8891206888670317,"{""zs_index"": 11, ""score"": 0.8891206888670317, ""evidences"": {""volume_price"": {""type"": ""volume_price"", ""price_new"": false, ""vol_weaker"": false, ""mom_weaker"": false}, ""momentum"": {""type"": ""momentum"", ""weaken_cnt"": 1, ""price_new"": false}, ""ratios"": {""volume_ratio"": 1.330638330281073, ""atr_ratio"": 2.029672394002351, ""speed_ratio"": 1.4341385536511537, ""strength_ratio"": 4.669576585431356}, ""macd"": {""type"": ""macd"", ""peak1"": 59.61205704865159, ""peak2"": -48.061263260093, ""mode"": ""up""}}, ""context"": {""boundary_proximity"": 0.08521656957708079, ""rejection_speed"": 0.1099845785346385, ""window_span_norm"": 0.43}}"
2025-06-20 14:35:00+00:00,SIG.BEICHI.RANGE.UP,105439.82,3.5036298336288563,"{""zs_index"": 12, ""score"": 3.5036298336288563, ""evidences"": {""volume_price"": {""type"": ""volume_price"", ""price_new"": true, ""vol_weaker"": false, ""mom_weaker"": true}, ""momentum"": {""type"": ""momentum"", ""weaken_cnt"": 2, ""price_new"": true}, ""ratios"": {""volume_ratio"": 1.6008963552455129, ""atr_ratio"": 0.8539135919803811, ""speed_ratio"": 1.9435518081705145, ""strength_ratio"": 0.08028862604278687}, ""macd"": {""type"": ""macd"", ""peak1"": 47.559319674641976, ""peak2"": 111.85005918116042, ""mode"": ""up""}}, ""context"": {""boundary_proximity"": 1.0, ""rejection_speed"": 0.5260497227147598, ""window_span_norm"": 0.47}}"
2025-06-20 17:35:00+00:00,SIG.BEICHI.RANGE.DOWN,102529.57,2.838,"{""zs_index"": 12, ""score"": 2.838, ""evidences"": {""volume_price"": {""type"": ""volume_price"", ""price_new"": true, ""vol_weaker"": false, ""mom_weaker"": true}, ""momentum"": {""type"": ""momentum"", ""weaken_cnt"": 1, ""price_new"": true}, ""ratios"": {""volume_ratio"": 1.246687968287524, ""atr_ratio"": 0.8366830086019702, ""speed_ratio"": 1.5668109958715304, ""strength_ratio"": 1.4407764041602287}, ""macd"": {""type"": ""macd"", ""peak1"": -47.886082181460665, ""peak2"": -87.74941879773644, ""mode"": ""down""}}, ""context"": {""boundary_proximity"": 1.0, ""rejection_speed"": 1.6168388628633745, ""window_span_norm"": 0.095}}"
2025-06-23 17:25:00+00:00,SIG.BEICHI.RANGE.DOWN,102080.74,1.998441139353912,"{""zs_index"": 13, ""score"": 1.998441139353912, ""evidences"": {""volume_price"": {""type"": ""volume_price"", ""price_new"": false, ""vol_weaker"": false, ""mom_weaker"": false}, ""momentum"": {""type"": ""momentum"", ""weaken_cnt"": 0, ""price_new"": false}, ""ratios"": {""volume_ratio"": 1.3750673648272937, ""atr_ratio"": 1.5260301732818369, ""speed_ratio"": 1.5603821760555463, ""strength_ratio"": 40.223935068880984}, ""macd"": {""type"": ""macd"", ""peak1"": -250.47933180910866, ""peak2"": -166.01405510001808, ""mode"": ""down""}}, ""context"": {""boundary_proximity"": 0.6640685655898539, ""rejection_speed"": 1.366573804398315, ""window_span_norm"": 1.0}}"
2025-08-19 01:45:00+00:00,SIG.BEICHI.RANGE.UP,115909.88,1.5156957302132739,"{""zs_index"": 14, ""score"": 1.5156957302132739, ""evidences"": {""volume_price"": {""type"": ""volume_price"", ""price_new"": false, ""vol_weaker"": true, ""mom_weaker"": false}, ""momentum"": {""type"": ""momentum"", ""weaken_cnt"": 0, ""price_new"": false}, ""ratios"": {""volume_ratio"": 0.6217504774950562, ""atr_ratio"": 1.0863059835588098, ""speed_ratio"": 1.0858639360221756, ""strength_ratio"": 56.69388124595461}, ""macd"": {""type"": ""macd"", ""peak1"": 210.7830407601063, ""peak2"": 76.31089543709194, ""mode"": ""up""}}, ""context"": {""boundary_proximity"": 0.38999843825424163, ""rejection_speed"": 0.4694944454345483, ""window_span_norm"": 1.0}}"
2025-08-22 14:30:00+00:00,SIG.BEICHI.RANGE.DOWN,115450.96,3.4382283412399985,"{""zs_index"": 14, ""score"": 3.4382283412399985, ""evidences"": {""volume_price"": {""type"": ""volume_price"", ""price_new"": true, ""vol_weaker"": false, ""mom_weaker"": true}, ""momentum"": {""type"": ""momentum"", ""weaken_cnt"": 3, ""price_new"": true}, ""ratios"": {""volume_ratio"": 1.1922168692270658, ""atr_ratio"": 0.9692089258543924, ""speed_ratio"": 1.1847362206619683, ""strength_ratio"": 0.03641887822031265}, ""macd"": {""type"": ""macd"", ""peak1"": -75.84507206625639, ""peak2"": -127.73124710966954, ""mode"": ""down""}}, ""context"": {""boundary_proximity"": 0.3157798525457465, ""rejection_speed"": 0.7479340495209179, ""window_span_norm"": 1.0}}"
2025-09-02 13:35:00+00:00,SIG.BEICHI.RANGE.DOWN,110053.01,1.7853436045081903,"{""zs_index"": 15, ""score"": 1.7853436045081903, ""evidences"": {""volume_price"": {""type"": ""volume_price"", ""price_new"": false, ""vol_weaker"": false, ""mom_weaker"": false}, ""momentum"": {""type"": ""momentum"", ""weaken_cnt"": 1, ""price_new"": false}, ""ratios"": {""volume_ratio"": 2.44385139077537, ""atr_ratio"": 1.4487645746988849, ""speed_ratio"": 1.773960205289409, ""strength_ratio"": 11.379929988739839}, ""macd"": {""type"": ""macd"", ""peak1"": -199.23541073711627, ""peak2"": -101.15019305609843, ""mode"": ""down""}}, ""context"": {""boundary_proximity"": 0.3089060075136508, ""rejection_speed"": 1.9824203538181757, ""window_span_norm"": 1.0}}"
