ts,etype,price,score,payload
2025-03-29 17:15:00+00:00,SIG.BEICHI.TREND.DOWN,81831.67,3.4,"{""seg_idx"": [0, 1, 2], ""score"": 3.4, ""evidences"": {""volume_price"": {""type"": ""volume_price"", ""price_new"": true, ""vol_weaker"": true, ""mom_weaker"": true}, ""momentum"": {""type"": ""momentum"", ""weaken_cnt"": 2, ""price_new"": true}, ""ratios"": {""volume_ratio"": 0.9225944902365846, ""atr_ratio"": 0.9927715044876936, ""speed_ratio"": 0.91956423315167, ""strength_ratio"": 1.5465414498173098}, ""macd"": {""type"": ""macd"", ""peak1"": -86.88261753278417, ""peak2"": -104.87627972884141, ""mode"": ""down""}}, ""context"": {""boundary_proximity"": NaN, ""rejection_speed"": 2.4044471356006913, ""window_span_norm"": 1.0}}"
2025-04-02 20:15:00+00:00,SIG.BEICHI.TREND.UP,87922.0,2.6,"{""seg_idx"": [4, 5, 6], ""score"": 2.6, ""evidences"": {""volume_price"": {""type"": ""volume_price"", ""price_new"": true, ""vol_weaker"": false, ""mom_weaker"": true}, ""momentum"": {""type"": ""momentum"", ""weaken_cnt"": 1, ""price_new"": true}, ""ratios"": {""volume_ratio"": 1.4919704007420471, ""atr_ratio"": 1.303086751842947, ""speed_ratio"": 1.2224209241701531, ""strength_ratio"": 0.9243059644190096}, ""macd"": {""type"": ""macd"", ""peak1"": 88.14010120630846, ""peak2"": 201.03726883846156, ""mode"": ""up""}}, ""context"": {""boundary_proximity"": NaN, ""rejection_speed"": 3.059342985338232, ""window_span_norm"": 1.0}}"
2025-04-07 04:50:00+00:00,SIG.BEICHI.TREND.DOWN,76820.4,2.6676395419537666,"{""seg_idx"": [12, 13, 14], ""score"": 2.6676395419537666, ""evidences"": {""volume_price"": {""type"": ""volume_price"", ""price_new"": true, ""vol_weaker"": true, ""mom_weaker"": true}, ""momentum"": {""type"": ""momentum"", ""weaken_cnt"": 2, ""price_new"": true}, ""ratios"": {""volume_ratio"": 0.6617786090235855, ""atr_ratio"": 0.7601062511603867, ""speed_ratio"": 1.0042485303874162, ""strength_ratio"": 0.7149482969596312}, ""macd"": {""type"": ""macd"", ""peak1"": -110.94616742860069, ""peak2"": -118.00622475072423, ""mode"": ""down""}}, ""context"": {""boundary_proximity"": NaN, ""rejection_speed"": 0.039399236589611836, ""window_span_norm"": 0.61}}"
2025-04-07 12:30:00+00:00,SIG.BEICHI.TREND.UP,77171.99,1.416,"{""seg_idx"": [13, 14, 15], ""score"": 1.416, ""evidences"": {""volume_price"": {""type"": ""volume_price"", ""price_new"": false, ""vol_weaker"": true, ""mom_weaker"": true}, ""momentum"": {""type"": ""momentum"", ""weaken_cnt"": 4, ""price_new"": false}, ""ratios"": {""volume_ratio"": 0.8548485192356085, ""atr_ratio"": 0.6876496584049394, ""speed_ratio"": 0.6936282181941809, ""strength_ratio"": 0.35925990911148253}, ""macd"": {""type"": ""macd"", ""peak1"": 162.72060113246758, ""peak2"": 91.91702520215296, ""mode"": ""up""}}, ""context"": {""boundary_proximity"": NaN, ""rejection_speed"": 1.115633814933363, ""window_span_norm"": 0.54}}"
2025-04-07 16:55:00+00:00,SIG.BEICHI.TREND.DOWN,77434.01,1.404,"{""seg_idx"": [14, 15, 16], ""score"": 1.404, ""evidences"": {""volume_price"": {""type"": ""volume_price"", ""price_new"": false, ""vol_weaker"": true, ""mom_weaker"": false}, ""momentum"": {""type"": ""momentum"", ""weaken_cnt"": 1, ""price_new"": false}, ""ratios"": {""volume_ratio"": 0.9837394838296633, ""atr_ratio"": 1.373402572009922, ""speed_ratio"": 1.1062715361087798, ""strength_ratio"": 1.315581955682976}, ""macd"": {""type"": ""macd"", ""peak1"": -118.00622475072423, ""peak2"": -113.81908876770562, ""mode"": ""down""}}, ""context"": {""boundary_proximity"": NaN, ""rejection_speed"": 1.0051236883154375, ""window_span_norm"": 0.51}}"
2025-04-08 02:10:00+00:00,SIG.BEICHI.TREND.UP,80660.0,3.260426832273631,"{""seg_idx"": [15, 16, 17], ""score"": 3.260426832273631, ""evidences"": {""volume_price"": {""type"": ""volume_price"", ""price_new"": true, ""vol_weaker"": true, ""mom_weaker"": true}, ""momentum"": {""type"": ""momentum"", ""weaken_cnt"": 2, ""price_new"": true}, ""ratios"": {""volume_ratio"": 0.5784160208125728, ""atr_ratio"": 0.7651649349404498, ""speed_ratio"": 0.7574045289017668, ""strength_ratio"": 1.3735001553313404}, ""macd"": {""type"": ""macd"", ""peak1"": 91.91702520215296, ""peak2"": 153.71312165045708, ""mode"": ""up""}}, ""context"": {""boundary_proximity"": NaN, ""rejection_speed"": 0.7673780537893855, ""window_span_norm"": 1.0}}"
2025-04-08 04:55:00+00:00,SIG.BEICHI.RANGE.UP,80300.0,1.3642717701327711,"{""zs_index"": 0, ""score"": 1.3642717701327711, ""evidences"": {""volume_price"": {""type"": ""volume_price"", ""price_new"": false, ""vol_weaker"": true, ""mom_weaker"": true}, ""momentum"": {""type"": ""momentum"", ""weaken_cnt"": 3, ""price_new"": false}, ""ratios"": {""volume_ratio"": 0.4017373744444746, ""atr_ratio"": 0.41355317480623727, ""speed_ratio"": 0.6332592286216611, ""strength_ratio"": 2.704490674204029}, ""macd"": {""type"": ""macd"", ""peak1"": 153.71312165045708, ""peak2"": 37.39336627126921, ""mode"": ""up""}}, ""context"": {""boundary_proximity"": 1.0, ""rejection_speed"": 0.19711961688795185, ""window_span_norm"": 0.115}}"
2025-04-08 05:25:00+00:00,SIG.BEICHI.TREND.DOWN,79598.01,1.1787900109627663,"{""seg_idx"": [16, 17, 18], ""score"": 1.1787900109627663, ""evidences"": {""volume_price"": {""type"": ""volume_price"", ""price_new"": false, ""vol_weaker"": true, ""mom_weaker"": true}, ""momentum"": {""type"": ""momentum"", ""weaken_cnt"": 4, ""price_new"": false}, ""ratios"": {""volume_ratio"": 0.4262743700090101, ""atr_ratio"": 0.45357907862915303, ""speed_ratio"": 0.5345370464736483, ""strength_ratio"": 0.5276879084167816}, ""macd"": {""type"": ""macd"", ""peak1"": -113.81908876770562, ""peak2"": -93.30788414693339, ""mode"": ""down""}}, ""context"": {""boundary_proximity"": NaN, ""rejection_speed"": 0.5979833516046104, ""window_span_norm"": 0.55}}"
2025-04-09 01:25:00+00:00,SIG.BEICHI.TREND.DOWN,74690.57,2.6,"{""seg_idx"": [18, 19, 20], ""score"": 2.6, ""evidences"": {""volume_price"": {""type"": ""volume_price"", ""price_new"": true, ""vol_weaker"": false, ""mom_weaker"": true}, ""momentum"": {""type"": ""momentum"", ""weaken_cnt"": 1, ""price_new"": true}, ""ratios"": {""volume_ratio"": 1.8009896999264658, ""atr_ratio"": 1.3738833858828432, ""speed_ratio"": 1.3998020286467758, ""strength_ratio"": 0.8969479727947325}, ""macd"": {""type"": ""macd"", ""peak1"": -93.30788414693339, ""peak2"": -188.30156456132792, ""mode"": ""down""}}, ""context"": {""boundary_proximity"": NaN, ""rejection_speed"": 1.692974892927072, ""window_span_norm"": 1.0}}"
2025-04-09 11:40:00+00:00,SIG.BEICHI.TREND.DOWN,75952.72,1.10474861268351,"{""seg_idx"": [20, 21, 22], ""score"": 1.10474861268351, ""evidences"": {""volume_price"": {""type"": ""volume_price"", ""price_new"": false, ""vol_weaker"": false, ""mom_weaker"": true}, ""momentum"": {""type"": ""momentum"", ""weaken_cnt"": 2, ""price_new"": false}, ""ratios"": {""volume_ratio"": 1.1064165496102085, ""atr_ratio"": 0.9116149164066355, ""speed_ratio"": 1.01371868476745, ""strength_ratio"": 1.1789326758730678}, ""macd"": {""type"": ""macd"", ""peak1"": -188.30156456132792, ""peak2"": -111.63150449825527, ""mode"": ""down""}}, ""context"": {""boundary_proximity"": NaN, ""rejection_speed"": 0.17458102113918342, ""window_span_norm"": 1.0}}"
2025-04-09 13:05:00+00:00,SIG.BEICHI.RANGE.DOWN,76859.29,1.4063752639806906,"{""zs_index"": 1, ""score"": 1.4063752639806906, ""evidences"": {""volume_price"": {""type"": ""volume_price"", ""price_new"": false, ""vol_weaker"": false, ""mom_weaker"": false}, ""momentum"": {""type"": ""momentum"", ""weaken_cnt"": 0, ""price_new"": false}, ""ratios"": {""volume_ratio"": 1.7102654982042031, ""atr_ratio"": 1.5854461670706206, ""speed_ratio"": 1.0689752620766113, ""strength_ratio"": 12.11163584926571}, ""macd"": {""type"": ""macd"", ""peak1"": -188.30156456132792, ""peak2"": -111.63150449825527, ""mode"": ""down""}}, ""context"": {""boundary_proximity"": 0.6093728028432498, ""rejection_speed"": 0.3245859704579014, ""window_span_norm"": 0.615}}"
2025-04-09 13:40:00+00:00,SIG.BEICHI.TREND.UP,77240.0,0.9100887536805267,"{""seg_idx"": [21, 22, 23], ""score"": 0.9100887536805267, ""evidences"": {""volume_price"": {""type"": ""volume_price"", ""price_new"": false, ""vol_weaker"": false, ""mom_weaker"": true}, ""momentum"": {""type"": ""momentum"", ""weaken_cnt"": 3, ""price_new"": false}, ""ratios"": {""volume_ratio"": 1.1486943624300938, ""atr_ratio"": 0.9640341133841022, ""speed_ratio"": 1.5209197574480215, ""strength_ratio"": 0.9382605059200383}, ""macd"": {""type"": ""macd"", ""peak1"": 158.35251308458518, ""peak2"": 109.61409199612723, ""mode"": ""up""}}, ""context"": {""boundary_proximity"": NaN, ""rejection_speed"": 0.12348125613421125, ""window_span_norm"": 0.5900000000000001}}"
2025-04-09 21:20:00+00:00,SIG.BEICHI.RANGE.UP,83392.02,2.5630045843846605,"{""zs_index"": 1, ""score"": 2.5630045843846605, ""evidences"": {""volume_price"": {""type"": ""volume_price"", ""price_new"": true, ""vol_weaker"": false, ""mom_weaker"": true}, ""momentum"": {""type"": ""momentum"", ""weaken_cnt"": 1, ""price_new"": true}, ""ratios"": {""volume_ratio"": 2.7464275377690752, ""atr_ratio"": 1.4330693630522653, ""speed_ratio"": 1.2953875207369683, ""strength_ratio"": 0.9220585517254305}, ""macd"": {""type"": ""macd"", ""peak1"": 21.477434733839118, ""peak2"": 357.3772521011223, ""mode"": ""up""}}, ""context"": {""boundary_proximity"": 1.0, ""rejection_speed"": 0.31500764064110054, ""window_span_norm"": 0.435}}"
2025-04-11 08:00:00+00:00,SIG.BEICHI.RANGE.DOWN,81208.79,4.0,"{""zs_index"": 2, ""score"": 4.0, ""evidences"": {""volume_price"": {""type"": ""volume_price"", ""price_new"": true, ""vol_weaker"": true, ""mom_weaker"": true}, ""momentum"": {""type"": ""momentum"", ""weaken_cnt"": 3, ""price_new"": true}, ""ratios"": {""volume_ratio"": 0.43584833194054917, ""atr_ratio"": 0.4715936405996917, ""speed_ratio"": 0.6020736520336328, ""strength_ratio"": 0.11276773636023546}, ""macd"": {""type"": ""macd"", ""peak1"": -82.50642882013041, ""peak2"": -236.21136218958992, ""mode"": ""down""}}, ""context"": {""boundary_proximity"": 1.0, ""rejection_speed"": 1.2074800650441062, ""window_span_norm"": 1.0}}"
2025-04-13 01:30:00+00:00,SIG.BEICHI.RANGE.UP,85640.21,3.5788868026460294,"{""zs_index"": 2, ""score"": 3.5788868026460294, ""evidences"": {""volume_price"": {""type"": ""volume_price"", ""price_new"": true, ""vol_weaker"": true, ""mom_weaker"": true}, ""momentum"": {""type"": ""momentum"", ""weaken_cnt"": 2, ""price_new"": true}, ""ratios"": {""volume_ratio"": 0.6479440401396703, ""atr_ratio"": 0.5155833660944991, ""speed_ratio"": 0.9262409811012046, ""strength_ratio"": 1.279183951875197}, ""macd"": {""type"": ""macd"", ""peak1"": 78.16946963090749, ""peak2"": 110.66845325212742, ""mode"": ""up""}}, ""context"": {""boundary_proximity"": 1.0, ""rejection_speed"": 0.29814467107671583, ""window_span_norm"": 1.0}}"
2025-04-20 11:55:00+00:00,SIG.BEICHI.RANGE.DOWN,84129.83,1.5682834879810474,"{""zs_index"": 3, ""score"": 1.5682834879810474, ""evidences"": {""volume_price"": {""type"": ""volume_price"", ""price_new"": false, ""vol_weaker"": true, ""mom_weaker"": true}, ""momentum"": {""type"": ""momentum"", ""weaken_cnt"": 2, ""price_new"": false}, ""ratios"": {""volume_ratio"": 0.3847509777221036, ""atr_ratio"": 0.6067191203158337, ""speed_ratio"": 0.814917289998535, ""strength_ratio"": 3.1488181210811916}, ""macd"": {""type"": ""macd"", ""peak1"": -60.30051431007895, ""peak2"": -13.24801615467193, ""mode"": ""down""}}, ""context"": {""boundary_proximity"": 0.5438058133017456, ""rejection_speed"": 1.0039708010140027, ""window_span_norm"": 0.105}}"
2025-04-23 17:10:00+00:00,SIG.BEICHI.TREND.UP,93863.63,2.106537326022789,"{""seg_idx"": [34, 35, 36], ""score"": 2.106537326022789, ""evidences"": {""volume_price"": {""type"": ""volume_price"", ""price_new"": true, ""vol_weaker"": true, ""mom_weaker"": false}, ""momentum"": {""type"": ""momentum"", ""weaken_cnt"": 1, ""price_new"": true}, ""ratios"": {""volume_ratio"": 0.9604248304264019, ""atr_ratio"": 1.5831902243233682, ""speed_ratio"": 1.6777761288186515, ""strength_ratio"": 2.0740365384548953}, ""macd"": {""type"": ""macd"", ""peak1"": 215.27053235222863, ""peak2"": 118.80498265921086, ""mode"": ""up""}}, ""context"": {""boundary_proximity"": NaN, ""rejection_speed"": 0.17756221003798198, ""window_span_norm"": 1.0}}"
2025-04-25 14:55:00+00:00,SIG.BEICHI.TREND.UP,95368.0,2.804412911670163,"{""seg_idx"": [36, 37, 38], ""score"": 2.804412911670163, ""evidences"": {""volume_price"": {""type"": ""volume_price"", ""price_new"": true, ""vol_weaker"": false, ""mom_weaker"": true}, ""momentum"": {""type"": ""momentum"", ""weaken_cnt"": 3, ""price_new"": true}, ""ratios"": {""volume_ratio"": 1.4594092563599312, ""atr_ratio"": 0.7130469475362929, ""speed_ratio"": 0.8092458384149191, ""strength_ratio"": 0.5438365521328982}, ""macd"": {""type"": ""macd"", ""peak1"": 118.80498265921086, ""peak2"": 74.24829544273459, ""mode"": ""up""}}, ""context"": {""boundary_proximity"": NaN, ""rejection_speed"": 0.19402151945027227, ""window_span_norm"": 0.72}}"
2025-05-02 15:00:00+00:00,SIG.BEICHI.TREND.UP,97748.0,2.920166036800708,"{""seg_idx"": [38, 39, 40], ""score"": 2.920166036800708, ""evidences"": {""volume_price"": {""type"": ""volume_price"", ""price_new"": true, ""vol_weaker"": true, ""mom_weaker"": true}, ""momentum"": {""type"": ""momentum"", ""weaken_cnt"": 3, ""price_new"": true}, ""ratios"": {""volume_ratio"": 0.3105940216126806, ""atr_ratio"": 0.6183106687045852, ""speed_ratio"": 0.5741488239233031, ""strength_ratio"": 0.3650860182106204}, ""macd"": {""type"": ""macd"", ""peak1"": 74.24829544273459, ""peak2"": 100.09308408884073, ""mode"": ""up""}}, ""context"": {""boundary_proximity"": NaN, ""rejection_speed"": 0.2002767280011798, ""window_span_norm"": 1.0}}"
2025-05-06 13:35:00+00:00,SIG.BEICHI.RANGE.DOWN,93832.02,1.4071591902145748,"{""zs_index"": 4, ""score"": 1.4071591902145748, ""evidences"": {""volume_price"": {""type"": ""volume_price"", ""price_new"": false, ""vol_weaker"": false, ""mom_weaker"": true}, ""momentum"": {""type"": ""momentum"", ""weaken_cnt"": 2, ""price_new"": false}, ""ratios"": {""volume_ratio"": 1.150267041222354, ""atr_ratio"": 1.0910193703000113, ""speed_ratio"": 1.3880090588051457, ""strength_ratio"": 0.44020759410135807}, ""macd"": {""type"": ""macd"", ""peak1"": -20.04531485966905, ""peak2"": -7.195949424558769, ""mode"": ""down""}}, ""context"": {""boundary_proximity"": 0.42237926005273363, ""rejection_speed"": 0.8528860569715576, ""window_span_norm"": 0.105}}"
2025-05-06 22:40:00+00:00,SIG.BEICHI.RANGE.DOWN,96037.81,3.551160708893272,"{""zs_index"": 5, ""score"": 3.551160708893272, ""evidences"": {""volume_price"": {""type"": ""volume_price"", ""price_new"": true, ""vol_weaker"": false, ""mom_weaker"": true}, ""momentum"": {""type"": ""momentum"", ""weaken_cnt"": 2, ""price_new"": true}, ""ratios"": {""volume_ratio"": 2.2409288908455225, ""atr_ratio"": 1.0418956087390079, ""speed_ratio"": 1.2450667481335624, ""strength_ratio"": 0.02526351250751344}, ""macd"": {""type"": ""macd"", ""peak1"": -43.40890635199293, ""peak2"": -77.56191055525186, ""mode"": ""down""}}, ""context"": {""boundary_proximity"": 0.2519345148221198, ""rejection_speed"": 1.5543775355977663, ""window_span_norm"": 1.0}}"
2025-05-08 21:25:00+00:00,SIG.BEICHI.RANGE.UP,103300.64,3.0648794955224834,"{""zs_index"": 5, ""score"": 3.0648794955224834, ""evidences"": {""volume_price"": {""type"": ""volume_price"", ""price_new"": true, ""vol_weaker"": false, ""mom_weaker"": true}, ""momentum"": {""type"": ""momentum"", ""weaken_cnt"": 1, ""price_new"": true}, ""ratios"": {""volume_ratio"": 1.2954846580320465, ""atr_ratio"": 0.9055024877190608, ""speed_ratio"": 1.5266156889575022, ""strength_ratio"": 2.410285934713869}, ""macd"": {""type"": ""macd"", ""peak1"": -9.496098162179578, ""peak2"": 184.5661581642787, ""mode"": ""up""}}, ""context"": {""boundary_proximity"": 1.0, ""rejection_speed"": 0.7747991592041386, ""window_span_norm"": 1.0}}"
2025-05-12 07:10:00+00:00,SIG.BEICHI.TREND.UP,105600.0,2.896846232575586,"{""seg_idx"": [41, 42, 43], ""score"": 2.896846232575586, ""evidences"": {""volume_price"": {""type"": ""volume_price"", ""price_new"": true, ""vol_weaker"": false, ""mom_weaker"": true}, ""momentum"": {""type"": ""momentum"", ""weaken_cnt"": 4, ""price_new"": true}, ""ratios"": {""volume_ratio"": 1.0807791591036526, ""atr_ratio"": 0.908556942336882, ""speed_ratio"": 0.9371314730152949, ""strength_ratio"": 0.7649985187135688}, ""macd"": {""type"": ""macd"", ""peak1"": 122.45020673621627, ""peak2"": 162.84702938606986, ""mode"": ""up""}}, ""context"": {""boundary_proximity"": NaN, ""rejection_speed"": 0.16141038762597693, ""window_span_norm"": 1.0}}"
2025-05-12 14:15:00+00:00,SIG.BEICHI.RANGE.UP,104059.99,3.026041147452032,"{""zs_index"": 6, ""score"": 3.026041147452032, ""evidences"": {""volume_price"": {""type"": ""volume_price"", ""price_new"": true, ""vol_weaker"": false, ""mom_weaker"": true}, ""momentum"": {""type"": ""momentum"", ""weaken_cnt"": 2, ""price_new"": true}, ""ratios"": {""volume_ratio"": 1.3738421070275362, ""atr_ratio"": 1.3476883302838745, ""speed_ratio"": 1.1632179807349812, ""strength_ratio"": 0.01669246861663606}, ""macd"": {""type"": ""macd"", ""peak1"": 47.77187677756636, ""peak2"": 35.27634392820413, ""mode"": ""up""}}, ""context"": {""boundary_proximity"": 0.5870795024330173, ""rejection_speed"": 0.41298907665370327, ""window_span_norm"": 0.065}}"
2025-05-12 20:55:00+00:00,SIG.BEICHI.TREND.UP,102678.51,1.5421615139981895,"{""seg_idx"": [43, 44, 45], ""score"": 1.5421615139981895, ""evidences"": {""volume_price"": {""type"": ""volume_price"", ""price_new"": false, ""vol_weaker"": false, ""mom_weaker"": false}, ""momentum"": {""type"": ""momentum"", ""weaken_cnt"": 0, ""price_new"": false}, ""ratios"": {""volume_ratio"": 1.347724664201331, ""atr_ratio"": 2.1800966444459506, ""speed_ratio"": 1.5846314440515097, ""strength_ratio"": 2.4874210815850453}, ""macd"": {""type"": ""macd"", ""peak1"": 162.84702938606986, ""peak2"": 120.73703798873005, ""mode"": ""up""}}, ""context"": {""boundary_proximity"": NaN, ""rejection_speed"": 0.9036025233303161, ""window_span_norm"": 1.0}}"
2025-05-19 06:35:00+00:00,SIG.BEICHI.TREND.DOWN,102403.19,2.5529716003619085,"{""seg_idx"": [47, 48, 49], ""score"": 2.5529716003619085, ""evidences"": {""volume_price"": {""type"": ""volume_price"", ""price_new"": true, ""vol_weaker"": false, ""mom_weaker"": true}, ""momentum"": {""type"": ""momentum"", ""weaken_cnt"": 1, ""price_new"": true}, ""ratios"": {""volume_ratio"": 1.073767193298742, ""atr_ratio"": 1.1087826714301197, ""speed_ratio"": 1.0056936160272665, ""strength_ratio"": 0.9521558399596085}, ""macd"": {""type"": ""macd"", ""peak1"": -179.19257480619606, ""peak2"": -187.62853496286706, ""mode"": ""down""}}, ""context"": {""boundary_proximity"": NaN, ""rejection_speed"": 0.9216193339365142, ""window_span_norm"": 1.0}}"
2025-05-19 14:45:00+00:00,SIG.BEICHI.RANGE.DOWN,103963.88,2.998170911553027,"{""zs_index"": 8, ""score"": 2.998170911553027, ""evidences"": {""volume_price"": {""type"": ""volume_price"", ""price_new"": true, ""vol_weaker"": true, ""mom_weaker"": true}, ""momentum"": {""type"": ""momentum"", ""weaken_cnt"": 1, ""price_new"": true}, ""ratios"": {""volume_ratio"": 0.8264718349827375, ""atr_ratio"": 0.7728370827114146, ""speed_ratio"": 1.0465091808647606, ""strength_ratio"": 1.7897311554624107}, ""macd"": {""type"": ""macd"", ""peak1"": -62.797456131472586, ""peak2"": -71.78935559354824, ""mode"": ""down""}}, ""context"": {""boundary_proximity"": 0.9988092041658992, ""rejection_speed"": 0.8248089817558123, ""window_span_norm"": 0.76}}"
2025-05-20 01:55:00+00:00,SIG.BEICHI.TREND.UP,106450.0,1.4693143284096837,"{""seg_idx"": [48, 49, 50], ""score"": 1.4693143284096837, ""evidences"": {""volume_price"": {""type"": ""volume_price"", ""price_new"": false, ""vol_weaker"": true, ""mom_weaker"": true}, ""momentum"": {""type"": ""momentum"", ""weaken_cnt"": 3, ""price_new"": false}, ""ratios"": {""volume_ratio"": 0.42687972880658254, ""atr_ratio"": 0.6163961208104258, ""speed_ratio"": 0.6119803898579601, ""strength_ratio"": 0.2624039191037537}, ""macd"": {""type"": ""macd"", ""peak1"": 153.18606739458573, ""peak2"": 120.05999390128193, ""mode"": ""up""}}, ""context"": {""boundary_proximity"": NaN, ""rejection_speed"": 0.782190547349473, ""window_span_norm"": 1.0}}"
2025-05-20 01:55:00+00:00,SIG.BEICHI.RANGE.UP,106450.0,1.6899252417376274,"{""zs_index"": 8, ""score"": 1.6899252417376274, ""evidences"": {""volume_price"": {""type"": ""volume_price"", ""price_new"": false, ""vol_weaker"": true, ""mom_weaker"": true}, ""momentum"": {""type"": ""momentum"", ""weaken_cnt"": 2, ""price_new"": false}, ""ratios"": {""volume_ratio"": 0.4239902268447648, ""atr_ratio"": 0.8994324126245328, ""speed_ratio"": 0.9510725616322793, ""strength_ratio"": 3.855751194841345}, ""macd"": {""type"": ""macd"", ""peak1"": 79.22779085943648, ""peak2"": 48.13974266841696, ""mode"": ""up""}}, ""context"": {""boundary_proximity"": 1.0, ""rejection_speed"": 0.7365420695627123, ""window_span_norm"": 0.12}}"
2025-05-22 03:55:00+00:00,SIG.BEICHI.TREND.UP,111780.84,2.874538336771484,"{""seg_idx"": [51, 52, 53], ""score"": 2.874538336771484, ""evidences"": {""volume_price"": {""type"": ""volume_price"", ""price_new"": true, ""vol_weaker"": true, ""mom_weaker"": true}, ""momentum"": {""type"": ""momentum"", ""weaken_cnt"": 4, ""price_new"": true}, ""ratios"": {""volume_ratio"": 0.6040815451875649, ""atr_ratio"": 0.9277123516389164, ""speed_ratio"": 0.8383547814821765, ""strength_ratio"": 0.9789472144396972}, ""macd"": {""type"": ""macd"", ""peak1"": 177.62050087404538, ""peak2"": 102.06380183170091, ""mode"": ""up""}}, ""context"": {""boundary_proximity"": NaN, ""rejection_speed"": 0.23089722795247278, ""window_span_norm"": 0.8400000000000001}}"
2025-05-23 14:05:00+00:00,SIG.BEICHI.TREND.UP,109709.14,0.9763776190849789,"{""seg_idx"": [52, 53, 54], ""score"": 0.9763776190849789, ""evidences"": {""volume_price"": {""type"": ""volume_price"", ""price_new"": true, ""vol_weaker"": false, ""mom_weaker"": false}, ""momentum"": {""type"": ""momentum"", ""weaken_cnt"": 1, ""price_new"": true}, ""ratios"": {""volume_ratio"": 1.4961289589441293, ""atr_ratio"": 1.3697684309345897, ""speed_ratio"": 1.6675482853250585, ""strength_ratio"": 1.3858142496963244}, ""macd"": {""type"": ""macd"", ""peak1"": 223.14736020737456, ""peak2"": 217.7226789841007, ""mode"": ""up""}}, ""context"": {""boundary_proximity"": NaN, ""rejection_speed"": 0.19396269847496492, ""window_span_norm"": 0.65}}"
2025-05-26 01:00:00+00:00,SIG.BEICHI.TREND.UP,109557.01,1.42,"{""seg_idx"": [54, 55, 56], ""score"": 1.42, ""evidences"": {""volume_price"": {""type"": ""volume_price"", ""price_new"": false, ""vol_weaker"": true, ""mom_weaker"": true}, ""momentum"": {""type"": ""momentum"", ""weaken_cnt"": 3, ""price_new"": false}, ""ratios"": {""volume_ratio"": 0.3621976893108974, ""atr_ratio"": 0.63031037105898, ""speed_ratio"": 0.45345553104991354, ""strength_ratio"": 0.9256017568420001}, ""macd"": {""type"": ""macd"", ""peak1"": 217.7226789841007, ""peak2"": 106.77420673371219, ""mode"": ""up""}}, ""context"": {""boundary_proximity"": NaN, ""rejection_speed"": 1.5303712097672937, ""window_span_norm"": 0.55}}"
2025-05-27 01:20:00+00:00,SIG.BEICHI.TREND.DOWN,108035.41,1.6,"{""seg_idx"": [55, 56, 57], ""score"": 1.6, ""evidences"": {""volume_price"": {""type"": ""volume_price"", ""price_new"": false, ""vol_weaker"": true, ""mom_weaker"": true}, ""momentum"": {""type"": ""momentum"", ""weaken_cnt"": 4, ""price_new"": false}, ""ratios"": {""volume_ratio"": 0.7142595406646913, ""atr_ratio"": 0.7829022152545246, ""speed_ratio"": 0.7921980220624166, ""strength_ratio"": 0.8979379280530622}, ""macd"": {""type"": ""macd"", ""peak1"": -136.4479300293758, ""peak2"": -135.1498764096155, ""mode"": ""down""}}, ""context"": {""boundary_proximity"": NaN, ""rejection_speed"": 3.2950447213725194, ""window_span_norm"": 1.0}}"
2025-05-27 13:20:00+00:00,SIG.BEICHI.TREND.UP,110395.48,2.8612074451973126,"{""seg_idx"": [56, 57, 58], ""score"": 2.8612074451973126, ""evidences"": {""volume_price"": {""type"": ""volume_price"", ""price_new"": true, ""vol_weaker"": true, ""mom_weaker"": true}, ""momentum"": {""type"": ""momentum"", ""weaken_cnt"": 4, ""price_new"": true}, ""ratios"": {""volume_ratio"": 0.7367909496979897, ""atr_ratio"": 0.6103018282952594, ""speed_ratio"": 0.7184560924924063, ""strength_ratio"": 0.45398735918266586}, ""macd"": {""type"": ""macd"", ""peak1"": 106.77420673371219, ""peak2"": 101.80882568694952, ""mode"": ""up""}}, ""context"": {""boundary_proximity"": NaN, ""rejection_speed"": 0.1020124086621882, ""window_span_norm"": 1.0}}"
2025-05-27 20:55:00+00:00,SIG.BEICHI.RANGE.UP,109551.69,1.4350546324617504,"{""zs_index"": 9, ""score"": 1.4350546324617504, ""evidences"": {""volume_price"": {""type"": ""volume_price"", ""price_new"": false, ""vol_weaker"": true, ""mom_weaker"": true}, ""momentum"": {""type"": ""momentum"", ""weaken_cnt"": 4, ""price_new"": false}, ""ratios"": {""volume_ratio"": 0.34093670437090223, ""atr_ratio"": 0.680457963503361, ""speed_ratio"": 0.4712439521711989, ""strength_ratio"": 0.5157520589404411}, ""macd"": {""type"": ""macd"", ""peak1"": 101.80882568694952, ""peak2"": 89.66052922756683, ""mode"": ""up""}}, ""context"": {""boundary_proximity"": 0.0884243874362507, ""rejection_speed"": 1.4500580107583236, ""window_span_norm"": 0.455}}"
2025-05-29 14:35:00+00:00,SIG.BEICHI.RANGE.DOWN,107148.98,3.57570541823499,"{""zs_index"": 9, ""score"": 3.57570541823499, ""evidences"": {""volume_price"": {""type"": ""volume_price"", ""price_new"": true, ""vol_weaker"": true, ""mom_weaker"": true}, ""momentum"": {""type"": ""momentum"", ""weaken_cnt"": 2, ""price_new"": true}, ""ratios"": {""volume_ratio"": 0.6660682310426077, ""atr_ratio"": 0.7792364319126592, ""speed_ratio"": 0.84499989841006, ""strength_ratio"": 6.932794331546906}, ""macd"": {""type"": ""macd"", ""peak1"": -135.1498764096155, ""peak2"": -112.092843798893, ""mode"": ""down""}}, ""context"": {""boundary_proximity"": 1.0, ""rejection_speed"": 0.29284236372498296, ""window_span_norm"": 1.0}}"
2025-05-29 14:35:00+00:00,SIG.BEICHI.TREND.DOWN,107148.98,2.97570541823499,"{""seg_idx"": [57, 58, 59], ""score"": 2.97570541823499, ""evidences"": {""volume_price"": {""type"": ""volume_price"", ""price_new"": true, ""vol_weaker"": false, ""mom_weaker"": true}, ""momentum"": {""type"": ""momentum"", ""weaken_cnt"": 3, ""price_new"": true}, ""ratios"": {""volume_ratio"": 1.0009287246736545, ""atr_ratio"": 0.8595754595543672, ""speed_ratio"": 0.9052636711346714, ""strength_ratio"": 0.3425312810404622}, ""macd"": {""type"": ""macd"", ""peak1"": -135.1498764096155, ""peak2"": -112.092843798893, ""mode"": ""down""}}, ""context"": {""boundary_proximity"": NaN, ""rejection_speed"": 0.29284236372498296, ""window_span_norm"": 1.0}}"
2025-06-04 14:05:00+00:00,SIG.BEICHI.TREND.DOWN,104346.78,3.4,"{""seg_idx"": [60, 61, 62], ""score"": 3.4, ""evidences"": {""volume_price"": {""type"": ""volume_price"", ""price_new"": true, ""vol_weaker"": true, ""mom_weaker"": true}, ""momentum"": {""type"": ""momentum"", ""weaken_cnt"": 4, ""price_new"": true}, ""ratios"": {""volume_ratio"": 0.6263562438096588, ""atr_ratio"": 0.5051143614483382, ""speed_ratio"": 0.5694325781087155, ""strength_ratio"": 0.7383885052644655}, ""macd"": {""type"": ""macd"", ""peak1"": -80.65347918341928, ""peak2"": -74.6976221666394, ""mode"": ""down""}}, ""context"": {""boundary_proximity"": NaN, ""rejection_speed"": 2.287714123473925, ""window_span_norm"": 1.0}}"
2025-06-15 21:55:00+00:00,SIG.BEICHI.RANGE.DOWN,104807.75,0.9366615403424048,"{""zs_index"": 10, ""score"": 0.9366615403424048, ""evidences"": {""volume_price"": {""type"": ""volume_price"", ""price_new"": false, ""vol_weaker"": true, ""mom_weaker"": true}, ""momentum"": {""type"": ""momentum"", ""weaken_cnt"": 2, ""price_new"": false}, ""ratios"": {""volume_ratio"": 0.45260859899834355, ""atr_ratio"": 0.6773760615553218, ""speed_ratio"": 0.7257866082160537, ""strength_ratio"": 45.48267205825617}, ""macd"": {""type"": ""macd"", ""peak1"": -50.49589594157936, ""peak2"": 9.00299452114092, ""mode"": ""down""}}, ""context"": {""boundary_proximity"": 0.013473406622699358, ""rejection_speed"": 0.49429582728130866, ""window_span_norm"": 0.08}}"
2025-06-16 04:50:00+00:00,SIG.BEICHI.RANGE.DOWN,106254.67,3.2261237047341647,"{""zs_index"": 11, ""score"": 3.2261237047341647, ""evidences"": {""volume_price"": {""type"": ""volume_price"", ""price_new"": true, ""vol_weaker"": true, ""mom_weaker"": true}, ""momentum"": {""type"": ""momentum"", ""weaken_cnt"": 4, ""price_new"": true}, ""ratios"": {""volume_ratio"": 0.21373363489584093, ""atr_ratio"": 0.3576719697912133, ""speed_ratio"": 0.613554626337507, ""strength_ratio"": 0.005755839459752696}, ""macd"": {""type"": ""macd"", ""peak1"": -103.74133619669516, ""peak2"": -230.63887785640947, ""mode"": ""down""}}, ""context"": {""boundary_proximity"": 0.34862706978170344, ""rejection_speed"": 0.3615791047752384, ""window_span_norm"": 1.0}}"
2025-06-16 19:25:00+00:00,SIG.BEICHI.TREND.UP,108765.1,1.6,"{""seg_idx"": [64, 65, 66], ""score"": 1.6, ""evidences"": {""volume_price"": {""type"": ""volume_price"", ""price_new"": false, ""vol_weaker"": false, ""mom_weaker"": true}, ""momentum"": {""type"": ""momentum"", ""weaken_cnt"": 1, ""price_new"": false}, ""ratios"": {""volume_ratio"": 1.0375526994716815, ""atr_ratio"": 1.3201027180058031, ""speed_ratio"": 1.191793968469092, ""strength_ratio"": 0.7342651921402735}, ""macd"": {""type"": ""macd"", ""peak1"": 149.34422632653016, ""peak2"": 144.2361631818207, ""mode"": ""up""}}, ""context"": {""boundary_proximity"": NaN, ""rejection_speed"": 1.1761768377763577, ""window_span_norm"": 1.0}}"
2025-06-16 23:25:00+00:00,SIG.BEICHI.RANGE.UP,107575.68,0.8891206888670317,"{""zs_index"": 11, ""score"": 0.8891206888670317, ""evidences"": {""volume_price"": {""type"": ""volume_price"", ""price_new"": false, ""vol_weaker"": false, ""mom_weaker"": false}, ""momentum"": {""type"": ""momentum"", ""weaken_cnt"": 1, ""price_new"": false}, ""ratios"": {""volume_ratio"": 1.330638330281073, ""atr_ratio"": 2.029672394002351, ""speed_ratio"": 1.4341385536511537, ""strength_ratio"": 4.669576585431356}, ""macd"": {""type"": ""macd"", ""peak1"": 59.61205704865159, ""peak2"": -48.061263260093, ""mode"": ""up""}}, ""context"": {""boundary_proximity"": 0.08521656957708079, ""rejection_speed"": 0.1099845785346385, ""window_span_norm"": 0.43}}"
2025-06-17 00:15:00+00:00,SIG.BEICHI.TREND.DOWN,106614.67,1.6,"{""seg_idx"": [65, 66, 67], ""score"": 1.6, ""evidences"": {""volume_price"": {""type"": ""volume_price"", ""price_new"": false, ""vol_weaker"": false, ""mom_weaker"": false}, ""momentum"": {""type"": ""momentum"", ""weaken_cnt"": 1, ""price_new"": false}, ""ratios"": {""volume_ratio"": 1.7283435004036682, ""atr_ratio"": 1.6550444173942507, ""speed_ratio"": 1.9592545312449827, ""strength_ratio"": 3.8401633175342975}, ""macd"": {""type"": ""macd"", ""peak1"": -230.63887785640947, ""peak2"": -139.1909951067949, ""mode"": ""down""}}, ""context"": {""boundary_proximity"": NaN, ""rejection_speed"": 1.416627318718377, ""window_span_norm"": 1.0}}"
2025-06-17 03:10:00+00:00,SIG.BEICHI.TREND.UP,107574.78,1.4456130841792882,"{""seg_idx"": [66, 67, 68], ""score"": 1.4456130841792882, ""evidences"": {""volume_price"": {""type"": ""volume_price"", ""price_new"": false, ""vol_weaker"": false, ""mom_weaker"": false}, ""momentum"": {""type"": ""momentum"", ""weaken_cnt"": 1, ""price_new"": false}, ""ratios"": {""volume_ratio"": 1.2492443771990842, ""atr_ratio"": 1.9005937125808505, ""speed_ratio"": 1.6806801037550674, ""strength_ratio"": 3.0171167873708638}, ""macd"": {""type"": ""macd"", ""peak1"": 144.2361631818207, ""peak2"": 116.46684844407213, ""mode"": ""up""}}, ""context"": {""boundary_proximity"": NaN, ""rejection_speed"": 0.7426884736321474, ""window_span_norm"": 1.0}}"
2025-06-17 17:05:00+00:00,SIG.BEICHI.TREND.DOWN,103670.69,2.723207368098796,"{""seg_idx"": [67, 68, 69], ""score"": 2.723207368098796, ""evidences"": {""volume_price"": {""type"": ""volume_price"", ""price_new"": true, ""vol_weaker"": false, ""mom_weaker"": true}, ""momentum"": {""type"": ""momentum"", ""weaken_cnt"": 4, ""price_new"": true}, ""ratios"": {""volume_ratio"": 1.3534352365644802, ""atr_ratio"": 0.9679762277854059, ""speed_ratio"": 0.7574489795564253, ""strength_ratio"": 0.8283208123715593}, ""macd"": {""type"": ""macd"", ""peak1"": -139.1909951067949, ""peak2"": -77.77699474274985, ""mode"": ""down""}}, ""context"": {""boundary_proximity"": NaN, ""rejection_speed"": 0.17867894683132626, ""window_span_norm"": 0.54}}"
2025-06-20 14:35:00+00:00,SIG.BEICHI.RANGE.UP,105439.82,3.5036298336288563,"{""zs_index"": 12, ""score"": 3.5036298336288563, ""evidences"": {""volume_price"": {""type"": ""volume_price"", ""price_new"": true, ""vol_weaker"": false, ""mom_weaker"": true}, ""momentum"": {""type"": ""momentum"", ""weaken_cnt"": 2, ""price_new"": true}, ""ratios"": {""volume_ratio"": 1.6008963552455129, ""atr_ratio"": 0.8539135919803811, ""speed_ratio"": 1.9435518081705145, ""strength_ratio"": 0.08028862604278687}, ""macd"": {""type"": ""macd"", ""peak1"": 47.559319674641976, ""peak2"": 111.85005918116042, ""mode"": ""up""}}, ""context"": {""boundary_proximity"": 1.0, ""rejection_speed"": 0.5260497227147598, ""window_span_norm"": 0.47}}"
2025-06-20 17:35:00+00:00,SIG.BEICHI.RANGE.DOWN,102529.57,2.838,"{""zs_index"": 12, ""score"": 2.838, ""evidences"": {""volume_price"": {""type"": ""volume_price"", ""price_new"": true, ""vol_weaker"": false, ""mom_weaker"": true}, ""momentum"": {""type"": ""momentum"", ""weaken_cnt"": 1, ""price_new"": true}, ""ratios"": {""volume_ratio"": 1.246687968287524, ""atr_ratio"": 0.8366830086019702, ""speed_ratio"": 1.5668109958715304, ""strength_ratio"": 1.4407764041602287}, ""macd"": {""type"": ""macd"", ""peak1"": -47.886082181460665, ""peak2"": -87.74941879773644, ""mode"": ""down""}}, ""context"": {""boundary_proximity"": 1.0, ""rejection_speed"": 1.6168388628633745, ""window_span_norm"": 0.095}}"
2025-06-20 17:35:00+00:00,SIG.BEICHI.TREND.DOWN,102529.57,2.484,"{""seg_idx"": [69, 70, 71], ""score"": 2.484, ""evidences"": {""volume_price"": {""type"": ""volume_price"", ""price_new"": true, ""vol_weaker"": true, ""mom_weaker"": false}, ""momentum"": {""type"": ""momentum"", ""weaken_cnt"": 0, ""price_new"": true}, ""ratios"": {""volume_ratio"": 0.9168702107207952, ""atr_ratio"": 1.0885752195027405, ""speed_ratio"": 1.2375519542062727, ""strength_ratio"": 1.0889162814764926}, ""macd"": {""type"": ""macd"", ""peak1"": -77.77699474274985, ""peak2"": -162.75469126976583, ""mode"": ""down""}}, ""context"": {""boundary_proximity"": NaN, ""rejection_speed"": 1.6688373254909505, ""window_span_norm"": 0.71}}"
2025-06-23 17:25:00+00:00,SIG.BEICHI.RANGE.DOWN,102080.74,1.998441139353912,"{""zs_index"": 13, ""score"": 1.998441139353912, ""evidences"": {""volume_price"": {""type"": ""volume_price"", ""price_new"": false, ""vol_weaker"": false, ""mom_weaker"": false}, ""momentum"": {""type"": ""momentum"", ""weaken_cnt"": 0, ""price_new"": false}, ""ratios"": {""volume_ratio"": 1.3750673648272937, ""atr_ratio"": 1.5260301732818369, ""speed_ratio"": 1.5603821760555463, ""strength_ratio"": 40.223935068880984}, ""macd"": {""type"": ""macd"", ""peak1"": -250.47933180910866, ""peak2"": -166.01405510001808, ""mode"": ""down""}}, ""context"": {""boundary_proximity"": 0.6640685655898539, ""rejection_speed"": 1.366573804398315, ""window_span_norm"": 1.0}}"
2025-06-30 16:10:00+00:00,SIG.BEICHI.TREND.UP,107756.25,3.4,"{""seg_idx"": [74, 75, 76], ""score"": 3.4, ""evidences"": {""volume_price"": {""type"": ""volume_price"", ""price_new"": true, ""vol_weaker"": true, ""mom_weaker"": true}, ""momentum"": {""type"": ""momentum"", ""weaken_cnt"": 4, ""price_new"": true}, ""ratios"": {""volume_ratio"": 0.5267225360667429, ""atr_ratio"": 0.564332613556087, ""speed_ratio"": 0.6090664680654031, ""strength_ratio"": 0.13003639540165207}, ""macd"": {""type"": ""macd"", ""peak1"": 127.5427441935898, ""peak2"": 93.59215308583138, ""mode"": ""up""}}, ""context"": {""boundary_proximity"": NaN, ""rejection_speed"": 1.3070255998163622, ""window_span_norm"": 1.0}}"
2025-07-21 19:00:00+00:00,SIG.BEICHI.TREND.DOWN,117262.84,1.1768033115235625,"{""seg_idx"": [84, 85, 86], ""score"": 1.1768033115235625, ""evidences"": {""volume_price"": {""type"": ""volume_price"", ""price_new"": false, ""vol_weaker"": false, ""mom_weaker"": false}, ""momentum"": {""type"": ""momentum"", ""weaken_cnt"": 1, ""price_new"": false}, ""ratios"": {""volume_ratio"": 1.6987911291830602, ""atr_ratio"": 1.7630058767940235, ""speed_ratio"": 1.7921961468227119, ""strength_ratio"": 5.94935945348405}, ""macd"": {""type"": ""macd"", ""peak1"": -133.4014286894302, ""peak2"": -117.98849916710067, ""mode"": ""down""}}, ""context"": {""boundary_proximity"": NaN, ""rejection_speed"": 0.29467218587260446, ""window_span_norm"": 1.0}}"
2025-07-25 07:50:00+00:00,SIG.BEICHI.TREND.DOWN,114765.99,2.6,"{""seg_idx"": [86, 87, 88], ""score"": 2.6, ""evidences"": {""volume_price"": {""type"": ""volume_price"", ""price_new"": true, ""vol_weaker"": false, ""mom_weaker"": true}, ""momentum"": {""type"": ""momentum"", ""weaken_cnt"": 1, ""price_new"": true}, ""ratios"": {""volume_ratio"": 3.1082509878453983, ""atr_ratio"": 1.1053247233396244, ""speed_ratio"": 1.1557867908905022, ""strength_ratio"": 0.7964986422190284}, ""macd"": {""type"": ""macd"", ""peak1"": -117.98849916710067, ""peak2"": -85.84517894844646, ""mode"": ""down""}}, ""context"": {""boundary_proximity"": NaN, ""rejection_speed"": 1.6344785880036268, ""window_span_norm"": 1.0}}"
2025-08-02 19:10:00+00:00,SIG.BEICHI.TREND.DOWN,112046.9,3.272224729176205,"{""seg_idx"": [88, 89, 90], ""score"": 3.272224729176205, ""evidences"": {""volume_price"": {""type"": ""volume_price"", ""price_new"": true, ""vol_weaker"": true, ""mom_weaker"": true}, ""momentum"": {""type"": ""momentum"", ""weaken_cnt"": 3, ""price_new"": true}, ""ratios"": {""volume_ratio"": 0.21921597151453925, ""atr_ratio"": 0.6533109580038352, ""speed_ratio"": 0.5362048268743954, ""strength_ratio"": 0.5269806621213765}, ""macd"": {""type"": ""macd"", ""peak1"": -85.84517894844646, ""peak2"": -105.75027660649245, ""mode"": ""down""}}, ""context"": {""boundary_proximity"": NaN, ""rejection_speed"": 0.7870412152936757, ""window_span_norm"": 1.0}}"
2025-08-19 01:45:00+00:00,SIG.BEICHI.RANGE.UP,115909.88,1.5156957302132739,"{""zs_index"": 14, ""score"": 1.5156957302132739, ""evidences"": {""volume_price"": {""type"": ""volume_price"", ""price_new"": false, ""vol_weaker"": true, ""mom_weaker"": false}, ""momentum"": {""type"": ""momentum"", ""weaken_cnt"": 0, ""price_new"": false}, ""ratios"": {""volume_ratio"": 0.6217504774950562, ""atr_ratio"": 1.0863059835588098, ""speed_ratio"": 1.0858639360221756, ""strength_ratio"": 56.69388124595461}, ""macd"": {""type"": ""macd"", ""peak1"": 210.7830407601063, ""peak2"": 76.31089543709194, ""mode"": ""up""}}, ""context"": {""boundary_proximity"": 0.38999843825424163, ""rejection_speed"": 0.4694944454345483, ""window_span_norm"": 1.0}}"
2025-08-22 14:30:00+00:00,SIG.BEICHI.RANGE.DOWN,115450.96,3.4382283412399985,"{""zs_index"": 14, ""score"": 3.4382283412399985, ""evidences"": {""volume_price"": {""type"": ""volume_price"", ""price_new"": true, ""vol_weaker"": false, ""mom_weaker"": true}, ""momentum"": {""type"": ""momentum"", ""weaken_cnt"": 3, ""price_new"": true}, ""ratios"": {""volume_ratio"": 1.1922168692270658, ""atr_ratio"": 0.9692089258543924, ""speed_ratio"": 1.1847362206619683, ""strength_ratio"": 0.03641887822031265}, ""macd"": {""type"": ""macd"", ""peak1"": -75.84507206625639, ""peak2"": -127.73124710966954, ""mode"": ""down""}}, ""context"": {""boundary_proximity"": 0.3157798525457465, ""rejection_speed"": 0.7479340495209179, ""window_span_norm"": 1.0}}"
2025-08-27 14:35:00+00:00,SIG.BEICHI.TREND.UP,112372.88,1.3224974116664616,"{""seg_idx"": [95, 96, 97], ""score"": 1.3224974116664616, ""evidences"": {""volume_price"": {""type"": ""volume_price"", ""price_new"": false, ""vol_weaker"": true, ""mom_weaker"": true}, ""momentum"": {""type"": ""momentum"", ""weaken_cnt"": 4, ""price_new"": false}, ""ratios"": {""volume_ratio"": 0.13838481029763616, ""atr_ratio"": 0.3012246173414338, ""speed_ratio"": 0.30025872075238963, ""strength_ratio"": 0.10093922161809732}, ""macd"": {""type"": ""macd"", ""peak1"": 337.0887384954815, ""peak2"": 119.91504799054795, ""mode"": ""up""}}, ""context"": {""boundary_proximity"": NaN, ""rejection_speed"": 0.5374956861107697, ""window_span_norm"": 1.0}}"
2025-08-29 07:55:00+00:00,SIG.BEICHI.TREND.DOWN,110019.38,1.1899821497253111,"{""seg_idx"": [96, 97, 98], ""score"": 1.1899821497253111, ""evidences"": {""volume_price"": {""type"": ""volume_price"", ""price_new"": false, ""vol_weaker"": true, ""mom_weaker"": true}, ""momentum"": {""type"": ""momentum"", ""weaken_cnt"": 3, ""price_new"": false}, ""ratios"": {""volume_ratio"": 0.4649717991804518, ""atr_ratio"": 0.46747849113974266, ""speed_ratio"": 0.4182917569290584, ""strength_ratio"": 1.600811875575812}, ""macd"": {""type"": ""macd"", ""peak1"": -158.7853352807, ""peak2"": -94.42446923165846, ""mode"": ""down""}}, ""context"": {""boundary_proximity"": NaN, ""rejection_speed"": 0.3166369162088519, ""window_span_norm"": 1.0}}"
2025-09-02 13:35:00+00:00,SIG.BEICHI.RANGE.DOWN,110053.01,1.7853436045081903,"{""zs_index"": 15, ""score"": 1.7853436045081903, ""evidences"": {""volume_price"": {""type"": ""volume_price"", ""price_new"": false, ""vol_weaker"": false, ""mom_weaker"": false}, ""momentum"": {""type"": ""momentum"", ""weaken_cnt"": 1, ""price_new"": false}, ""ratios"": {""volume_ratio"": 2.44385139077537, ""atr_ratio"": 1.4487645746988849, ""speed_ratio"": 1.773960205289409, ""strength_ratio"": 11.379929988739839}, ""macd"": {""type"": ""macd"", ""peak1"": -199.23541073711627, ""peak2"": -101.15019305609843, ""mode"": ""down""}}, ""context"": {""boundary_proximity"": 0.3089060075136508, ""rejection_speed"": 1.9824203538181757, ""window_span_norm"": 1.0}}"
2025-10-03 18:05:00+00:00,SIG.BEICHI.TREND.DOWN,121881.21,1.2181570327735314,"{""seg_idx"": [103, 104, 105], ""score"": 1.2181570327735314, ""evidences"": {""volume_price"": {""type"": ""volume_price"", ""price_new"": false, ""vol_weaker"": false, ""mom_weaker"": false}, ""momentum"": {""type"": ""momentum"", ""weaken_cnt"": 1, ""price_new"": false}, ""ratios"": {""volume_ratio"": 3.9735831740486414, ""atr_ratio"": 3.988748217136254, ""speed_ratio"": 4.660894901678898, ""strength_ratio"": 4.397664082024215}, ""macd"": {""type"": ""macd"", ""peak1"": -189.86452497377036, ""peak2"": -184.46060932761276, ""mode"": ""down""}}, ""context"": {""boundary_proximity"": NaN, ""rejection_speed"": 0.36359505462255237, ""window_span_norm"": 1.0}}"
2025-10-05 04:50:00+00:00,SIG.BEICHI.TREND.UP,125364.92,3.4,"{""seg_idx"": [104, 105, 106], ""score"": 3.4, ""evidences"": {""volume_price"": {""type"": ""volume_price"", ""price_new"": true, ""vol_weaker"": true, ""mom_weaker"": true}, ""momentum"": {""type"": ""momentum"", ""weaken_cnt"": 4, ""price_new"": true}, ""ratios"": {""volume_ratio"": 0.7581873152477406, ""atr_ratio"": 0.8523751616579986, ""speed_ratio"": 0.8998300788867588, ""strength_ratio"": 0.9771346415352129}, ""macd"": {""type"": ""macd"", ""peak1"": 168.69618697814292, ""peak2"": 168.50959671344722, ""mode"": ""up""}}, ""context"": {""boundary_proximity"": NaN, ""rejection_speed"": 3.9465024388049468, ""window_span_norm"": 1.0}}"
2025-10-07 18:05:00+00:00,SIG.BEICHI.TREND.DOWN,121093.21,2.90100018945456,"{""seg_idx"": [105, 106, 107], ""score"": 2.90100018945456, ""evidences"": {""volume_price"": {""type"": ""volume_price"", ""price_new"": true, ""vol_weaker"": true, ""mom_weaker"": true}, ""momentum"": {""type"": ""momentum"", ""weaken_cnt"": 3, ""price_new"": true}, ""ratios"": {""volume_ratio"": 0.29240770041925296, ""atr_ratio"": 0.3310180716881965, ""speed_ratio"": 0.27306352038859366, ""strength_ratio"": 0.17293938244273677}, ""macd"": {""type"": ""macd"", ""peak1"": -184.46060932761276, ""peak2"": -190.90988164274847, ""mode"": ""down""}}, ""context"": {""boundary_proximity"": NaN, ""rejection_speed"": 0.16833364909093337, ""window_span_norm"": 1.0}}"
2025-10-08 17:30:00+00:00,SIG.BEICHI.TREND.UP,123864.92,1.0340102052801332,"{""seg_idx"": [106, 107, 108], ""score"": 1.0340102052801332, ""evidences"": {""volume_price"": {""type"": ""volume_price"", ""price_new"": false, ""vol_weaker"": false, ""mom_weaker"": false}, ""momentum"": {""type"": ""momentum"", ""weaken_cnt"": 1, ""price_new"": false}, ""ratios"": {""volume_ratio"": 1.5944350191470769, ""atr_ratio"": 1.9490727647330344, ""speed_ratio"": 1.763804427548541, ""strength_ratio"": 1.430679686716761}, ""macd"": {""type"": ""macd"", ""peak1"": 168.50959671344722, ""peak2"": 130.83297758425772, ""mode"": ""up""}}, ""context"": {""boundary_proximity"": NaN, ""rejection_speed"": 0.05668367546688845, ""window_span_norm"": 1.0}}"
2025-10-11 01:25:00+00:00,SIG.BEICHI.TREND.DOWN,111260.89,1.5164408862620902,"{""seg_idx"": [109, 110, 111], ""score"": 1.5164408862620902, ""evidences"": {""volume_price"": {""type"": ""volume_price"", ""price_new"": false, ""vol_weaker"": false, ""mom_weaker"": false}, ""momentum"": {""type"": ""momentum"", ""weaken_cnt"": 1, ""price_new"": false}, ""ratios"": {""volume_ratio"": 2.2633511894543057, ""atr_ratio"": 2.593465061942716, ""speed_ratio"": 1.8559548484453328, ""strength_ratio"": 2.163841697400696}, ""macd"": {""type"": ""macd"", ""peak1"": -1020.6376666171262, ""peak2"": -163.67945383464894, ""mode"": ""down""}}, ""context"": {""boundary_proximity"": NaN, ""rejection_speed"": 0.8607348104368172, ""window_span_norm"": 1.0}}"
